typescript	Run npm ci --no-audit --no-fund && npm run typecheck && npm run test:nosim	﻿2026-10-06T12:34:13.2114949Z ##[group]Run npm ci --no-audit --no-fund && npm run typecheck && npm run test:nosim
typescript	Run npm ci --no-audit --no-fund && npm run typecheck && npm run test:nosim	2026-10-06T12:34:13.2115667Z ^[[36;1mnpm ci --no-audit --no-fund && npm run typecheck && npm run test:nosim^[[0m
typescript	Run npm ci --no-audit --no-fund && npm run typecheck && npm run test:nosim	2026-10-06T12:34:13.2423327Z shell: /usr/bin/bash -e {0}
typescript	Run npm ci --no-audit --no-fund && npm run typecheck && npm run test:nosim	2026-10-06T12:34:13.2424052Z ##[endgroup]
typescript	Run npm ci --no-audit --no-fund && npm run typecheck && npm run test:nosim	2026-10-06T12:34:15.0218441Z 
typescript	Run npm ci --no-audit --no-fund && npm run typecheck && npm run test:nosim	2026-10-06T12:34:15.0227649Z added 3 packages in 2s
typescript	Run npm ci --no-audit --no-fund && npm run typecheck && npm run test:nosim	2026-10-06T12:34:15.1595080Z 
typescript	Run npm ci --no-audit --no-fund && npm run typecheck && npm run test:nosim	2026-10-06T12:34:15.1595873Z > loka-kernel@0.0.0 typecheck
typescript	Run npm ci --no-audit --no-fund && npm run typecheck && npm run test:nosim	2026-10-06T12:34:15.1596547Z > tsc && tsc -p test && tsc -p play
typescript	Run npm ci --no-audit --no-fund && npm run typecheck && npm run test:nosim	2026-10-06T12:34:15.1596880Z 
typescript	Run npm ci --no-audit --no-fund && npm run typecheck && npm run test:nosim	2026-10-06T12:34:26.9595963Z 
typescript	Run npm ci --no-audit --no-fund && npm run typecheck && npm run test:nosim	2026-10-06T12:34:26.9596802Z > loka-kernel@0.0.0 test:nosim
typescript	Run npm ci --no-audit --no-fund && npm run typecheck && npm run test:nosim	2026-10-06T12:34:26.9598541Z > node --test --test-reporter=${TEST_REPORTER:-spec} $(find test -name '*.test.ts' ! -name sim.test.ts)
typescript	Run npm ci --no-audit --no-fund && npm run typecheck && npm run test:nosim	2026-10-06T12:34:26.9599373Z 
typescript	Run npm ci --no-audit --no-fund && npm run typecheck && npm run test:nosim	2026-10-06T12:34:27.7226318Z ✔ stat_compare holds at the start value and not one above (37.106911ms)
typescript	Run npm ci --no-audit --no-fund && npm run typecheck && npm run test:nosim	2026-10-06T12:34:27.7255228Z ✔ resource_compare reads the current value of the pool on the actor body (10.348723ms)
typescript	Run npm ci --no-audit --no-fund && npm run typecheck && npm run test:nosim	2026-10-06T12:34:27.7282498Z ✔ a recipe gated on mv at least 2 is offered and admitted at mv 2, refused at mv 1 (37.143971ms)
typescript	Run npm ci --no-audit --no-fund && npm run typecheck && npm run test:nosim	2026-10-06T12:34:27.8654661Z ✔ only legal transitions are admitted; an illegal one changes nothing (79.606734ms)
typescript	Run npm ci --no-audit --no-fund && npm run typecheck && npm run test:nosim	2026-10-06T12:34:27.8658152Z ✔ open proposes one barrier.transition and barrier_changed (9.795217ms)
typescript	Run npm ci --no-audit --no-fund && npm run typecheck && npm run test:nosim	2026-10-06T12:34:27.8660034Z ✔ lock and unlock need the key, held directly or in a carried bag (52.973199ms)
typescript	Run npm ci --no-audit --no-fund && npm run typecheck && npm run test:nosim	2026-10-06T12:34:27.8671066Z ✔ both faces of a door are one barrier (12.733601ms)
typescript	Run npm ci --no-audit --no-fund && npm run typecheck && npm run test:nosim	2026-10-06T12:34:27.8684653Z ✔ moves through closed and locked exits are refused, and the GameView says why (5.728901ms)
typescript	Run npm ci --no-audit --no-fund && npm run typecheck && npm run test:nosim	2026-10-06T12:34:27.8687543Z ✔ each exit lists only the door verbs step accepts there now (27.313218ms)
typescript	Run npm ci --no-audit --no-fund && npm run typecheck && npm run test:nosim	2026-10-06T12:34:27.8689234Z ✔ barrier_state reads the door's current state (6.501985ms)
typescript	Run npm ci --no-audit --no-fund && npm run typecheck && npm run test:nosim	2026-10-06T12:34:27.8693575Z ✔ a door's keywords name the exits it is on (3.325499ms)
typescript	Run npm ci --no-audit --no-fund && npm run typecheck && npm run test:nosim	2026-10-06T12:34:27.8701429Z ✔ the loader checks barrier references, texts, faces and the lock (28.119638ms)
typescript	Run npm ci --no-audit --no-fund && npm run typecheck && npm run test:nosim	2026-10-06T12:34:27.8710678Z ✔ two passages between the same rooms may carry different barriers (7.357851ms)
typescript	Run npm ci --no-audit --no-fund && npm run typecheck && npm run test:nosim	2026-10-06T12:34:27.8720941Z ✔ a locked barrier whose key is out of reach is BARRIER_UNREACHABLE_KEY (7.42153ms)
typescript	Run npm ci --no-audit --no-fund && npm run typecheck && npm run test:nosim	2026-10-06T12:34:27.8723110Z ✔ a door on a bent passage is BARRIER_MISMATCH (5.514048ms)
typescript	Run npm ci --no-audit --no-fund && npm run typecheck && npm run test:nosim	2026-10-06T12:34:29.6133506Z ✔ a budget fault in a run is one valid diagnostics record of its limit (1100.441757ms)
typescript	Run npm ci --no-audit --no-fund && npm run typecheck && npm run test:nosim	2026-10-06T12:34:29.6145704Z ✔ a failed diagnostics write leaves the budget fault, and the run goes on (989.466789ms)
typescript	Run npm ci --no-audit --no-fund && npm run typecheck && npm run test:nosim	2026-10-06T12:34:29.6572002Z ✔ controlled calendar drives schedule, window and displayed subdivisions (63.520614ms)
typescript	Run npm ci --no-audit --no-fund && npm run typecheck && npm run test:nosim	2026-10-06T12:34:29.6602959Z ✔ a 30-hour calendar accepts hour 29 and a start on day two (14.433514ms)
typescript	Run npm ci --no-audit --no-fund && npm run typecheck && npm run test:nosim	2026-10-06T12:34:29.6635138Z ✔ solar and lunar cuts include their start and wrap at their cycle (9.853375ms)
typescript	Run npm ci --no-audit --no-fund && npm run typecheck && npm run test:nosim	2026-10-06T12:34:29.6648601Z ✔ chapter time renders the hand-checked evening and following days (3.284682ms)
typescript	Run npm ci --no-audit --no-fund && npm run typecheck && npm run test:nosim	2026-10-06T12:34:29.6675468Z ✔ legacy resource gain uses its authored interval; opted fractional recovery keeps its own (0.385312ms)
typescript	Run npm ci --no-audit --no-fund && npm run typecheck && npm run test:nosim	2026-10-06T12:34:29.6695236Z ✔ loader refuses malformed calendar and out-of-day references (19.961769ms)
typescript	Run npm ci --no-audit --no-fund && npm run typecheck && npm run test:nosim	2026-10-06T12:34:29.6717566Z ✔ calendar schema guards refuse malformed bounded fields (143.216686ms)
typescript	Run npm ci --no-audit --no-fund && npm run typecheck && npm run test:nosim	2026-10-06T12:34:29.6744914Z ✔ the loader rejects an enum fact default outside its values (18.449496ms)
typescript	Run npm ci --no-audit --no-fund && npm run typecheck && npm run test:nosim	2026-10-06T12:34:29.6796358Z ✔ the loader rejects a bounded integer fact default outside its bounds (8.41447ms)
typescript	Run npm ci --no-audit --no-fund && npm run typecheck && npm run test:nosim	2026-10-06T12:34:29.6807355Z ✔ the loader rejects an invalid v2 fact default (15.606651ms)
typescript	Run npm ci --no-audit --no-fund && npm run typecheck && npm run test:nosim	2026-10-06T12:34:29.6835132Z ✔ the known-answer cartridge loads and its hash is the fixture literal (12.555006ms)
typescript	Run npm ci --no-audit --no-fund && npm run typecheck && npm run test:nosim	2026-10-06T12:34:29.6836483Z ✔ corpus not_decodable: yields exactly its hand-written diagnostic (0.409647ms)
typescript	Run npm ci --no-audit --no-fund && npm run typecheck && npm run test:nosim	2026-10-06T12:34:29.6837758Z ✔ corpus duplicate_key: yields exactly its hand-written diagnostic (9.812892ms)
typescript	Run npm ci --no-audit --no-fund && npm run typecheck && npm run test:nosim	2026-10-06T12:34:29.6839038Z ✔ corpus unknown_format: yields exactly its hand-written diagnostic (0.815387ms)
typescript	Run npm ci --no-audit --no-fund && npm run typecheck && npm run test:nosim	2026-10-06T12:34:29.6840880Z ✔ corpus no_cartridge: yields exactly its hand-written diagnostic (0.215383ms)
typescript	Run npm ci --no-audit --no-fund && npm run typecheck && npm run test:nosim	2026-10-06T12:34:29.6842126Z ✔ corpus unknown_field: yields exactly its hand-written diagnostic (3.6035ms)
typescript	Run npm ci --no-audit --no-fund && npm run typecheck && npm run test:nosim	2026-10-06T12:34:29.6843376Z ✔ corpus schema_violation: yields exactly its hand-written diagnostic (1.175973ms)
typescript	Run npm ci --no-audit --no-fund && npm run typecheck && npm run test:nosim	2026-10-06T12:34:29.6844955Z ✔ corpus schema_violation_index: yields exactly its hand-written diagnostic (1.396045ms)
typescript	Run npm ci --no-audit --no-fund && npm run typecheck && npm run test:nosim	2026-10-06T12:34:29.6846228Z ✔ corpus kind_mismatch: yields exactly its hand-written diagnostic (2.693405ms)
typescript	Run npm ci --no-audit --no-fund && npm run typecheck && npm run test:nosim	2026-10-06T12:34:29.6847376Z ✔ corpus hash_mismatch: yields exactly its hand-written diagnostic (1.183938ms)
typescript	Run npm ci --no-audit --no-fund && npm run typecheck && npm run test:nosim	2026-10-06T12:34:29.6848583Z ✔ corpus key_cartridge_id: yields exactly its hand-written diagnostic (2.579672ms)
typescript	Run npm ci --no-audit --no-fund && npm run typecheck && npm run test:nosim	2026-10-06T12:34:29.6849798Z ✔ corpus key_cartridge_version: yields exactly its hand-written diagnostic (2.989657ms)
typescript	Run npm ci --no-audit --no-fund && npm run typecheck && npm run test:nosim	2026-10-06T12:34:29.6850912Z ✔ corpus key_key: yields exactly its hand-written diagnostic (1.197142ms)
typescript	Run npm ci --no-audit --no-fund && npm run typecheck && npm run test:nosim	2026-10-06T12:34:29.6852100Z ✔ corpus lock_missing_required: yields exactly its hand-written diagnostic (1.203284ms)
typescript	Run npm ci --no-audit --no-fund && npm run typecheck && npm run test:nosim	2026-10-06T12:34:29.6853295Z ✔ corpus lock_extra: yields exactly its hand-written diagnostic (0.829574ms)
typescript	Run npm ci --no-audit --no-fund && npm run typecheck && npm run test:nosim	2026-10-06T12:34:29.6855045Z ✔ corpus command_owner_absent: yields exactly its hand-written diagnostic (1.827112ms)
typescript	Run npm ci --no-audit --no-fund && npm run typecheck && npm run test:nosim	2026-10-06T12:34:29.6856313Z ✔ corpus unknown_command: yields exactly its hand-written diagnostic (1.285127ms)
typescript	Run npm ci --no-audit --no-fund && npm run typecheck && npm run test:nosim	2026-10-06T12:34:29.6857625Z ✔ corpus policy_op_owner_absent: yields exactly its hand-written diagnostic (1.013137ms)
typescript	Run npm ci --no-audit --no-fund && npm run typecheck && npm run test:nosim	2026-10-06T12:34:29.6858878Z ✔ corpus stage_list_order: yields exactly its hand-written diagnostic (0.852326ms)
typescript	Run npm ci --no-audit --no-fund && npm run typecheck && npm run test:nosim	2026-10-06T12:34:29.6860198Z ✔ corpus capability_not_installed: yields exactly its hand-written diagnostic (0.932086ms)
typescript	Run npm ci --no-audit --no-fund && npm run typecheck && npm run test:nosim	2026-10-06T12:34:29.6861629Z ✔ corpus capability_version_not_installed: yields exactly its hand-written diagnostic (1.19604ms)
typescript	Run npm ci --no-audit --no-fund && npm run typecheck && npm run test:nosim	2026-10-06T12:34:29.6863038Z ✔ corpus kernel_api_at_below: yields exactly its hand-written diagnostic (1.082538ms)
typescript	Run npm ci --no-audit --no-fund && npm run typecheck && npm run test:nosim	2026-10-06T12:34:29.6889253Z ✔ corpus kernel_api_under: yields exactly its hand-written diagnostic (1.128083ms)
typescript	Run npm ci --no-audit --no-fund && npm run typecheck && npm run test:nosim	2026-10-06T12:34:29.6890744Z ✔ corpus kernel_api_numeric: yields exactly its hand-written diagnostic (2.126903ms)
typescript	Run npm ci --no-audit --no-fund && npm run typecheck && npm run test:nosim	2026-10-06T12:34:29.6892249Z ✔ corpus rule_ir_unsupported: yields exactly its hand-written diagnostic (1.440809ms)
typescript	Run npm ci --no-audit --no-fund && npm run typecheck && npm run test:nosim	2026-10-06T12:34:29.6894206Z ✔ corpus content_schema_unsupported: yields exactly its hand-written diagnostic (1.840828ms)
typescript	Run npm ci --no-audit --no-fund && npm run typecheck && npm run test:nosim	2026-10-06T12:34:29.6895734Z ✔ corpus client_feature_missing: yields exactly its hand-written diagnostic (2.489603ms)
typescript	Run npm ci --no-audit --no-fund && npm run typecheck && npm run test:nosim	2026-10-06T12:34:29.6897101Z ✔ corpus two_faults_schema_hash: yields exactly its hand-written diagnostic (0.757829ms)
typescript	Run npm ci --no-audit --no-fund && npm run typecheck && npm run test:nosim	2026-10-06T12:34:29.6898431Z ✔ corpus two_faults_hash_keys: yields exactly its hand-written diagnostic (0.689702ms)
typescript	Run npm ci --no-audit --no-fund && npm run typecheck && npm run test:nosim	2026-10-06T12:34:29.6899808Z ✔ corpus two_faults_lock_installed: yields exactly its hand-written diagnostic (0.724056ms)
typescript	Run npm ci --no-audit --no-fund && npm run typecheck && npm run test:nosim	2026-10-06T12:34:29.6901162Z ✔ corpus band_table_unsorted: yields exactly its hand-written diagnostic (5.516663ms)
typescript	Run npm ci --no-audit --no-fund && npm run typecheck && npm run test:nosim	2026-10-06T12:34:29.6902473Z ✔ corpus band_table_gap: yields exactly its hand-written diagnostic (1.614003ms)
typescript	Run npm ci --no-audit --no-fund && npm run typecheck && npm run test:nosim	2026-10-06T12:34:29.6904032Z ✔ corpus band_table_duplicate_cut: yields exactly its hand-written diagnostic (2.26404ms)
typescript	Run npm ci --no-audit --no-fund && npm run typecheck && npm run test:nosim	2026-10-06T12:34:29.6905488Z ✔ corpus band_table_duplicate_key: yields exactly its hand-written diagnostic (1.773622ms)
typescript	Run npm ci --no-audit --no-fund && npm run typecheck && npm run test:nosim	2026-10-06T12:34:29.6906836Z ✔ corpus band_text_missing: yields exactly its hand-written diagnostic (3.584273ms)
typescript	Run npm ci --no-audit --no-fund && npm run typecheck && npm run test:nosim	2026-10-06T12:34:29.6908131Z ✔ corpus move_cost_unknown_pool: yields exactly its hand-written diagnostic (2.582427ms)
typescript	Run npm ci --no-audit --no-fund && npm run typecheck && npm run test:nosim	2026-10-06T12:34:29.6909428Z ✔ corpus move_cost_zero: yields exactly its hand-written diagnostic (2.30491ms)
typescript	Run npm ci --no-audit --no-fund && npm run typecheck && npm run test:nosim	2026-10-06T12:34:29.6910647Z ✔ corpus band_cut_over_100: yields exactly its hand-written diagnostic (0.812512ms)
typescript	Run npm ci --no-audit --no-fund && npm run typecheck && npm run test:nosim	2026-10-06T12:34:29.6911874Z ✔ corpus band_tone_unknown: yields exactly its hand-written diagnostic (0.942605ms)
typescript	Run npm ci --no-audit --no-fund && npm run typecheck && npm run test:nosim	2026-10-06T12:34:29.6913165Z ✔ corpus band_table_empty: yields exactly its hand-written diagnostic (2.273218ms)
typescript	Run npm ci --no-audit --no-fund && npm run typecheck && npm run test:nosim	2026-10-06T12:34:29.6917897Z ✔ corpus attribute_unlocked: yields exactly its hand-written diagnostic (2.401418ms)
typescript	Run npm ci --no-audit --no-fund && npm run typecheck && npm run test:nosim	2026-10-06T12:34:29.6919308Z ✔ corpus stat_compare_unlocked: yields exactly its hand-written diagnostic (2.378084ms)
typescript	Run npm ci --no-audit --no-fund && npm run typecheck && npm run test:nosim	2026-10-06T12:34:29.6920812Z ✔ corpus resource_compare_unlocked: yields exactly its hand-written diagnostic (2.127475ms)
typescript	Run npm ci --no-audit --no-fund && npm run typecheck && npm run test:nosim	2026-10-06T12:34:29.6922289Z ✔ corpus stat_compare_unresolved: yields exactly its hand-written diagnostic (3.049141ms)
typescript	Run npm ci --no-audit --no-fund && npm run typecheck && npm run test:nosim	2026-10-06T12:34:29.6924093Z ✔ corpus resource_compare_unresolved: yields exactly its hand-written diagnostic (2.230207ms)
typescript	Run npm ci --no-audit --no-fund && npm run typecheck && npm run test:nosim	2026-10-06T12:34:29.6925640Z ✔ corpus attribute_key_mismatch: yields exactly its hand-written diagnostic (1.333548ms)
typescript	Run npm ci --no-audit --no-fund && npm run typecheck && npm run test:nosim	2026-10-06T12:34:29.6927046Z ✔ corpus slot_unlocked: yields exactly its hand-written diagnostic (2.448977ms)
typescript	Run npm ci --no-audit --no-fund && npm run typecheck && npm run test:nosim	2026-10-06T12:34:29.6928353Z ✔ corpus slot_finger: yields exactly its hand-written diagnostic (1.354497ms)
typescript	Run npm ci --no-audit --no-fund && npm run typecheck && npm run test:nosim	2026-10-06T12:34:29.6929761Z ✔ corpus journal_missing_stage_text: yields exactly its hand-written diagnostic (7.600686ms)
typescript	Run npm ci --no-audit --no-fund && npm run typecheck && npm run test:nosim	2026-10-06T12:34:29.6931328Z ✔ corpus journal_missing_outcome_text: yields exactly its hand-written diagnostic (5.140045ms)
typescript	Run npm ci --no-audit --no-fund && npm run typecheck && npm run test:nosim	2026-10-06T12:34:29.6933074Z ✔ corpus journal_missing_failed: yields exactly its hand-written diagnostic (6.505705ms)
typescript	Run npm ci --no-audit --no-fund && npm run typecheck && npm run test:nosim	2026-10-06T12:34:29.6934747Z ✔ corpus chapters_missing_text: yields exactly its hand-written diagnostic (4.748605ms)
typescript	Run npm ci --no-audit --no-fund && npm run typecheck && npm run test:nosim	2026-10-06T12:34:29.6936167Z ✔ corpus chapters_missing_point: yields exactly its hand-written diagnostic (4.168518ms)
typescript	Run npm ci --no-audit --no-fund && npm run typecheck && npm run test:nosim	2026-10-06T12:34:29.6937673Z ✔ corpus chapters_missing_outcome: yields exactly its hand-written diagnostic (4.016453ms)
typescript	Run npm ci --no-audit --no-fund && npm run typecheck && npm run test:nosim	2026-10-06T12:34:29.6939258Z ✔ corpus chapters_opening_point: yields exactly its hand-written diagnostic (6.157894ms)
typescript	Run npm ci --no-audit --no-fund && npm run typecheck && npm run test:nosim	2026-10-06T12:34:29.6940811Z ✔ corpus chapters_opening_outcome: yields exactly its hand-written diagnostic (4.663595ms)
typescript	Run npm ci --no-audit --no-fund && npm run typecheck && npm run test:nosim	2026-10-06T12:34:29.6942376Z ✔ corpus chapters_later_missing_point: yields exactly its hand-written diagnostic (4.395934ms)
typescript	Run npm ci --no-audit --no-fund && npm run typecheck && npm run test:nosim	2026-10-06T12:34:29.6964658Z ✔ corpus chapters_ambiguous: yields exactly its hand-written diagnostic (4.252515ms)
typescript	Run npm ci --no-audit --no-fund && npm run typecheck && npm run test:nosim	2026-10-06T12:34:29.6966110Z ✔ corpus scene_unknown_step: yields exactly its hand-written diagnostic (3.932987ms)
typescript	Run npm ci --no-audit --no-fund && npm run typecheck && npm run test:nosim	2026-10-06T12:34:29.6967381Z ✔ corpus scene_missing_ack: yields exactly its hand-written diagnostic (4.119716ms)
typescript	Run npm ci --no-audit --no-fund && npm run typecheck && npm run test:nosim	2026-10-06T12:34:29.6968681Z ✔ corpus scene_restricted_control: yields exactly its hand-written diagnostic (4.189086ms)
typescript	Run npm ci --no-audit --no-fund && npm run typecheck && npm run test:nosim	2026-10-06T12:34:29.6970041Z ✔ corpus scene_unknown_story_point: yields exactly its hand-written diagnostic (4.230474ms)
typescript	Run npm ci --no-audit --no-fund && npm run typecheck && npm run test:nosim	2026-10-06T12:34:29.6971358Z ✔ corpus scene_unknown_outcome: yields exactly its hand-written diagnostic (4.843845ms)
typescript	Run npm ci --no-audit --no-fund && npm run typecheck && npm run test:nosim	2026-10-06T12:34:29.6972613Z ✔ corpus scene_missing_text: yields exactly its hand-written diagnostic (3.744704ms)
typescript	Run npm ci --no-audit --no-fund && npm run typecheck && npm run test:nosim	2026-10-06T12:34:29.6974121Z ✔ corpus scene_duplicate_trigger: yields exactly its hand-written diagnostic (6.320607ms)
typescript	Run npm ci --no-audit --no-fund && npm run typecheck && npm run test:nosim	2026-10-06T12:34:29.6997831Z ✔ corpus scene_undeclared: yields exactly its hand-written diagnostic (4.140435ms)
typescript	Run npm ci --no-audit --no-fund && npm run typecheck && npm run test:nosim	2026-10-06T12:34:29.6999293Z ✔ corpus scene_definition_key: yields exactly its hand-written diagnostic (3.305391ms)
typescript	Run npm ci --no-audit --no-fund && npm run typecheck && npm run test:nosim	2026-10-06T12:34:29.7000610Z ✔ corpus scene_fact_changed: yields exactly its hand-written diagnostic (4.655801ms)
typescript	Run npm ci --no-audit --no-fund && npm run typecheck && npm run test:nosim	2026-10-06T12:34:29.7002137Z ✔ corpus scene_fact_missing: yields exactly its hand-written diagnostic (5.135448ms)
typescript	Run npm ci --no-audit --no-fund && npm run typecheck && npm run test:nosim	2026-10-06T12:34:29.7003578Z ✔ corpus scene_recipe_write: yields exactly its hand-written diagnostic (4.765325ms)
typescript	Run npm ci --no-audit --no-fund && npm run typecheck && npm run test:nosim	2026-10-06T12:34:29.7005257Z ✔ corpus scene_reaction_write: yields exactly its hand-written diagnostic (4.539625ms)
typescript	Run npm ci --no-audit --no-fund && npm run typecheck && npm run test:nosim	2026-10-06T12:34:29.7006692Z ✔ corpus scene_dialogue_write: yields exactly its hand-written diagnostic (3.822961ms)
typescript	Run npm ci --no-audit --no-fund && npm run typecheck && npm run test:nosim	2026-10-06T12:34:29.7007931Z ✔ the byte cap applies to the raw length before decoding (2.261206ms)
typescript	Run npm ci --no-audit --no-fund && npm run typecheck && npm run test:nosim	2026-10-06T12:34:29.7009146Z ✔ artifact bytes that are not strict UTF-8 are INVALID_JSON (0.642633ms)
typescript	Run npm ci --no-audit --no-fund && npm run typecheck && npm run test:nosim	2026-10-06T12:34:30.9409883Z ✔ loader refuses impossible Rest, graph and exclusive end bindings (1902.860707ms)
typescript	Run npm ci --no-audit --no-fund && npm run typecheck && npm run test:nosim	2026-10-06T12:34:30.9817996Z ✔ loader accepts API1.11 escort effects and policy leaves (61.218493ms)
typescript	Run npm ci --no-audit --no-fund && npm run typecheck && npm run test:nosim	2026-10-06T12:34:30.9853289Z ✔ loader rejects incompatible and unresolved escort bindings (46.501024ms)
typescript	Run npm ci --no-audit --no-fund && npm run typecheck && npm run test:nosim	2026-10-06T12:34:30.9878861Z ✔ the items known answer loads (27.025336ms)
typescript	Run npm ci --no-audit --no-fund && npm run typecheck && npm run test:nosim	2026-10-06T12:34:30.9880373Z ✔ a location, NPC room or has_item item naming no definition is UNRESOLVED_REFERENCE (32.014664ms)
typescript	Run npm ci --no-audit --no-fund && npm run typecheck && npm run test:nosim	2026-10-06T12:34:30.9885196Z ✔ a touch link naming no detail, item or NPC it may name is UNRESOLVED_REFERENCE (16.440233ms)
typescript	Run npm ci --no-audit --no-fund && npm run typecheck && npm run test:nosim	2026-10-06T12:34:30.9925044Z ✔ items that start in a cycle or over a capacity are rejected (21.11447ms)
typescript	Run npm ci --no-audit --no-fund && npm run typecheck && npm run test:nosim	2026-10-06T12:34:30.9955171Z ✔ items and NPCs need containment, and their map keys their keys (4.863419ms)
typescript	Run npm ci --no-audit --no-fund && npm run typecheck && npm run test:nosim	2026-10-06T12:34:30.9956792Z ✔ carrying loader requires every mass while preserving explicit zero (4.743184ms)
typescript	Run npm ci --no-audit --no-fund && npm run typecheck && npm run test:nosim	2026-10-06T12:34:30.9995067Z ✔ carrying loader and validator reject malformed numbers and fields (11.526509ms)
typescript	Run npm ci --no-audit --no-fund && npm run typecheck && npm run test:nosim	2026-10-06T12:34:31.0007560Z ✔ carrying loader requires API 1.3 and containment (15.035161ms)
typescript	Run npm ci --no-audit --no-fund && npm run typecheck && npm run test:nosim	2026-10-06T12:34:31.0012444Z ✔ only explicit receptacles may start with children or declare capacity and lids (15.932432ms)
typescript	Run npm ci --no-audit --no-fund && npm run typecheck && npm run test:nosim	2026-10-06T12:34:31.0014707Z ✔ item schema enforces its required fields, bounds and literal container authority (1.933282ms)
typescript	Run npm ci --no-audit --no-fund && npm run typecheck && npm run test:nosim	2026-10-06T12:34:31.0017159Z ✔ loader validates opted liquid metadata and accepts exact maximum mass (135.722509ms)
typescript	Run npm ci --no-audit --no-fund && npm run typecheck && npm run test:nosim	2026-10-06T12:34:31.0026226Z ✔ loader rejects vessel metadata on an otherwise valid corpse template (212.116004ms)
typescript	Run npm ci --no-audit --no-fund && npm run typecheck && npm run test:nosim	2026-10-06T12:34:31.0042561Z ✔ loader accepts API1.9 and rejects invalid riddle and journal references (104.019479ms)
typescript	Run npm ci --no-audit --no-fund && npm run typecheck && npm run test:nosim	2026-10-06T12:34:31.0044494Z ✔ riddles and active variants independently require API1.9 (19.583209ms)
typescript	Run npm ci --no-audit --no-fund && npm run typecheck && npm run test:nosim	2026-10-06T12:34:31.0046212Z ✔ the v2 known answer loads with its fixture hash (29.822849ms)
typescript	Run npm ci --no-audit --no-fund && npm run typecheck && npm run test:nosim	2026-10-06T12:34:31.0049607Z ✔ an exit or entry naming no room of this cartridge is UNRESOLVED_REFERENCE (21.546356ms)
typescript	Run npm ci --no-audit --no-fund && npm run typecheck && npm run test:nosim	2026-10-06T12:34:31.0051182Z ✔ a room text key missing from the catalog is UNRESOLVED_REFERENCE (2.479865ms)
typescript	Run npm ci --no-audit --no-fund && npm run typecheck && npm run test:nosim	2026-10-06T12:34:31.0052605Z ✔ rooms without movement in the lock are UNDECLARED_CAPABILITY (6.924366ms)
typescript	Run npm ci --no-audit --no-fund && npm run typecheck && npm run test:nosim	2026-10-06T12:34:31.0054485Z ✔ a room map key that disagrees with the room's key is ARTIFACT_DEFINITION_KEY_MISMATCH (4.50101ms)
typescript	Run npm ci --no-audit --no-fund && npm run typecheck && npm run test:nosim	2026-10-06T12:34:31.0055985Z ✔ a v1 artifact carrying rooms is UNKNOWN_FIELD (1.666672ms)
typescript	Run npm ci --no-audit --no-fund && npm run typecheck && npm run test:nosim	2026-10-06T12:34:31.0057398Z ✔ an action text key missing from the catalog is UNRESOLVED_REFERENCE (5.289056ms)
typescript	Run npm ci --no-audit --no-fund && npm run typecheck && npm run test:nosim	2026-10-06T12:34:31.0058790Z ✔ the details known answer loads with its fixture hash (5.841491ms)
typescript	Run npm ci --no-audit --no-fund && npm run typecheck && npm run test:nosim	2026-10-06T12:34:31.0060247Z ✔ a detail's text key missing from the catalog is UNRESOLVED_REFERENCE (21.979928ms)
typescript	Run npm ci --no-audit --no-fund && npm run typecheck && npm run test:nosim	2026-10-06T12:34:31.0061806Z ✔ a detail whose first alias is shared or untypable is UNREACHABLE_DETAIL (15.017888ms)
typescript	Run npm ci --no-audit --no-fund && npm run typecheck && npm run test:nosim	2026-10-06T12:34:31.0063260Z ✔ readables require their lock and resolve label and text (15.187376ms)
typescript	Run npm ci --no-audit --no-fund && npm run typecheck && npm run test:nosim	2026-10-06T12:34:33.0482308Z ✔ loader refuses service bindings that cannot produce exact immediate outcomes (2035.92968ms)
typescript	Run npm ci --no-audit --no-fund && npm run typecheck && npm run test:nosim	2026-10-06T12:34:33.1026054Z ✔ loader independently rejects wrong-kind refs, non-Boolean topics and malformed bounded consumers (605.155437ms)
typescript	Run npm ci --no-audit --no-fund && npm run typecheck && npm run test:nosim	2026-10-06T12:34:33.1027795Z ✔ Wisp release keeps its independently generated initial IDs (7.664189ms)
typescript	Run npm ci --no-audit --no-fund && npm run typecheck && npm run test:nosim	2026-10-06T12:34:33.1029010Z ✔ deadline requires its time, outcome, fact and trust fields (9.246441ms)
typescript	Run npm ci --no-audit --no-fund && npm run typecheck && npm run test:nosim	2026-10-06T12:34:33.1047466Z ✔ payment requires an explicit payer, resource and positive amount (2.10899ms)
typescript	Run npm ci --no-audit --no-fund && npm run typecheck && npm run test:nosim	2026-10-06T12:34:33.1054884Z ✔ NPC resource starts retain bounded values and key grammar (0.59253ms)
typescript	Run npm ci --no-audit --no-fund && npm run typecheck && npm run test:nosim	2026-10-06T12:34:33.1071741Z ✔ Peg transfers the original ledger and binds one expiry (31.932899ms)
typescript	Run npm ci --no-audit --no-fund && npm run typecheck && npm run test:nosim	2026-10-06T12:34:33.1073010Z ✔ 151200 pays exactly; 151201 and 237600 complete late (41.503547ms)
typescript	Run npm ci --no-audit --no-fund && npm run typecheck && npm run test:nosim	2026-10-06T12:34:33.1074713Z ✔ 237601 fails an accepted obligation once and leaves custody unchanged (9.979021ms)
typescript	Run npm ci --no-audit --no-fund && npm run typecheck && npm run test:nosim	2026-10-06T12:34:33.1076034Z ✔ on-time delivery refuses absent funding atomically (8.280202ms)
typescript	Run npm ci --no-audit --no-fund && npm run typecheck && npm run test:nosim	2026-10-06T12:34:33.1077402Z ✔ Peg offers late-only acceptance, then explains an elapsed unaccepted offer (14.041142ms)
typescript	Run npm ci --no-audit --no-fund && npm run typecheck && npm run test:nosim	2026-10-06T12:34:33.1079438Z ✔ full carrying capacity refuses the offer without moving or scheduling anything (5.861996ms)
typescript	Run npm ci --no-audit --no-fund && npm run typecheck && npm run test:nosim	2026-10-06T12:34:33.1080798Z ✔ completion makes its original expiry harmless (12.647781ms)
typescript	Run npm ci --no-audit --no-fund && npm run typecheck && npm run test:nosim	2026-10-06T12:34:33.1082213Z ✔ resolved trigger choices select the highest reached chapter (138.576493ms)
typescript	Run npm ci --no-audit --no-fund && npm run typecheck && npm run test:nosim	2026-10-06T12:34:33.1091693Z ✔ a story-point marker counts either outcome (50.363613ms)
typescript	Run npm ci --no-audit --no-fund && npm run typecheck && npm run test:nosim	2026-10-06T12:34:33.1092992Z ✔ only the player resolved quest with its trigger choice counts (9.582239ms)
typescript	Run npm ci --no-audit --no-fund && npm run typecheck && npm run test:nosim	2026-10-06T12:34:33.1094591Z ✔ a cartridge without chapters preserves the view shape (7.157542ms)
typescript	Run npm ci --no-audit --no-fund && npm run typecheck && npm run test:nosim	2026-10-06T12:34:33.1095974Z ✔ ambiguity counts only matching quest choices in selected outcomes (15.00688ms)
typescript	Run npm ci --no-audit --no-fund && npm run typecheck && npm run test:nosim	2026-10-06T12:34:33.1097407Z ✔ a luck check of chance 21 passes on the roll of 20 and runs success (55.370055ms)
typescript	Run npm ci --no-audit --no-fund && npm run typecheck && npm run test:nosim	2026-10-06T12:34:33.1098912Z ✔ a luck check of chance 20 fails on the roll of 20: accepted, draw and time commit (15.125843ms)
typescript	Run npm ci --no-audit --no-fund && npm run typecheck && npm run test:nosim	2026-10-06T12:34:33.1100462Z ✔ a rejected perform of a checked recipe draws nothing and changes nothing (17.394585ms)
typescript	Run npm ci --no-audit --no-fund && npm run typecheck && npm run test:nosim	2026-10-06T12:34:33.1102100Z ✔ a recipe without a check keeps outcome performed and the RNG; duration still advances (12.018333ms)
typescript	Run npm ci --no-audit --no-fund && npm run typecheck && npm run test:nosim	2026-10-06T12:34:33.1104174Z ✔ wait advances the clock to until, later than now only (8.017932ms)
typescript	Run npm ci --no-audit --no-fund && npm run typecheck && npm run test:nosim	2026-10-06T12:34:33.1105546Z ✔ time_window holds in its window, wrapping midnight when to < from (5.540621ms)
typescript	Run npm ci --no-audit --no-fund && npm run typecheck && npm run test:nosim	2026-10-06T12:34:33.1106978Z ✔ a clock overflow in a rule is an evaluator_error fault that changes nothing (7.870557ms)
typescript	Run npm ci --no-audit --no-fund && npm run typecheck && npm run test:nosim	2026-10-06T12:34:33.5474893Z ✔ frozen M4 A runs through real Attack and two trusted elapsed proposals (22.621503ms)
typescript	Run npm ci --no-audit --no-fund && npm run typecheck && npm run test:nosim	2026-10-06T12:34:33.5500418Z ✔ frozen M4 B closes before retaliation and credits the exact third rat at proposal.now (7.135713ms)
typescript	Run npm ci --no-audit --no-fund && npm run typecheck && npm run test:nosim	2026-10-06T12:34:33.5520867Z ✔ frozen M4 C dies sleeping on the rat-first round and returns the same body (9.02706ms)
typescript	Run npm ci --no-audit --no-fund && npm run typecheck && npm run test:nosim	2026-10-06T12:34:33.5530908Z ✔ one-exit Flee pays once and cancels its future round without drawing (4.976713ms)
typescript	Run npm ci --no-audit --no-fund && npm run typecheck && npm run test:nosim	2026-10-06T12:34:33.5532764Z ✔ a surviving sleeper wakes before its remaining opportunity, other positions skip (19.066693ms)
typescript	Run npm ci --no-audit --no-fund && npm run typecheck && npm run test:nosim	2026-10-06T12:34:33.5535840Z ✔ accuracy20 misses on roll20; endpoint chances still draw accuracy (11.960975ms)
typescript	Run npm ci --no-audit --no-fund && npm run typecheck && npm run test:nosim	2026-10-06T12:34:33.5541362Z ✔ production hour-boundary recovery precedes damage and Flee preserves the remainder (6.059971ms)
typescript	Run npm ci --no-audit --no-fund && npm run typecheck && npm run test:nosim	2026-10-06T12:34:33.5543511Z ✔ admission refuses absent, dead, sanctuary, nonstanding and already engaged participants (9.46053ms)
typescript	Run npm ci --no-audit --no-fund && npm run typecheck && npm run test:nosim	2026-10-06T12:34:33.5545593Z ✔ eight raw draws including damage rejections exhaust the whole round atomically (2.272489ms)
typescript	Run npm ci --no-audit --no-fund && npm run typecheck && npm run test:nosim	2026-10-06T12:34:33.6481362Z ✔ encounter ActionSet filters ordinary raw verbs and aliases while retaining harmless inspection (27.560474ms)
typescript	Run npm ci --no-audit --no-fund && npm run typecheck && npm run test:nosim	2026-10-06T12:34:33.6504032Z ✔ pending choices disappear during combat and ordinary actions return after Flee or death (20.899671ms)
typescript	Run npm ci --no-audit --no-fund && npm run typecheck && npm run test:nosim	2026-10-06T12:34:34.1160684Z ✔ combat artifact requires executable API, owners, ordered damage and explicit NPC HP (235.925186ms)
typescript	Run npm ci --no-audit --no-fund && npm run typecheck && npm run test:nosim	2026-10-06T12:34:34.1251059Z ✔ death credit binds unique local attackable NPCs and false player Boolean facts (238.989518ms)
typescript	Run npm ci --no-audit --no-fund && npm run typecheck && npm run test:nosim	2026-10-06T12:34:34.1295565Z ✔ every combat narration role names existing cartridge text (127.705442ms)
typescript	Run npm ci --no-audit --no-fund && npm run typecheck && npm run test:nosim	2026-10-06T12:34:34.1297288Z ✔ combat requires executable death settings even without authored corpse templates (12.665824ms)
typescript	Run npm ci --no-audit --no-fund && npm run typecheck && npm run test:nosim	2026-10-06T12:34:34.1389543Z ✔ combat contracts match the independent shared boundary corpus (28.637738ms)
typescript	Run npm ci --no-audit --no-fund && npm run typecheck && npm run test:nosim	2026-10-06T12:34:34.3196246Z ✔ credit delivery rejects counterfeit attribution and missing fatal/corpse provenance (25.048487ms)
typescript	Run npm ci --no-audit --no-fund && npm run typecheck && npm run test:nosim	2026-10-06T12:34:34.3205479Z ✔ five distinct preacceptance lethal occurrences set exactly five facts without quest rewards (27.708922ms)
typescript	Run npm ci --no-audit --no-fund && npm run typecheck && npm run test:nosim	2026-10-06T12:34:34.5454314Z ✔ two-exit Flee selects canonical north/west using independent seeded answers (31.616939ms)
typescript	Run npm ci --no-audit --no-fund && npm run typecheck && npm run test:nosim	2026-10-06T12:34:34.5456207Z ✔ blocked exits are excluded; zero exits or insufficient fare refuse without a draw (23.444358ms)
typescript	Run npm ci --no-audit --no-fund && npm run typecheck && npm run test:nosim	2026-10-06T12:34:34.5458400Z ✔ active combat exposes one directionless Flee and refuses directional movement (4.049231ms)
typescript	Run npm ci --no-audit --no-fund && npm run typecheck && npm run test:nosim	2026-10-06T12:34:34.5460245Z ✔ random Flee candidate policies share the command query budget and fault atomically (20.087588ms)
typescript	Run npm ci --no-audit --no-fund && npm run typecheck && npm run test:nosim	2026-10-06T12:34:35.2885897Z ✔ buy at the carrying ceiling, sell and buyback conserve forty pennies and one identity (24.133807ms)
typescript	Run npm ci --no-audit --no-fund && npm run typecheck && npm run test:nosim	2026-10-06T12:34:35.2907482Z ✔ projection and direct exchange refuse too-heavy, poor, absent and changed-quote purchases atomically (11.520512ms)
typescript	Run npm ci --no-audit --no-fund && npm run typecheck && npm run test:nosim	2026-10-06T12:34:35.2957511Z ✔ sell requires direct eligible custody and funded Peg (3.694257ms)
typescript	Run npm ci --no-audit --no-fund && npm run typecheck && npm run test:nosim	2026-10-06T12:34:35.3005437Z ✔ loader independently rejects malformed shop stock and funding (341.187465ms)
typescript	Run npm ci --no-audit --no-fund && npm run typecheck && npm run test:nosim	2026-10-06T12:34:35.3384898Z ✔ shop contracts reject missing fields and malformed positive prices (14.784157ms)
typescript	Run npm ci --no-audit --no-fund && npm run typecheck && npm run test:nosim	2026-10-06T12:34:35.3427805Z ✔ composition known answers (55.525465ms)
typescript	Run npm ci --no-audit --no-fund && npm run typecheck && npm run test:nosim	2026-10-06T12:34:35.3456861Z ✔ invariant checks known answers, a holding and a violated case per invariant checked in both kernels (5.130333ms)
typescript	Run npm ci --no-audit --no-fund && npm run typecheck && npm run test:nosim	2026-10-06T12:34:35.3494884Z ✔ invalid successful deltas fail their independent precondition check (6.686062ms)
typescript	Run npm ci --no-audit --no-fund && npm run typecheck && npm run test:nosim	2026-10-06T12:34:35.3568612Z ✔ containment checks deep chains, untouched cycles and untouched capacity (48.620073ms)
typescript	Run npm ci --no-audit --no-fund && npm run typecheck && npm run test:nosim	2026-10-06T12:34:35.3589080Z ✔ limits are named in the composition profile order (1.306644ms)
typescript	Run npm ci --no-audit --no-fund && npm run typecheck && npm run test:nosim	2026-10-06T12:34:35.3590863Z ✔ composition-profile budgets: at the limit composes with the expected changes, one over faults (62.543728ms)
typescript	Run npm ci --no-audit --no-fund && npm run typecheck && npm run test:nosim	2026-10-06T12:34:35.3592365Z ✔ a malformed barrier state faults precondition_failed (0.655505ms)
typescript	Run npm ci --no-audit --no-fund && npm run typecheck && npm run test:nosim	2026-10-06T12:34:35.3593643Z ✔ opted recovery literal rows and independent metadata replay (12.496286ms)
typescript	Run npm ci --no-audit --no-fund && npm run typecheck && npm run test:nosim	2026-10-06T12:34:35.3595943Z ✔ independent recovery replay rejects an unauthored stored rate (1.087193ms)
typescript	Run npm ci --no-audit --no-fund && npm run typecheck && npm run test:nosim	2026-10-06T12:34:35.3597090Z ✔ recovery schema trust-boundary literals (2.609801ms)
typescript	Run npm ci --no-audit --no-fund && npm run typecheck && npm run test:nosim	2026-10-06T12:34:35.3598525Z ✔ entity-resource overrides match literals and independent preconditions reject false success (2.832967ms)
typescript	Run npm ci --no-audit --no-fund && npm run typecheck && npm run test:nosim	2026-10-06T12:34:35.3599842Z ✔ NPC HP schema trust-boundary literals (1.332522ms)
typescript	Run npm ci --no-audit --no-fund && npm run typecheck && npm run test:nosim	2026-10-06T12:34:35.3601241Z ✔ historical artifacts retain their canonical answers and refuse unmarked receptacles (242.637894ms)
typescript	Run npm ci --no-audit --no-fund && npm run typecheck && npm run test:nosim	2026-10-06T12:34:35.9353078Z ✔ a fresh world mints NPCs then items after the details and places each (16.080799ms)
typescript	Run npm ci --no-audit --no-fund && npm run typecheck && npm run test:nosim	2026-10-06T12:34:35.9421228Z ✔ take proposes one transfer to the body and item_acquired, at the Python state hash (9.105249ms)
typescript	Run npm ci --no-audit --no-fund && npm run typecheck && npm run test:nosim	2026-10-06T12:34:35.9455328Z ✔ drop leaves the item in the room with item_dropped; give hands it to the NPC (2.908859ms)
typescript	Run npm ci --no-audit --no-fund && npm run typecheck && npm run test:nosim	2026-10-06T12:34:35.9465178Z ✔ each bad take, drop and give is rejected with its code and consumes nothing (10.828705ms)
typescript	Run npm ci --no-audit --no-fund && npm run typecheck && npm run test:nosim	2026-10-06T12:34:35.9494729Z ✔ the containment invariants fail on a broken world (0.851773ms)
typescript	Run npm ci --no-audit --no-fund && npm run typecheck && npm run test:nosim	2026-10-06T12:34:35.9526459Z ✔ containment_acyclic is linear in the items of one room (122.578867ms)
typescript	Run npm ci --no-audit --no-fund && npm run typecheck && npm run test:nosim	2026-10-06T12:34:35.9545858Z ✔ a transfer past a capacity or into its own contents faults and commits nothing (1.972969ms)
typescript	Run npm ci --no-audit --no-fund && npm run typecheck && npm run test:nosim	2026-10-06T12:34:35.9565093Z ✔ has_item holds for an item the actor carries, also inside a carried container (1.408343ms)
typescript	Run npm ci --no-audit --no-fund && npm run typecheck && npm run test:nosim	2026-10-06T12:34:35.9595219Z ✔ target resolution names items and NPCs in the room and items the actor holds (2.243275ms)
typescript	Run npm ci --no-audit --no-fund && npm run typecheck && npm run test:nosim	2026-10-06T12:34:35.9617192Z ✔ look with a target_id examines an item or NPC here or held, else not_present (4.015578ms)
typescript	Run npm ci --no-audit --no-fund && npm run typecheck && npm run test:nosim	2026-10-06T12:34:35.9644913Z ✔ scan lists the NPCs and items in each room beyond, and changes nothing (2.423592ms)
typescript	Run npm ci --no-audit --no-fund && npm run typecheck && npm run test:nosim	2026-10-06T12:34:35.9666684Z ✔ nested Take fits equality and reports the same carrying refusal in the view (6.277679ms)
typescript	Run npm ci --no-audit --no-fund && npm run typecheck && npm run test:nosim	2026-10-06T12:34:35.9685274Z ✔ forced overload preserves owned extraction, Give and Drop while blocking positive Take (5.4174ms)
typescript	Run npm ci --no-audit --no-fund && npm run typecheck && npm run test:nosim	2026-10-06T12:34:35.9746867Z ✔ large masses and repeated definitions stay exact by item identity (4.248604ms)
typescript	Run npm ci --no-audit --no-fund && npm run typecheck && npm run test:nosim	2026-10-06T12:34:35.9748223Z ✔ zero subtree is neutral but positive contents and malformed mass remain distinct (2.623365ms)
typescript	Run npm ci --no-audit --no-fund && npm run typecheck && npm run test:nosim	2026-10-06T12:34:35.9749579Z ✔ carrying charges prior policy work before accumulation and event allocation (0.790398ms)
typescript	Run npm ci --no-audit --no-fund && npm run typecheck && npm run test:nosim	2026-10-06T12:34:35.9751386Z ✔ slot-holder indexing shares the carrying budget before inspecting worn mass (3.806117ms)
typescript	Run npm ci --no-audit --no-fund && npm run typecheck && npm run test:nosim	2026-10-06T12:34:35.9756425Z ✔ cached owned and zero neutral results survive later budget exhaustion (1.072927ms)
typescript	Run npm ci --no-audit --no-fund && npm run typecheck && npm run test:nosim	2026-10-06T12:34:35.9757791Z ✔ a Take alias advertises too_heavy and cannot evade the view admission invariant (3.906294ms)
typescript	Run npm ci --no-audit --no-fund && npm run typecheck && npm run test:nosim	2026-10-06T12:34:35.9895713Z ✔ portable creation/custody literals and independent success proof (20.519478ms)
typescript	Run npm ci --no-audit --no-fund && npm run typecheck && npm run test:nosim	2026-10-06T12:34:35.9945627Z ✔ new contract trust boundaries (3.958342ms)
typescript	Run npm ci --no-audit --no-fund && npm run typecheck && npm run test:nosim	2026-10-06T12:34:35.9955172Z ✔ independent invariants reject counterfeit success with matching identity rows (1.253634ms)
typescript	Run npm ci --no-audit --no-fund && npm run typecheck && npm run test:nosim	2026-10-06T12:34:36.1098480Z ✔ one fatal sequence preserves custody and returns the same body with exact restoration (25.879522ms)
typescript	Run npm ci --no-audit --no-fund && npm run typecheck && npm run test:nosim	2026-10-06T12:34:36.1126489Z ✔ owners recover roots through ordinary Take while corpses remain fixed and private (26.80229ms)
typescript	Run npm ci --no-audit --no-fund && npm run typecheck && npm run test:nosim	2026-10-06T12:34:36.1128318Z ✔ HP-zero NPC retains identity but leaves living projection and admission (13.699355ms)
typescript	Run npm ci --no-audit --no-fund && npm run typecheck && npm run test:nosim	2026-10-06T12:34:36.1145793Z ✔ new API gate and narrow hydration reject invalid provenance/custody (23.468561ms)
typescript	Run npm ci --no-audit --no-fund && npm run typecheck && npm run test:nosim	2026-10-06T12:34:36.1163582Z ✔ living projection refuses a missing required NPC HP row (2.435925ms)
typescript	Run npm ci --no-audit --no-fund && npm run typecheck && npm run test:nosim	2026-10-06T12:34:36.1169529Z ✔ fatal transfer delta orders unsorted roots between initial placement and return (2.693357ms)
typescript	Run npm ci --no-audit --no-fund && npm run typecheck && npm run test:nosim	2026-10-06T12:34:36.6174155Z ✔ corpse content requires templates, valid shrine/restoration and its capability/API contract (289.330252ms)
typescript	Run npm ci --no-audit --no-fund && npm run typecheck && npm run test:nosim	2026-10-06T12:34:42.9876064Z (node:2714) [MODULE_TYPELESS_PACKAGE_JSON] Warning: Module type of file://<redacted-path> is not specified and it doesn't parse as CommonJS.
typescript	Run npm ci --no-audit --no-fund && npm run typecheck && npm run test:nosim	2026-10-06T12:34:42.9905215Z Reparsing as ES module because module syntax was detected. This incurs a performance overhead.
typescript	Run npm ci --no-audit --no-fund && npm run typecheck && npm run test:nosim	2026-10-06T12:34:42.9930424Z To eliminate this warning, add "type": "module" to <redacted-path>
typescript	Run npm ci --no-audit --no-fund && npm run typecheck && npm run test:nosim	2026-10-06T12:34:42.9931882Z (Use `node --trace-warnings ...` to show where the warning was created)
typescript	Run npm ci --no-audit --no-fund && npm run typecheck && npm run test:nosim	2026-10-06T12:34:42.9933649Z ✔ fresh dry exploration traverses every reciprocal edge and reopens all five new rooms (2239.470051ms)
typescript	Run npm ci --no-audit --no-fund && npm run typecheck && npm run test:nosim	2026-10-06T12:34:42.9965231Z ✔ D5 movement and stone Read reconcile committed and absent COMMIT outcomes and replay exactly (1294.916466ms)
typescript	Run npm ci --no-audit --no-fund && npm run typecheck && npm run test:nosim	2026-10-06T12:34:42.9973608Z ✔ actual fatal separation in the den reopens and permits gear-free original-Wren Rejoin and rescue (1402.194157ms)
typescript	Run npm ci --no-audit --no-fund && npm run typecheck && npm run test:nosim	2026-10-06T12:34:42.9976252Z ✔ fixed stone preserves original-message custody before and after stays and preserves lost (1011.954856ms)
typescript	Run npm ci --no-audit --no-fund && npm run typecheck && npm run test:nosim	2026-10-06T12:34:42.9978652Z ✔ the current chapter refuses a lookalike item substituted into the original-message role (279.057557ms)
typescript	Run npm ci --no-audit --no-fund && npm run typecheck && npm run test:nosim	2026-10-06T12:34:43.0349664Z ✔ talk opens one pending choice bound to EntityIds, stamped with its revision (75.111365ms)
typescript	Run npm ci --no-audit --no-fund && npm run typecheck && npm run test:nosim	2026-10-06T12:34:43.0369780Z ✔ an action that opens no choice shares the choices map (24.681912ms)
typescript	Run npm ci --no-audit --no-fund && npm run typecheck && npm run test:nosim	2026-10-06T12:34:43.0372997Z ✔ under loka play the stamp is the run revision and choose is accepted (37.672543ms)
typescript	Run npm ci --no-audit --no-fund && npm run typecheck && npm run test:nosim	2026-10-06T12:34:43.0374513Z ✔ the GameView shows the pending choice; a dropped lantern makes both options unavailable (17.689707ms)
typescript	Run npm ci --no-audit --no-fund && npm run typecheck && npm run test:nosim	2026-10-06T12:34:43.0375651Z ✔ the talk is listed on and accepts its speaker only (12.451462ms)
typescript	Run npm ci --no-audit --no-fund && npm run typecheck && npm run test:nosim	2026-10-06T12:34:43.0376694Z ✔ talk is unavailable and refused before accepting and after resolving (32.258058ms)
typescript	Run npm ci --no-audit --no-fund && npm run typecheck && npm run test:nosim	2026-10-06T12:34:43.0377862Z ✔ the rule enforces the target's dialogue policy whatever talk admitted it (22.706308ms)
typescript	Run npm ci --no-audit --no-fund && npm run typecheck && npm run test:nosim	2026-10-06T12:34:43.0378874Z ✔ a room contribution may subtract a dialogue's talk (7.315489ms)
typescript	Run npm ci --no-audit --no-fund && npm run typecheck && npm run test:nosim	2026-10-06T12:34:43.0380044Z ✔ leave hands the lantern to Bram, sets party_led and resolves quest and choice at once (10.318354ms)
typescript	Run npm ci --no-audit --no-fund && npm run typecheck && npm run test:nosim	2026-10-06T12:34:43.0381275Z ✔ carry keeps the lantern, sets player_led and resolves with outcome carry (6.822369ms)
typescript	Run npm ci --no-audit --no-fund && npm run typecheck && npm run test:nosim	2026-10-06T12:34:43.0382423Z ✔ a story point reports its declared outcome key, after choice_resolved (4.265586ms)
typescript	Run npm ci --no-audit --no-fund && npm run typecheck && npm run test:nosim	2026-10-06T12:34:43.0384090Z ✔ a choice reaches only a story point naming its own dialogue (6.245676ms)
typescript	Run npm ci --no-audit --no-fund && npm run typecheck && npm run test:nosim	2026-10-06T12:34:43.0385149Z ✔ close changes no outcome; a second talk opens another occurrence (5.141975ms)
typescript	Run npm ci --no-audit --no-fund && npm run typecheck && npm run test:nosim	2026-10-06T12:34:43.0386329Z ✔ a stale choice revalidates custody and presence; close still works (11.267312ms)
typescript	Run npm ci --no-audit --no-fund && npm run typecheck && npm run test:nosim	2026-10-06T12:34:43.0387577Z ✔ talk while pending, and choose or close of no pending continuation, are invalid_state (7.070859ms)
typescript	Run npm ci --no-audit --no-fund && npm run typecheck && npm run test:nosim	2026-10-06T12:34:43.0388698Z ✔ a lantern taken before accepting still lets leave resolve (4.831163ms)
typescript	Run npm ci --no-audit --no-fund && npm run typecheck && npm run test:nosim	2026-10-06T12:34:43.0389811Z ✔ choose pins the row bindings even if the definition would resolve elsewhere (5.412611ms)
typescript	Run npm ci --no-audit --no-fund && npm run typecheck && npm run test:nosim	2026-10-06T12:34:43.0391051Z ✔ the loader checks dialogue references, roles, texts, facts, keys and the lock (71.306316ms)
typescript	Run npm ci --no-audit --no-fund && npm run typecheck && npm run test:nosim	2026-10-06T12:34:43.0392462Z ✔ the loader checks story point triggers, outcomes, keys and the lock (27.374797ms)
typescript	Run npm ci --no-audit --no-fund && npm run typecheck && npm run test:nosim	2026-10-06T12:34:43.0394733Z ✔ only a new actual paid Rest starts one checkpoint without giving its end consequence (422.115359ms)
typescript	Run npm ci --no-audit --no-fund && npm run typecheck && npm run test:nosim	2026-10-06T12:34:43.0396399Z ✔ both exact branches keep World usable and award memory only after shown final acknowledgement (404.973416ms)
typescript	Run npm ci --no-audit --no-fund && npm run typecheck && npm run test:nosim	2026-10-06T12:34:43.0397759Z ✔ first credit defers presentation behind the unchanged ordinary choice (141.943563ms)
typescript	Run npm ci --no-audit --no-fund && npm run typecheck && npm run test:nosim	2026-10-06T12:34:43.0399464Z ✔ a dormant dream choice survives the actual S2 message handoff and the Bell modal scene (219.721433ms)
typescript	Run npm ci --no-audit --no-fund && npm run typecheck && npm run test:nosim	2026-10-06T12:34:43.0401470Z ✔ captured scene choices and exact keyed availability reject foreign and stale draws without changing any truth (219.701483ms)
typescript	Run npm ci --no-audit --no-fund && npm run typecheck && npm run test:nosim	2026-10-06T12:34:43.0402981Z ✔ a Rest occurrence cannot credit a nonliving body (138.379271ms)
typescript	Run npm ci --no-audit --no-fund && npm run typecheck && npm run test:nosim	2026-10-06T12:34:43.0405001Z ✔ dream contracts reject independent malformed boundaries and retain valid controls (36.134865ms)
typescript	Run npm ci --no-audit --no-fund && npm run typecheck && npm run test:nosim	2026-10-06T12:34:43.0406541Z ✔ trusted elapsed advances and drains the existing due job with its owned event (45.834284ms)
typescript	Run npm ci --no-audit --no-fund && npm run typecheck && npm run test:nosim	2026-10-06T12:34:43.0408153Z ✔ trusted elapsed rejects invalid identity and intervals without adopting anything (18.191696ms)
typescript	Run npm ci --no-audit --no-fund && npm run typecheck && npm run test:nosim	2026-10-06T12:34:43.0409659Z ✔ normal player step cannot admit elapsed even through an offered alias (9.532254ms)
typescript	Run npm ci --no-audit --no-fund && npm run typecheck && npm run test:nosim	2026-10-06T12:34:43.0411058Z ✔ elapsed ActionSet offers neither Wait nor the authority elapsed command (7.266438ms)
typescript	Run npm ci --no-audit --no-fund && npm run typecheck && npm run test:nosim	2026-10-06T12:34:43.0412405Z ✔ elapsed player Wait refuses even when a forged alias offers it (7.201586ms)
typescript	Run npm ci --no-audit --no-fund && npm run typecheck && npm run test:nosim	2026-10-06T12:34:43.0413642Z ✔ elapsed loader requires the new kernel API and schedule owner (10.264032ms)
typescript	Run npm ci --no-audit --no-fund && npm run typecheck && npm run test:nosim	2026-10-06T12:34:43.0415189Z ✔ loader rejects authority elapsed actions and elapsed Wait aliases (12.829039ms)
typescript	Run npm ci --no-audit --no-fund && npm run typecheck && npm run test:nosim	2026-10-06T12:34:43.0416687Z ✔ loader rejects duration in elapsed profiles while the frozen legacy fixture loads (9.889883ms)
typescript	Run npm ci --no-audit --no-fund && npm run typecheck && npm run test:nosim	2026-10-06T12:34:43.0418135Z ✔ encounter and bound job composition matches portable literal rows (13.584808ms)
typescript	Run npm ci --no-audit --no-fund && npm run typecheck && npm run test:nosim	2026-10-06T12:34:43.0419555Z ✔ independent encounter preconditions reject matching counterfeit success (0.6897ms)
typescript	Run npm ci --no-audit --no-fund && npm run typecheck && npm run test:nosim	2026-10-06T12:34:43.0420858Z ✔ independent replay verifies every written lifecycle row (1.126085ms)
typescript	Run npm ci --no-audit --no-fund && npm run typecheck && npm run test:nosim	2026-10-06T12:34:43.0422070Z ✔ cancelling a future job frees one slot in a full queue (8.792922ms)
typescript	Run npm ci --no-audit --no-fund && npm run typecheck && npm run test:nosim	2026-10-06T12:34:43.0423520Z ✔ resource delivery times settle literal rows and reject counterfeit preconditions (5.103683ms)
typescript	Run npm ci --no-audit --no-fund && npm run typecheck && npm run test:nosim	2026-10-06T12:34:43.0425318Z ✔ a fresh world mints one holder per declared slot after the job, in slot-key order (47.738557ms)
typescript	Run npm ci --no-audit --no-fund && npm run typecheck && npm run test:nosim	2026-10-06T12:34:43.0426821Z ✔ a cartridge with equipment@1 but no slot keeps its ids and fresh state (32.316485ms)
typescript	Run npm ci --no-audit --no-fund && npm run typecheck && npm run test:nosim	2026-10-06T12:34:43.0428007Z ✔ wear and remove by invocation, with their refusals (45.513567ms)
typescript	Run npm ci --no-audit --no-fund && npm run typecheck && npm run test:nosim	2026-10-06T12:34:43.0429399Z ✔ the GameView lists the slots in order and wear and remove only where step accepts them (34.3944ms)
typescript	Run npm ci --no-audit --no-fund && npm run typecheck && npm run test:nosim	2026-10-06T12:34:43.0430629Z ✔ a worn item cannot be dropped, given or taken (12.743689ms)
typescript	Run npm ci --no-audit --no-fund && npm run typecheck && npm run test:nosim	2026-10-06T12:34:43.0431565Z ✔ two items in one holder fail containment_acyclic (5.40521ms)
typescript	Run npm ci --no-audit --no-fund && npm run typecheck && npm run test:nosim	2026-10-06T12:34:43.0432634Z ✔ a cartridge remove and its alias list on and remove a worn item (14.279561ms)
typescript	Run npm ci --no-audit --no-fund && npm run typecheck && npm run test:nosim	2026-10-06T12:34:43.0434154Z ✔ a targetless wear alias is not listed, and the invariant refuses a view listing it (6.780669ms)
typescript	Run npm ci --no-audit --no-fund && npm run typecheck && npm run test:nosim	2026-10-06T12:34:43.0436014Z ✔ worn gear counts once and Remove then Drop provides a carrying escape (19.376782ms)
typescript	Run npm ci --no-audit --no-fund && npm run typecheck && npm run test:nosim	2026-10-06T12:34:43.0437595Z ✔ rescue binds the original Wren, follows each Move, and finishes beside Elspeth (84.083284ms)
typescript	Run npm ci --no-audit --no-fund && npm run typecheck && npm run test:nosim	2026-10-06T12:34:43.0439082Z ✔ two-exit Flee carries the original follower to the drawn destination with one fare (36.198086ms)
typescript	Run npm ci --no-audit --no-fund && npm run typecheck && npm run test:nosim	2026-10-06T12:34:43.0440593Z ✔ real fatal combat leaves Wren behind and only a bound explicit Rejoin resumes travel (47.353668ms)
typescript	Run npm ci --no-audit --no-fund && npm run typecheck && npm run test:nosim	2026-10-06T12:34:43.0441926Z ✔ an escort choice cannot bind Vesper in place of the authored Wren (24.573737ms)
typescript	Run npm ci --no-audit --no-fund && npm run typecheck && npm run test:nosim	2026-10-06T12:34:43.0443262Z ✔ Rejoin refuses a relation whose original accepted choice names a different NPC (31.881445ms)
typescript	Run npm ci --no-audit --no-fund && npm run typecheck && npm run test:nosim	2026-10-06T12:34:43.0444702Z ✔ escort contracts match independent boundary literals (6.909317ms)
typescript	Run npm ci --no-audit --no-fund && npm run typecheck && npm run test:nosim	2026-10-06T12:34:43.0445842Z ✔ escort composition matches literal lifecycle and refusal rows (4.126579ms)
typescript	Run npm ci --no-audit --no-fund && npm run typecheck && npm run test:nosim	2026-10-06T12:34:43.0446996Z ✔ escort invariant rejects counterfeit and missing writes (2.287547ms)
typescript	Run npm ci --no-audit --no-fund && npm run typecheck && npm run test:nosim	2026-10-06T12:34:43.0448127Z ✔ exit availability follows the room-composed movement action (90.696248ms)
typescript	Run npm ci --no-audit --no-fund && npm run typecheck && npm run test:nosim	2026-10-06T12:34:43.0449380Z ✔ exit availability follows an offered movement action whose policy fails (16.654702ms)
typescript	Run npm ci --no-audit --no-fund && npm run typecheck && npm run test:nosim	2026-10-06T12:34:43.0450809Z ✔ a fresh world holds each fact default and no fact record (7.156627ms)
typescript	Run npm ci --no-audit --no-fund && npm run typecheck && npm run test:nosim	2026-10-06T12:34:43.0452061Z ✔ fact.assign through the delta path commits one record, at the Python state hash (7.387348ms)
typescript	Run npm ci --no-audit --no-fund && npm run typecheck && npm run test:nosim	2026-10-06T12:34:43.0453399Z ✔ conditions evaluate all, any, not and fact_compare over committed facts (4.817303ms)
typescript	Run npm ci --no-audit --no-fund && npm run typecheck && npm run test:nosim	2026-10-06T12:34:43.0455114Z ✔ describe shows the first variant whose condition holds, else the base (1.089881ms)
typescript	Run npm ci --no-audit --no-fund && npm run typecheck && npm run test:nosim	2026-10-06T12:34:43.0456331Z ✔ the green's and reed path's descriptions change with the facts (22.66223ms)
typescript	Run npm ci --no-audit --no-fund && npm run typecheck && npm run test:nosim	2026-10-06T12:34:43.0457421Z ✔ a player-scoped fact is read at the actor's own scope (1.026764ms)
typescript	Run npm ci --no-audit --no-fund && npm run typecheck && npm run test:nosim	2026-10-06T12:34:43.0459879Z ✔ facts_typed holds for typed facts and fails on each kind of bad record (3.855926ms)
typescript	Run npm ci --no-audit --no-fund && npm run typecheck && npm run test:nosim	2026-10-06T12:34:43.0461225Z ✔ a fact.assign its FactSpec does not allow faults precondition_failed (1.965649ms)
typescript	Run npm ci --no-audit --no-fund && npm run typecheck && npm run test:nosim	2026-10-06T12:34:43.0463045Z ✔ each fact.assign that changes its fact appends fact_changed after the rule events (1.733162ms)
typescript	Run npm ci --no-audit --no-fund && npm run typecheck && npm run test:nosim	2026-10-06T12:34:43.0464844Z ✔ a variant's unknown fact or missing text is UNRESOLVED_REFERENCE (32.435551ms)
typescript	Run npm ci --no-audit --no-fund && npm run typecheck && npm run test:nosim	2026-10-06T12:34:43.0466265Z ✔ details, variants and their ops without their owners locked are UNDECLARED_CAPABILITY (22.206173ms)
typescript	Run npm ci --no-audit --no-fund && npm run typecheck && npm run test:nosim	2026-10-06T12:34:43.0467783Z ✔ a fact of any scope other than exactly player or instance is FACT_SCOPE_UNSUPPORTED (16.983506ms)
typescript	Run npm ci --no-audit --no-fund && npm run typecheck && npm run test:nosim	2026-10-06T12:34:43.0469419Z ✔ quest resolution delivers activation to its evidenced actor and never restarts any prior instance (102.506728ms)
typescript	Run npm ci --no-audit --no-fund && npm run typecheck && npm run test:nosim	2026-10-06T12:34:43.0471013Z ✔ quest trigger matches both fields and rejects malformed source row, actor and scope (25.055944ms)
typescript	Run npm ci --no-audit --no-fund && npm run typecheck && npm run test:nosim	2026-10-06T12:34:43.0472463Z ✔ a malformed reaction source discards the report and all proposal-local changes (27.50931ms)
typescript	Run npm ci --no-audit --no-fund && npm run typecheck && npm run test:nosim	2026-10-06T12:34:43.0474184Z ✔ mixed consequences preserve fact/event order and skip a duplicate local activation (20.398725ms)
typescript	Run npm ci --no-audit --no-fund && npm run typecheck && npm run test:nosim	2026-10-06T12:34:43.0475705Z ✔ loader rejects missing quest references, trigger misuse and missing ownership locks (147.948933ms)
typescript	Run npm ci --no-audit --no-fund && npm run typecheck && npm run test:nosim	2026-10-06T12:34:43.0477226Z ✔ Notice-only recipe admission agreement searches standalone and board-child offers (47.277034ms)
typescript	Run npm ci --no-audit --no-fund && npm run typecheck && npm run test:nosim	2026-10-06T12:34:43.0478528Z ✔ Q2 contracts reject malformed shapes and accept their controls (6.701136ms)
typescript	Run npm ci --no-audit --no-fund && npm run typecheck && npm run test:nosim	2026-10-06T12:34:43.0479780Z ✔ board-child readable recipes project exclusively on the child Notice (39.156697ms)
typescript	Run npm ci --no-audit --no-fund && npm run typecheck && npm run test:nosim	2026-10-06T12:34:43.0481223Z ✔ portable fuel replacement matches independent literal valid and invalid answers (7.77951ms)
typescript	Run npm ci --no-audit --no-fund && npm run typecheck && npm run test:nosim	2026-10-06T12:34:43.0482419Z ✔ loader refuses a one-way hound area with a valid hash (122.81704ms)
typescript	Run npm ci --no-audit --no-fund && npm run typecheck && npm run test:nosim	2026-10-06T12:34:43.0483576Z ✔ loader refuses a slower wander than replacement with a valid hash (85.135376ms)
typescript	Run npm ci --no-audit --no-fund && npm run typecheck && npm run test:nosim	2026-10-06T12:34:43.0485370Z ✔ the integrated chapter has the independent genesis identities and one held pelt per hound (15.507732ms)
typescript	Run npm ci --no-audit --no-fund && npm run typecheck && npm run test:nosim	2026-10-06T12:34:43.0487462Z ✔ hourly wander and night boundary keep four then six bounded living hounds (24.269113ms)
typescript	Run npm ci --no-audit --no-fund && npm run typecheck && npm run test:nosim	2026-10-06T12:34:43.0488902Z ✔ thirty days of segmented elapsed time retain six members and one plan successor (728.995603ms)
typescript	Run npm ci --no-audit --no-fund && npm run typecheck && npm run test:nosim	2026-10-06T12:34:43.0490457Z ✔ combat-first and population-first boundaries conserve the same fatal hound slot and pelt (41.831037ms)
typescript	Run npm ci --no-audit --no-fund && npm run typecheck && npm run test:nosim	2026-10-06T12:34:43.0491953Z ✔ deliberate attack leaves the same pelt in a hound corpse and delays replacement (75.361256ms)
typescript	Run npm ci --no-audit --no-fund && npm run typecheck && npm run test:nosim	2026-10-06T12:34:43.0493252Z ✔ a due extra-slot death waits for night before its next generation (52.932927ms)
typescript	Run npm ci --no-audit --no-fund && npm run typecheck && npm run test:nosim	2026-10-06T12:34:43.0494923Z ✔ a lethal hound reply returns the same body and keeps the surviving hound (13.650636ms)
typescript	Run npm ci --no-audit --no-fund && npm run typecheck && npm run test:nosim	2026-10-06T12:34:43.0496325Z ✔ finite harvest selects the lowest real ID at equality and Drop/Take share stock (31.77459ms)
typescript	Run npm ci --no-audit --no-fund && npm run typecheck && npm run test:nosim	2026-10-06T12:34:43.0497857Z ✔ four immediate explicit exchanges conserve all twelve herbs/bandages and cap only S9 gain (167.469614ms)
typescript	Run npm ci --no-audit --no-fund && npm run typecheck && npm run test:nosim	2026-10-06T12:34:43.0499514Z ✔ exchange final load allows reducing overload and positive-net equality, refuses one gram over (33.97647ms)
typescript	Run npm ci --no-audit --no-fund && npm run typecheck && npm run test:nosim	2026-10-06T12:34:43.0501683Z ✔ bound turn-in refuses stale exact custody and older occurrence without effects (59.827725ms)
typescript	Run npm ci --no-audit --no-fund && npm run typecheck && npm run test:nosim	2026-10-06T12:34:43.0503207Z ✔ global saturation spends no allowance and unrelated loss never refunds S9 contribution (72.414656ms)
typescript	Run npm ci --no-audit --no-fund && npm run typecheck && npm run test:nosim	2026-10-06T12:34:43.0504898Z ✔ exchange retains original Wick bindings after definition mapping drift (13.312455ms)
typescript	Run npm ci --no-audit --no-fund && npm run typecheck && npm run test:nosim	2026-10-06T12:34:43.1346989Z ✔ harvest, exchange and retirement retain required identities and bounded stock (10.413585ms)
typescript	Run npm ci --no-audit --no-fund && npm run typecheck && npm run test:nosim	2026-10-06T12:34:43.1376685Z ✔ loader independently rejects invalid authored exchange and harvest stock (671.934417ms)
typescript	Run npm ci --no-audit --no-fund && npm run typecheck && npm run test:nosim	2026-10-06T12:34:43.1799770Z ✔ the adapter matches the invocation known answers (13.74365ms)
typescript	Run npm ci --no-audit --no-fund && npm run typecheck && npm run test:nosim	2026-10-06T12:34:43.1863301Z ✔ the intent digest matches its pinned known answers (1.588084ms)
typescript	Run npm ci --no-audit --no-fund && npm run typecheck && npm run test:nosim	2026-10-06T12:34:43.1897228Z ✔ a mismatch reports the step, both results and the state as canonical bytes (1.418116ms)
typescript	Run npm ci --no-audit --no-fund && npm run typecheck && npm run test:nosim	2026-10-06T12:34:43.1932693Z ✔ fault, rejection and failed attempt stay distinct; only the attempt changes the world (9.221132ms)
typescript	Run npm ci --no-audit --no-fund && npm run typecheck && npm run test:nosim	2026-10-06T12:34:43.7745555Z ✔ Lantern text follows current possession and terminal choice outcome (126.48355ms)
typescript	Run npm ci --no-audit --no-fund && npm run typecheck && npm run test:nosim	2026-10-06T12:34:43.7752065Z ✔ oar acquisition keeps the earned text after drop (28.102978ms)
typescript	Run npm ci --no-audit --no-fund && npm run typecheck && npm run test:nosim	2026-10-06T12:34:43.7761859Z ✔ terminal rows use outcome overrides, else their stage text (19.56302ms)
typescript	Run npm ci --no-audit --no-fund && npm run typecheck && npm run test:nosim	2026-10-06T12:34:43.7763384Z ✔ a quest without journal keeps its existing entry shape (5.665022ms)
typescript	Run npm ci --no-audit --no-fund && npm run typecheck && npm run test:nosim	2026-10-06T12:34:43.8035496Z ✔ admission decides the invoked action only (91.353681ms)
typescript	Run npm ci --no-audit --no-fund && npm run typecheck && npm run test:nosim	2026-10-06T12:34:43.8084946Z ✔ the known-answer runner steps with the invoked action (11.880843ms)
typescript	Run npm ci --no-audit --no-fund && npm run typecheck && npm run test:nosim	2026-10-06T12:34:44.0605576Z ✔ the known answer loads with its hash, as its hand-written value (45.573904ms)
typescript	Run npm ci --no-audit --no-fund && npm run typecheck && npm run test:nosim	2026-10-06T12:34:44.0621395Z ✔ the carry ending lands in its variant and ends Bram's talk (72.203692ms)
typescript	Run npm ci --no-audit --no-fund && npm run typecheck && npm run test:nosim	2026-10-06T12:34:44.0625486Z ✔ the leave ending lands in its variant and ends Bram's talk (53.386644ms)
typescript	Run npm ci --no-audit --no-fund && npm run typecheck && npm run test:nosim	2026-10-06T12:34:44.0628991Z ✔ at 06:00 the west gate is locked (39.75798ms)
typescript	Run npm ci --no-audit --no-fund && npm run typecheck && npm run test:nosim	2026-10-06T12:34:44.0635163Z ✔ the old gate lists unlock only with the lantern, and each exit shows what lies beyond (28.840614ms)
typescript	Run npm ci --no-audit --no-fund && npm run typecheck && npm run test:nosim	2026-10-06T12:34:44.8895994Z ✔ settles burn intervals once and preserves exhaustion through refueling (15.742558ms)
typescript	Run npm ci --no-audit --no-fund && npm run typecheck && npm run test:nosim	2026-10-06T12:34:44.8946578Z ✔ refuel conserves exact supply and preserves the settled effective lit state (4.045894ms)
typescript	Run npm ci --no-audit --no-fund && npm run typecheck && npm run test:nosim	2026-10-06T12:34:44.8990760Z ✔ unavailable refuel controls and forged commands refuse atomically (26.289551ms)
typescript	Run npm ci --no-audit --no-fund && npm run typecheck && npm run test:nosim	2026-10-06T12:34:44.8992508Z ✔ darkness shares projection/admission and never blocks the return stair (23.485333ms)
typescript	Run npm ci --no-audit --no-fund && npm run typecheck && npm run test:nosim	2026-10-06T12:34:44.8997913Z ✔ real lethal combat leaves reachable owner-only corpse roots and nested goods in darkness (28.042966ms)
typescript	Run npm ci --no-audit --no-fund && npm run typecheck && npm run test:nosim	2026-10-06T12:34:44.8999339Z ✔ illumination shares the target policy caller query budget (0.906662ms)
typescript	Run npm ci --no-audit --no-fund && npm run typecheck && npm run test:nosim	2026-10-06T12:34:44.9001307Z ✔ successor identity pin names the actual fresh rooms, subjects, jobs and equipment holders (0.686833ms)
typescript	Run npm ci --no-audit --no-fund && npm run typecheck && npm run test:nosim	2026-10-06T12:34:44.9003019Z ✔ light projection respects loaded keyed target and input admission before offering a source (307.870538ms)
typescript	Run npm ci --no-audit --no-fund && npm run typecheck && npm run test:nosim	2026-10-06T12:34:44.9249044Z ✔ light contracts share independent valid and invalid wire examples (27.944775ms)
typescript	Run npm ci --no-audit --no-fund && npm run typecheck && npm run test:nosim	2026-10-06T12:34:44.9251149Z ✔ authored light fields require API1.19 rather than merely a reserved capability lock (410.118634ms)
typescript	Run npm ci --no-audit --no-fund && npm run typecheck && npm run test:nosim	2026-10-06T12:34:45.0015508Z ✔ two real shop offers cost eight pennies and retain two empty shell identities (10.250437ms)
typescript	Run npm ci --no-audit --no-fund && npm run typecheck && npm run test:nosim	2026-10-06T12:34:45.0060196Z ✔ Fill, Drink, partial Pour and Drink conserve finite contents and affect no resource or clock (4.891242ms)
typescript	Run npm ci --no-audit --no-fund && npm run typecheck && npm run test:nosim	2026-10-06T12:34:45.0070727Z ✔ liquid refusal participants and custody leave every row unchanged while open nested skins work (2.433248ms)
typescript	Run npm ci --no-audit --no-fund && npm run typecheck && npm run test:nosim	2026-10-06T12:34:45.0072668Z ✔ Fill includes liquid mass, admits equality, and owned Pour/Drink remain legal while overloaded (2.780292ms)
typescript	Run npm ci --no-audit --no-fund && npm run typecheck && npm run test:nosim	2026-10-06T12:34:45.0074776Z ✔ Take and Buy reject filled mass above ceiling and GameView exposes exact current pairs (10.253442ms)
typescript	Run npm ci --no-audit --no-fund && npm run typecheck && npm run test:nosim	2026-10-06T12:34:45.0076541Z ✔ authored larger servings refuse a partial last drink and exhausted Pour keeps an empty shell (2.735495ms)
typescript	Run npm ci --no-audit --no-fund && npm run typecheck && npm run test:nosim	2026-10-06T12:34:45.0078665Z ✔ closed owned nested vessels and exact out-of-room sources refuse without a write (0.769225ms)
typescript	Run npm ci --no-audit --no-fund && npm run typecheck && npm run test:nosim	2026-10-06T12:34:45.0080239Z ✔ liquid pair projection fails at the same exhausted budget as direct admission (0.587457ms)
typescript	Run npm ci --no-audit --no-fund && npm run typecheck && npm run test:nosim	2026-10-06T12:34:45.0091623Z ✔ authored liquid overrides project the same availability as the exact invocation (219.772139ms)
typescript	Run npm ci --no-audit --no-fund && npm run typecheck && npm run test:nosim	2026-10-06T12:34:45.1131586Z ✔ liquid composition matches independently pinned rows and atomic refusals (20.070527ms)
typescript	Run npm ci --no-audit --no-fund && npm run typecheck && npm run test:nosim	2026-10-06T12:34:45.1165394Z ✔ liquid precondition replay rejects counterfeit successes and missing debit (2.035839ms)
typescript	Run npm ci --no-audit --no-fund && npm run typecheck && npm run test:nosim	2026-10-06T12:34:45.2175468Z ✔ liquid wire boundaries match independent literal errors and valid controls (26.445885ms)
typescript	Run npm ci --no-audit --no-fund && npm run typecheck && npm run test:nosim	2026-10-06T12:34:45.9199261Z ✔ the chapter walk: lids opened, unlocked and closed by invocation, take through them (149.26537ms)
typescript	Run npm ci --no-audit --no-fund && npm run typecheck && npm run test:nosim	2026-10-06T12:34:45.9203136Z ✔ a door verb names exactly one barrier: each bad shape is refused with its code (52.696997ms)
typescript	Run npm ci --no-audit --no-fund && npm run typecheck && npm run test:nosim	2026-10-06T12:34:45.9216016Z ✔ a key inside a held, locked trunk still unlocks it (has_item unchanged) (10.665535ms)
typescript	Run npm ci --no-audit --no-fund && npm run typecheck && npm run test:nosim	2026-10-06T12:34:45.9219107Z ✔ the GameView shows a lid, the verbs step accepts on it and what is in reach inside (36.7805ms)
typescript	Run npm ci --no-audit --no-fund && npm run typecheck && npm run test:nosim	2026-10-06T12:34:45.9221010Z ✔ the loader rejects only keys that can never be reached, and checks an item barrier (37.681805ms)
typescript	Run npm ci --no-audit --no-fund && npm run typecheck && npm run test:nosim	2026-10-06T12:34:57.4036560Z ✔ the active Missing Child release keeps the simulator invariants on controlled seeds (11499.945784ms)
typescript	Run npm ci --no-audit --no-fund && npm run typecheck && npm run test:nosim	2026-10-06T12:34:57.4465551Z ✔ bell contract controls match the shared fixtures (3.308234ms)
typescript	Run npm ci --no-audit --no-fund && npm run typecheck && npm run test:nosim	2026-10-06T12:34:57.4468818Z ✔ Ring admission still requires Q2 eligibility even if Q3 state is active (25.442763ms)
typescript	Run npm ci --no-audit --no-fund && npm run typecheck && npm run test:nosim	2026-10-06T12:34:57.4470285Z ✔ Ring rechecks unknown allegiance at execution (43.012653ms)
typescript	Run npm ci --no-audit --no-fund && npm run typecheck && npm run test:nosim	2026-10-06T12:34:57.4471938Z ✔ bell-first Ring resolves Q3, fails Q2 and starts exactly one retained scene (48.255187ms)
typescript	Run npm ci --no-audit --no-fund && npm run typecheck && npm run test:nosim	2026-10-06T12:34:57.4505074Z ✔ late Ring preserves both message and escort returns (144.583021ms)
typescript	Run npm ci --no-audit --no-fund && npm run typecheck && npm run test:nosim	2026-10-06T12:34:57.4524872Z ✔ Ring after either completed return preserves the completed outcome (76.25773ms)
typescript	Run npm ci --no-audit --no-fund && npm run typecheck && npm run test:nosim	2026-10-06T12:34:57.4568006Z ✔ Silence requires a completed return and permanently wins the bell choice (100.73695ms)
typescript	Run npm ci --no-audit --no-fund && npm run typecheck && npm run test:nosim	2026-10-06T12:34:57.4594829Z ✔ loaded Green scene must bind the Begin recipe detail (91.395028ms)
typescript	Run npm ci --no-audit --no-fund && npm run typecheck && npm run test:nosim	2026-10-06T12:34:57.4623534Z ✔ five Green endings require voluntary Begin and final-line acknowledgement (374.080487ms)
typescript	Run npm ci --no-audit --no-fund && npm run typecheck && npm run test:nosim	2026-10-06T12:34:57.4655506Z ✔ the original message is received once, cannot be given away, and resolves only at Elspeth (95.551197ms)
typescript	Run npm ci --no-audit --no-fund && npm run typecheck && npm run test:nosim	2026-10-06T12:34:57.4657635Z ✔ pending branch rechecks branch and status policy before Choose (43.883126ms)
typescript	Run npm ci --no-audit --no-fund && npm run typecheck && npm run test:nosim	2026-10-06T12:34:57.4683871Z ✔ capacity refusal preserves the pending branch and retries after ordinary Drop (56.935698ms)
typescript	Run npm ci --no-audit --no-fund && npm run typecheck && npm run test:nosim	2026-10-06T12:34:57.4715318Z ✔ turn-in rechecks direct message custody and present Elspeth and remains retryable (66.472095ms)
typescript	Run npm ci --no-audit --no-fund && npm run typecheck && npm run test:nosim	2026-10-06T12:34:57.4740747Z ✔ fatal combat preserves the same message in its corpse and ordinary travel and Take recover it (44.217815ms)
typescript	Run npm ci --no-audit --no-fund && npm run typecheck && npm run test:nosim	2026-10-06T12:34:57.4768348Z ✔ Give refuses a trunk containing the message but permits the empty trunk after Take (20.423917ms)
typescript	Run npm ci --no-audit --no-fund && npm run typecheck && npm run test:nosim	2026-10-06T12:34:57.4794705Z ✔ notice metadata uses the shared valid and invalid schema controls (16.557541ms)
typescript	Run npm ci --no-audit --no-fund && npm run typecheck && npm run test:nosim	2026-10-06T12:34:57.4824920Z ✔ loader rejects invalid board membership, title references and readable ownership (228.284204ms)
typescript	Run npm ci --no-audit --no-fund && npm run typecheck && npm run test:nosim	2026-10-06T12:34:57.4826866Z ✔ board projection keeps bounded identities and selected descriptions separate from Read eligibility (65.216469ms)
typescript	Run npm ci --no-audit --no-fund && npm run typecheck && npm run test:nosim	2026-10-06T12:34:57.4854921Z ✔ five real rats have distinct required birth rows, player HP10 and MV100 (110.655785ms)
typescript	Run npm ci --no-audit --no-fund && npm run typecheck && npm run test:nosim	2026-10-06T12:34:57.4885236Z ✔ actual admitted adjustment adopts only one rat and keeps effective bounds after elapsed time (41.434567ms)
typescript	Run npm ci --no-audit --no-fund && npm run typecheck && npm run test:nosim	2026-10-06T12:34:57.4898995Z ✔ explicit override queries refuse absent or malformed rows (22.999567ms)
typescript	Run npm ci --no-audit --no-fund && npm run typecheck && npm run test:nosim	2026-10-06T12:34:57.4900451Z ✔ loader rejects invalid NPC HP and enforces API 1.4 (267.658671ms)
typescript	Run npm ci --no-audit --no-fund && npm run typecheck && npm run test:nosim	2026-10-06T12:34:57.4902408Z ✔ original leader earns zero until real player joins four unique checkpoints (91.84398ms)
typescript	Run npm ci --no-audit --no-fund && npm run typecheck && npm run test:nosim	2026-10-06T12:34:57.4904256Z ✔ ordinary detour requires explicit Rejoin and fresh drawn continuation state (25.82506ms)
typescript	Run npm ci --no-audit --no-fund && npm run typecheck && npm run test:nosim	2026-10-06T12:34:57.4905866Z ✔ fatal combat invalidates together and awaiting attempts before immediate Restart (40.155785ms)
typescript	Run npm ci --no-audit --no-fund && npm run typecheck && npm run test:nosim	2026-10-06T12:34:57.4907574Z ✔ original Wren follow composes independently with leader-only Continue and one joined Move (29.070487ms)
typescript	Run npm ci --no-audit --no-fund && npm run typecheck && npm run test:nosim	2026-10-06T12:34:57.4909308Z ✔ public watch rooms, readables and Start remain usable at dusk, late night and next morning (36.215533ms)
typescript	Run npm ci --no-audit --no-fund && npm run typecheck && npm run test:nosim	2026-10-06T12:34:57.4910943Z ✔ loader refuses malformed patrol route, writer ownership and bare quest activation (1223.546957ms)
typescript	Run npm ci --no-audit --no-fund && npm run typecheck && npm run test:nosim	2026-10-06T12:34:57.4912328Z ✔ patrol contracts match independent boundary literals (21.605412ms)
typescript	Run npm ci --no-audit --no-fund && npm run typecheck && npm run test:nosim	2026-10-06T12:34:57.4913569Z ✔ patrol composition matches literal lifecycle and refusal rows (5.6739ms)
typescript	Run npm ci --no-audit --no-fund && npm run typecheck && npm run test:nosim	2026-10-06T12:34:57.4915067Z ✔ patrol invariant rejects counterfeit and missing writes (1.659881ms)
typescript	Run npm ci --no-audit --no-fund && npm run typecheck && npm run test:nosim	2026-10-06T12:35:02.2945634Z ✔ a scripted walk prints the rooms and rejections a player expects (2.214293ms)
typescript	Run npm ci --no-audit --no-fund && npm run typecheck && npm run test:nosim	2026-10-06T12:35:02.2947155Z ✔ every record validates and the game_trace keeps the ADR-075 §4 relationships (3.819108ms)
typescript	Run npm ci --no-audit --no-fund && npm run typecheck && npm run test:nosim	2026-10-06T12:35:02.3011404Z ✔ replaying the transcript twice reproduces its records and state hashes byte for byte (4122.691692ms)
typescript	Run npm ci --no-audit --no-fund && npm run typecheck && npm run test:nosim	2026-10-06T12:35:02.3025521Z ✔ a header in another world replays from that world (553.840889ms)
typescript	Run npm ci --no-audit --no-fund && npm run typecheck && npm run test:nosim	2026-10-06T12:35:02.3026835Z ✔ a header-only transcript replays to the same initial world (1130.932529ms)
typescript	Run npm ci --no-audit --no-fund && npm run typecheck && npm run test:nosim	2026-10-06T12:35:02.3028458Z ✔ a transcript recorded by another kernel version replays and names both versions (610.214646ms)
typescript	Run npm ci --no-audit --no-fund && npm run typecheck && npm run test:nosim	2026-10-06T12:35:02.3030247Z ✔ loader diagnostics are written with home paths and the device serial redacted (1235.580873ms)
typescript	Run npm ci --no-audit --no-fund && npm run typecheck && npm run test:nosim	2026-10-06T12:35:02.3031849Z ✔ go <serial> on a valid cartridge leaves the serial in no record (647.666531ms)
typescript	Run npm ci --no-audit --no-fund && npm run typecheck && npm run test:nosim	2026-10-06T12:35:02.3044070Z ✔ look <words> examines one detail, lists an ambiguity, and records failed lookups (1345.502662ms)
typescript	Run npm ci --no-audit --no-fund && npm run typecheck && npm run test:nosim	2026-10-06T12:35:02.3045644Z ✔ look <serial> or <user name> leaves neither in any record (581.78633ms)
typescript	Run npm ci --no-audit --no-fund && npm run typecheck && npm run test:nosim	2026-10-06T12:35:02.3046898Z ✔ a failed load records the input_digest known answer (569.823728ms)
typescript	Run npm ci --no-audit --no-fund && npm run typecheck && npm run test:nosim	2026-10-06T12:35:02.3048321Z ✔ kernel_version names the commit, with -dirty for an unclean tree (670.530068ms)
typescript	Run npm ci --no-audit --no-fund && npm run typecheck && npm run test:nosim	2026-10-06T12:35:02.3049917Z ✔ the terminal shows the description variant the fresh facts select (622.077135ms)
typescript	Run npm ci --no-audit --no-fund && npm run typecheck && npm run test:nosim	2026-10-06T12:35:02.3256968Z ✔ brief mode: a revisited room shows its title and contents; look shows all (678.489211ms)
typescript	Run npm ci --no-audit --no-fund && npm run typecheck && npm run test:nosim	2026-10-06T12:35:02.3280397Z ✔ doors are named by direction or keywords, and refusals read as words (632.354081ms)
typescript	Run npm ci --no-audit --no-fund && npm run typecheck && npm run test:nosim	2026-10-06T12:35:02.3282033Z ✔ scan shows each door that bars the way, else the room beyond and what is in it (681.453541ms)
typescript	Run npm ci --no-audit --no-fund && npm run typecheck && npm run test:nosim	2026-10-06T12:35:02.3284151Z ✔ take, drop, give, inventory and examine read as a player expects (679.583844ms)
typescript	Run npm ci --no-audit --no-fund && npm run typecheck && npm run test:nosim	2026-10-06T12:35:02.3285498Z ✔ a lookup matching 1,025 items is refused and the session goes on (1686.844466ms)
typescript	Run npm ci --no-audit --no-fund && npm run typecheck && npm run test:nosim	2026-10-06T12:35:02.3286930Z ✔ ring bell rings once, narrates, and the rooms and bell read differently after (573.873684ms)
typescript	Run npm ci --no-audit --no-fund && npm run typecheck && npm run test:nosim	2026-10-06T12:35:02.3288410Z ✔ an alias shared by recipes picks the one whose target the words name (1389.649385ms)
typescript	Run npm ci --no-audit --no-fund && npm run typecheck && npm run test:nosim	2026-10-06T12:35:02.3289779Z ✔ wait passes whole hours and the bell rings only between dusk and dawn (727.053462ms)
typescript	Run npm ci --no-audit --no-fund && npm run typecheck && npm run test:nosim	2026-10-06T12:35:02.3291228Z ✔ the status line follows the pools; exhaustion, costs and cooldowns read as words (735.714575ms)
typescript	Run npm ci --no-audit --no-fund && npm run typecheck && npm run test:nosim	2026-10-06T12:35:02.3292635Z ✔ play shows a narration line with its key and pinned participants (711.841518ms)
typescript	Run npm ci --no-audit --no-fund && npm run typecheck && npm run test:nosim	2026-10-06T12:35:02.3294357Z ✔ population control and slot composition match independent literal rows (9.024226ms)
typescript	Run npm ci --no-audit --no-fund && npm run typecheck && npm run test:nosim	2026-10-06T12:35:02.3295785Z ✔ population invariant rejects counterfeit success (0.369409ms)
typescript	Run npm ci --no-audit --no-fund && npm run typecheck && npm run test:nosim	2026-10-06T12:35:02.3296998Z ✔ numeric-vectors: rng_steps from initial_rng (3.018432ms)
typescript	Run npm ci --no-audit --no-fund && npm run typecheck && npm run test:nosim	2026-10-06T12:35:02.3298027Z ✔ numeric-vectors: division (0.312523ms)
typescript	Run npm ci --no-audit --no-fund && npm run typecheck && npm run test:nosim	2026-10-06T12:35:02.3299333Z ✔ numeric-vectors: invalid_json (1.466997ms)
typescript	Run npm ci --no-audit --no-fund && npm run typecheck && npm run test:nosim	2026-10-06T12:35:02.3300255Z ✔ numeric-vectors: canonical (0.515712ms)
typescript	Run npm ci --no-audit --no-fund && npm run typecheck && npm run test:nosim	2026-10-06T12:35:02.3301135Z ✔ adverse-cases: uniform (0.946886ms)
typescript	Run npm ci --no-audit --no-fund && npm run typecheck && npm run test:nosim	2026-10-06T12:35:02.3301948Z ✔ decode edge cases (0.579461ms)
typescript	Run npm ci --no-audit --no-fund && npm run typecheck && npm run test:nosim	2026-10-06T12:35:02.3302778Z ✔ encode escapes and key order (0.284431ms)
typescript	Run npm ci --no-audit --no-fund && npm run typecheck && npm run test:nosim	2026-10-06T12:35:02.3304769Z ✔ encode rejects values outside the profile (0.335817ms)
typescript	Run npm ci --no-audit --no-fund && npm run typecheck && npm run test:nosim	2026-10-06T12:35:02.3305896Z ✔ nesting is limited to 128 containers (1.583104ms)
typescript	Run npm ci --no-audit --no-fund && npm run typecheck && npm run test:nosim	2026-10-06T12:35:02.3306989Z ✔ hash is lowercase SHA-256 of the canonical bytes (2.458788ms)
typescript	Run npm ci --no-audit --no-fund && npm run typecheck && npm run test:nosim	2026-10-06T12:35:02.3308156Z ✔ checked integers overflow as a typed error (0.872067ms)
typescript	Run npm ci --no-audit --no-fund && npm run typecheck && npm run test:nosim	2026-10-06T12:35:02.3331422Z ✔ unsafe operands are integer_overflow (0.479875ms)
typescript	Run npm ci --no-audit --no-fund && npm run typecheck && npm run test:nosim	2026-10-06T12:35:02.3332492Z ✔ uniform accepts bound 2^32 (0.169907ms)
typescript	Run npm ci --no-audit --no-fund && npm run typecheck && npm run test:nosim	2026-10-06T12:35:02.3333447Z ✔ uniform rejects a bad draw budget (0.665893ms)
typescript	Run npm ci --no-audit --no-fund && npm run typecheck && npm run test:nosim	2026-10-06T12:35:02.3334557Z ✔ IdSource ids (1.151067ms)
typescript	Run npm ci --no-audit --no-fund && npm run typecheck && npm run test:nosim	2026-10-06T12:35:02.3335403Z ✔ IdSource rejects non-string ids (0.237413ms)
typescript	Run npm ci --no-audit --no-fund && npm run typecheck && npm run test:nosim	2026-10-06T12:35:02.3336358Z ✔ IdSource rejects a bad ordinal (0.228707ms)
typescript	Run npm ci --no-audit --no-fund && npm run typecheck && npm run test:nosim	2026-10-06T12:35:02.3337229Z ✔ CommandId known answers (0.863842ms)
typescript	Run npm ci --no-audit --no-fund && npm run typecheck && npm run test:nosim	2026-10-06T12:35:02.3338087Z ✔ CommandId rejects bad ids (0.322111ms)
typescript	Run npm ci --no-audit --no-fund && npm run typecheck && npm run test:nosim	2026-10-06T12:35:02.3338952Z ✔ job CommandId known answers (1.327888ms)
typescript	Run npm ci --no-audit --no-fund && npm run typecheck && npm run test:nosim	2026-10-06T12:35:02.3339894Z ✔ job CommandId rejects bad input (0.291945ms)
typescript	Run npm ci --no-audit --no-fund && npm run typecheck && npm run test:nosim	2026-10-06T12:35:02.3341226Z ✔ elapsed CommandId matches independently frozen run/world/interval vectors (4.628967ms)
typescript	Run npm ci --no-audit --no-fund && npm run typecheck && npm run test:nosim	2026-10-06T12:35:02.3342840Z ✔ elapsed CommandId rejects malformed identity and interval operands (0.464898ms)
typescript	Run npm ci --no-audit --no-fund && npm run typecheck && npm run test:nosim	2026-10-06T12:35:02.3344711Z ✔ a fresh world: no position record, the same state as without position@1, standing (51.188805ms)
typescript	Run npm ci --no-audit --no-fund && npm run typecheck && npm run test:nosim	2026-10-06T12:35:02.3346249Z ✔ the position walk by invocation: only move needs standing, after the door (61.565545ms)
typescript	Run npm ci --no-audit --no-fund && npm run typecheck && npm run test:nosim	2026-10-06T12:35:02.3347695Z ✔ a cartridge alias of sit is listed and dropped with sit, with its own policy (25.640458ms)
typescript	Run npm ci --no-audit --no-fund && npm run typecheck && npm run test:nosim	2026-10-06T12:35:02.3349284Z ✔ no position changes regeneration: mv 1 at 0 is 19 at 3600, standing, resting or asleep (20.06286ms)
typescript	Run npm ci --no-audit --no-fund && npm run typecheck && npm run test:nosim	2026-10-06T12:35:02.3350895Z ✔ the loader refuses content writing the position fact, and a wrong or missing spec (101.713961ms)
typescript	Run npm ci --no-audit --no-fund && npm run typecheck && npm run test:nosim	2026-10-06T12:35:02.3352744Z ✔ elapsed Rest/Stand/Sit/Sleep settles old rates and retains literal metadata (24.191344ms)
typescript	Run npm ci --no-audit --no-fund && npm run typecheck && npm run test:nosim	2026-10-06T12:35:02.3354530Z ✔ opted births at zero and calendar start earn only their own elapsed interval (6.551844ms)
typescript	Run npm ci --no-audit --no-fund && npm run typecheck && npm run test:nosim	2026-10-06T12:35:02.3356221Z ✔ distinct authored Sit/Sleep rates select the commanded position (12.662264ms)
typescript	Run npm ci --no-audit --no-fund && npm run typecheck && npm run test:nosim	2026-10-06T12:35:02.3357950Z ✔ the public admitted proposal path faults rate/position disagreement before acceptance (8.087198ms)
typescript	Run npm ci --no-audit --no-fund && npm run typecheck && npm run test:nosim	2026-10-06T12:35:02.3359594Z ✔ recovery loader checks actual opt-in dependencies and arithmetic bound (15.800549ms)
typescript	Run npm ci --no-audit --no-fund && npm run typecheck && npm run test:nosim	2026-10-06T12:35:02.3361885Z ✔ literal public Priory route returns safely under both child/bell outcomes at day and night (279.712441ms)
typescript	Run npm ci --no-audit --no-fund && npm run typecheck && npm run test:nosim	2026-10-06T12:35:02.3363660Z ✔ only deliberate exact held Read teaches its declared topic and keeps time RNG and other membership (43.430549ms)
typescript	Run npm ci --no-audit --no-fund && npm run typecheck && npm run test:nosim	2026-10-06T12:35:02.3365787Z ✔ open held ancestors admit exactly the original book; closed ground foreign worn and departed children refuse (13.113817ms)
typescript	Run npm ci --no-audit --no-fund && npm run typecheck && npm run test:nosim	2026-10-06T12:35:02.3367438Z ✔ literal novice schedules keep distinct cards and exact departure contexts (20.557565ms)
typescript	Run npm ci --no-audit --no-fund && npm run typecheck && npm run test:nosim	2026-10-06T12:35:02.3368854Z ✔ one 100g book fills a 11900g held load and the second Take refuses unchanged (7.013262ms)
typescript	Run npm ci --no-audit --no-fund && npm run typecheck && npm run test:nosim	2026-10-06T12:35:02.3370534Z ✔ Wisp completion and held Ward Read compose in both acquisition orders (101.162976ms)
typescript	Run npm ci --no-audit --no-fund && npm run typecheck && npm run test:nosim	2026-10-06T12:35:02.3372193Z ✔ ordinary notice Read remains eventless and teaches no topic in the active book cartridge (4.175341ms)
typescript	Run npm ci --no-audit --no-fund && npm run typecheck && npm run test:nosim	2026-10-06T12:35:02.3913141Z ✔ item writing, topic refs, text and unique player Boolean mappings fail closed (1202.658437ms)
typescript	Run npm ci --no-audit --no-fund && npm run typecheck && npm run test:nosim	2026-10-06T12:35:02.3957133Z ✔ loaded consult alias projects the Read command and resolves the exact nested book invocation (199.48407ms)
typescript	Run npm ci --no-audit --no-fund && npm run typecheck && npm run test:nosim	2026-10-06T12:35:02.4516226Z ✔ earned key unlocks the empty chest; Put/Close/Open/Take preserves the stored identity (43.321106ms)
typescript	Run npm ci --no-audit --no-fund && npm run typecheck && npm run test:nosim	2026-10-06T12:35:02.4535440Z ✔ capacity one accepts one deposit only; an unlimited own bag permits overloaded rearrangement (16.451717ms)
typescript	Run npm ci --no-audit --no-fund && npm run typecheck && npm run test:nosim	2026-10-06T12:35:02.4545656Z ✔ Put refuses worn/nonheld, missing/non-item, inaccessible, self and descendant destinations (7.867318ms)
typescript	Run npm ci --no-audit --no-fund && npm run typecheck && npm run test:nosim	2026-10-06T12:35:02.4585349Z ✔ Put enumeration and pair admission obey the shared query limit with no partial pair list (105.489984ms)
typescript	Run npm ci --no-audit --no-fund && npm run typecheck && npm run test:nosim	2026-10-06T12:35:02.4595539Z ✔ only authored receptacles accept Put pairs and conserved transfers (9.596845ms)
typescript	Run npm ci --no-audit --no-fund && npm run typecheck && npm run test:nosim	2026-10-06T12:35:02.4597142Z ✔ quest delivery runs in FIFO order, to instances active at emission and still active (80.894445ms)
typescript	Run npm ci --no-audit --no-fund && npm run typecheck && npm run test:nosim	2026-10-06T12:35:02.4598677Z ✔ a quest delivery counts toward the deliveries budget (212.317638ms)
typescript	Run npm ci --no-audit --no-fund && npm run typecheck && npm run test:nosim	2026-10-06T12:35:02.4600170Z ✔ every delivery eligible at emission counts toward the deliveries budget (125.112032ms)
typescript	Run npm ci --no-audit --no-fund && npm run typecheck && npm run test:nosim	2026-10-06T12:35:02.8549887Z ✔ an accept choice activates its quest; the talk opens the first dialogue that holds (107.864748ms)
typescript	Run npm ci --no-audit --no-fund && npm run typecheck && npm run test:nosim	2026-10-06T12:35:02.8585071Z ✔ a stale accept is invalid_state once the actor has an instance (28.39841ms)
typescript	Run npm ci --no-audit --no-fund && npm run typecheck && npm run test:nosim	2026-10-06T12:35:02.8586374Z ✔ an accept is invalid_state while its quest's offer policy fails (25.325643ms)
typescript	Run npm ci --no-audit --no-fund && npm run typecheck && npm run test:nosim	2026-10-06T12:35:02.8587667Z ✔ the loader checks each accept: a quest, no dialogue quest, no hand_over (40.976311ms)
typescript	Run npm ci --no-audit --no-fund && npm run typecheck && npm run test:nosim	2026-10-06T12:35:03.1645836Z ✔ accept activates the quest: one quest.activate and its quest_activated (50.249628ms)
typescript	Run npm ci --no-audit --no-fund && npm run typecheck && npm run test:nosim	2026-10-06T12:35:03.1647220Z ✔ a second accept and an accept of an undeclared quest are refused (27.152071ms)
typescript	Run npm ci --no-audit --no-fund && npm run typecheck && npm run test:nosim	2026-10-06T12:35:03.1723609Z ✔ the offer is a place action that resolves to accept_quest and is withdrawn after (14.522351ms)
typescript	Run npm ci --no-audit --no-fund && npm run typecheck && npm run test:nosim	2026-10-06T12:35:03.1766405Z ✔ an offer whose policy fails is listed unavailable and accept is invalid_state (5.292497ms)
typescript	Run npm ci --no-audit --no-fund && npm run typecheck && npm run test:nosim	2026-10-06T12:35:03.1779893Z ✔ activation credits current possession under current_state only (12.977158ms)
typescript	Run npm ci --no-audit --no-fund && npm run typecheck && npm run test:nosim	2026-10-06T12:35:03.1807815Z ✔ a post-activation acquisition completes a strict objective; current state stores nothing (8.53079ms)
typescript	Run npm ci --no-audit --no-fund && npm run typecheck && npm run test:nosim	2026-10-06T12:35:03.1835345Z ✔ neither an earlier acquisition nor a give to someone else completes a strict objective (8.039193ms)
typescript	Run npm ci --no-audit --no-fund && npm run typecheck && npm run test:nosim	2026-10-06T12:35:03.1864943Z ✔ resolution re-checks current possession and resolves an open instance once (8.592776ms)
typescript	Run npm ci --no-audit --no-fund && npm run typecheck && npm run test:nosim	2026-10-06T12:35:03.1866516Z ✔ a strict objective resolves only once its event completed it (12.985794ms)
typescript	Run npm ci --no-audit --no-fund && npm run typecheck && npm run test:nosim	2026-10-06T12:35:03.1893556Z ✔ a cartridge using quest_state loads and its description follows the quest (26.822052ms)
typescript	Run npm ci --no-audit --no-fund && npm run typecheck && npm run test:nosim	2026-10-06T12:35:03.1935006Z ✔ the journal lists the player quest with its state and title (17.780152ms)
typescript	Run npm ci --no-audit --no-fund && npm run typecheck && npm run test:nosim	2026-10-06T12:35:03.1954894Z ✔ the loader checks quest references, texts, keys and the lock (45.307937ms)
typescript	Run npm ci --no-audit --no-fund && npm run typecheck && npm run test:nosim	2026-10-06T12:35:03.1985199Z ✔ two strict quests on one item complete in quest order, also after a restore (8.633001ms)
typescript	Run npm ci --no-audit --no-fund && npm run typecheck && npm run test:nosim	2026-10-06T12:35:16.6395886Z ✔ a move into the green triggers green_noticed, whose fact_changed triggers gossip (64.928507ms)
typescript	Run npm ci --no-audit --no-fund && npm run typecheck && npm run test:nosim	2026-10-06T12:35:16.6398088Z ✔ a wait runs Bram's arrival's reactions to quiescence before Maud's job (42.086615ms)
typescript	Run npm ci --no-audit --no-fund && npm run typecheck && npm run test:nosim	2026-10-06T12:35:16.6399802Z ✔ entering the belfry starts a cycle that faults budget_exceeded and commits nothing (22.362851ms)
typescript	Run npm ci --no-audit --no-fund && npm run typecheck && npm run test:nosim	2026-10-06T12:35:16.6401428Z ✔ a chain of 32 deliveries commits; one of 33 exceeds reaction_depth (85.647806ms)
typescript	Run npm ci --no-audit --no-fund && npm run typecheck && npm run test:nosim	2026-10-06T12:35:16.6403101Z ✔ 8193 deliveries of one event exceed deliveries, whether their `when` holds or not (5561.015723ms)
typescript	Run npm ci --no-audit --no-fund && npm run typecheck && npm run test:nosim	2026-10-06T12:35:16.6404949Z ✔ reaction guards past 32768 policy leaves exceed query_steps (1492.602237ms)
typescript	Run npm ci --no-audit --no-fund && npm run typecheck && npm run test:nosim	2026-10-06T12:35:16.6406554Z ✔ a move whose action policy evaluates more than 32768 leaves exceeds query_steps (2276.945343ms)
typescript	Run npm ci --no-audit --no-fund && npm run typecheck && npm run test:nosim	2026-10-06T12:35:16.6408063Z ✔ a root and its reactions share one query_steps budget (2072.416959ms)
typescript	Run npm ci --no-audit --no-fund && npm run typecheck && npm run test:nosim	2026-10-06T12:35:16.6409571Z ✔ a root over the operations limit names it, found at its first delivery (6.127647ms)
typescript	Run npm ci --no-audit --no-fund && npm run typecheck && npm run test:nosim	2026-10-06T12:35:16.6411067Z ✔ deliveries and query_steps over at one check name query_steps (1880.10275ms)
typescript	Run npm ci --no-audit --no-fund && npm run typecheck && npm run test:nosim	2026-10-06T12:35:16.6413237Z ✔ a chain past reaction_depth from Bram's 19:00 arrival discards the whole wait (21.865032ms)
typescript	Run npm ci --no-audit --no-fund && npm run typecheck && npm run test:nosim	2026-10-06T12:35:16.6414909Z ✔ 4097 events exceed the events budget; 4096 commit (74.331936ms)
typescript	Run npm ci --no-audit --no-fund && npm run typecheck && npm run test:nosim	2026-10-06T12:35:16.6416203Z ✔ the loader checks reaction triggers, consequences and owners (43.358895ms)
typescript	Run npm ci --no-audit --no-fund && npm run typecheck && npm run test:nosim	2026-10-06T12:35:16.7115864Z ✔ Read selects authored writing with exact empty consequences at a fixed horizon (23.647241ms)
typescript	Run npm ci --no-audit --no-fund && npm run typecheck && npm run test:nosim	2026-10-06T12:35:16.7125142Z ✔ Read refuses wrong targets and remote readable details with distinct codes (6.870232ms)
typescript	Run npm ci --no-audit --no-fund && npm run typecheck && npm run test:nosim	2026-10-06T12:35:16.7126738Z ✔ a projected Read resolves its exact target and the invariant detects a substituted target (8.203359ms)
typescript	Run npm ci --no-audit --no-fund && npm run typecheck && npm run test:nosim	2026-10-06T12:35:16.7128196Z ✔ composed action restrictions remove Read and raw commands cannot bypass them (10.991403ms)
typescript	Run npm ci --no-audit --no-fund && npm run typecheck && npm run test:nosim	2026-10-06T12:35:16.7129520Z ✔ a running scene suppresses Read even with readable content present (3.119572ms)
typescript	Run npm ci --no-audit --no-fund && npm run typecheck && npm run test:nosim	2026-10-06T12:35:16.7130724Z ✔ Read projection fails closed at query and concrete-target budgets (115.759522ms)
typescript	Run npm ci --no-audit --no-fund && npm run typecheck && npm run test:nosim	2026-10-06T12:35:16.7132016Z ✔ terminal read resolves authored aliases and narrates both chapter details (636.815158ms)
typescript	Run npm ci --no-audit --no-fund && npm run typecheck && npm run test:nosim	2026-10-06T12:35:16.7133151Z ✔ the five ActionSet operations compose by stable key (1.973684ms)
typescript	Run npm ci --no-audit --no-fund && npm run typecheck && npm run test:nosim	2026-10-06T12:35:16.7135291Z ✔ ring bell assigns the fact, then fact_changed, then the custom event, and narrates (42.716552ms)
typescript	Run npm ci --no-audit --no-fund && npm run typecheck && npm run test:nosim	2026-10-06T12:35:16.7136658Z ✔ an assign that keeps its value takes no position and emits no fact_changed (7.889438ms)
typescript	Run npm ci --no-audit --no-fund && npm run typecheck && npm run test:nosim	2026-10-06T12:35:16.7137956Z ✔ perform is rejected for another target, key or room, and once its policy fails (13.0603ms)
typescript	Run npm ci --no-audit --no-fund && npm run typecheck && npm run test:nosim	2026-10-06T12:35:16.7139222Z ✔ a recipe assigning a wrongly typed value faults with nothing committed (4.03944ms)
typescript	Run npm ci --no-audit --no-fund && npm run typecheck && npm run test:nosim	2026-10-06T12:35:16.7140513Z ✔ the place's actions: the recipe first while its detail is here, then the verbs (5.901036ms)
typescript	Run npm ci --no-audit --no-fund && npm run typecheck && npm run test:nosim	2026-10-06T12:35:16.7142338Z ✔ a room's contributions shape its actions, and step admits only what they offer (25.192763ms)
typescript	Run npm ci --no-audit --no-fund && npm run typecheck && npm run test:nosim	2026-10-06T12:35:16.7143618Z ✔ a cartridge action overrides the engine verb of its key, policy included (8.95142ms)
typescript	Run npm ci --no-audit --no-fund && npm run typecheck && npm run test:nosim	2026-10-06T12:35:16.7145051Z ✔ the output budget counts the fact_changed events adopt adds (156.895065ms)
typescript	Run npm ci --no-audit --no-fund && npm run typecheck && npm run test:nosim	2026-10-06T12:35:16.7146389Z ✔ a command no offered action's target or input accepts is refused like an unoffered one (4.06579ms)
typescript	Run npm ci --no-audit --no-fund && npm run typecheck && npm run test:nosim	2026-10-06T12:35:16.7147570Z ✔ an entity target in the action's scope is admitted (24.489666ms)
typescript	Run npm ci --no-audit --no-fund && npm run typecheck && npm run test:nosim	2026-10-06T12:35:16.7148689Z ✔ a recipe's unknown target, fact or text is UNRESOLVED_REFERENCE (69.788177ms)
typescript	Run npm ci --no-audit --no-fund && npm run typecheck && npm run test:nosim	2026-10-06T12:35:16.7150021Z ✔ a recipe with an action's or a registered command's key is DUPLICATE_DEFINITION (6.174289ms)
typescript	Run npm ci --no-audit --no-fund && npm run typecheck && npm run test:nosim	2026-10-06T12:35:16.7151385Z ✔ a room's contribution naming no verb, action or recipe is UNRESOLVED_REFERENCE (3.49811ms)
typescript	Run npm ci --no-audit --no-fund && npm run typecheck && npm run test:nosim	2026-10-06T12:35:16.7152765Z ✔ a recipe and its steps without their owners locked are UNDECLARED_CAPABILITY (4.236529ms)
typescript	Run npm ci --no-audit --no-fund && npm run typecheck && npm run test:nosim	2026-10-06T12:35:16.7154277Z ✔ a v1 action policy's undeclared fact is UNRESOLVED_REFERENCE (1.810199ms)
typescript	Run npm ci --no-audit --no-fund && npm run typecheck && npm run test:nosim	2026-10-06T12:35:16.7156005Z ✔ a recipe has a failure outcome exactly when it has a check (OUTCOME_MISMATCH) (8.350669ms)
typescript	Run npm ci --no-audit --no-fund && npm run typecheck && npm run test:nosim	2026-10-06T12:35:16.7157336Z ✔ a failure outcome's references and owners, and the check's, are checked (9.483022ms)
typescript	Run npm ci --no-audit --no-fund && npm run typecheck && npm run test:nosim	2026-10-06T12:35:16.7158450Z ✔ time_window needs schedule@1 and a non-empty window (7.946705ms)
typescript	Run npm ci --no-audit --no-fund && npm run typecheck && npm run test:nosim	2026-10-06T12:35:16.7159656Z ✔ a recipe's or a policy's fact value outside its FactSpec is FACT_TYPE_MISMATCH (3.993565ms)
typescript	Run npm ci --no-audit --no-fund && npm run typecheck && npm run test:nosim	2026-10-06T12:35:16.7160846Z ✔ two recipes' checks with one key are DUPLICATE_DEFINITION (5.349566ms)
typescript	Run npm ci --no-audit --no-fund && npm run typecheck && npm run test:nosim	2026-10-06T12:35:16.7162016Z ✔ a resource spec whose bounds do not hold its start is RESOURCE_SPEC_INVALID (16.82602ms)
typescript	Run npm ci --no-audit --no-fund && npm run typecheck && npm run test:nosim	2026-10-06T12:35:16.7163425Z ✔ a cost's, threshold's or resource.adjust's unknown resource is UNRESOLVED_REFERENCE (8.068663ms)
typescript	Run npm ci --no-audit --no-fund && npm run typecheck && npm run test:nosim	2026-10-06T12:35:16.7165338Z ✔ resources without resource@1 in the lock are UNDECLARED_CAPABILITY (5.526827ms)
typescript	Run npm ci --no-audit --no-fund && npm run typecheck && npm run test:nosim	2026-10-06T12:35:16.7166611Z ✔ a failed threshold check still pays its cost; success runs the outcome (52.680812ms)
typescript	Run npm ci --no-audit --no-fund && npm run typecheck && npm run test:nosim	2026-10-06T12:35:16.7167860Z ✔ a threshold reads the resource before the recipe pays its costs (17.952072ms)
typescript	Run npm ci --no-audit --no-fund && npm run typecheck && npm run test:nosim	2026-10-06T12:35:16.7169637Z ✔ an unaffordable cost is insufficient_resource before any draw, and changes nothing (23.126519ms)
typescript	Run npm ci --no-audit --no-fund && npm run typecheck && npm run test:nosim	2026-10-06T12:35:16.7171435Z ✔ a move costs 1 mv and is refused at 0 mv (11.005454ms)
typescript	Run npm ci --no-audit --no-fund && npm run typecheck && npm run test:nosim	2026-10-06T12:35:16.7173232Z ✔ a cartridge without the pools moves for free, writes and shows no resource (6.286756ms)
typescript	Run npm ci --no-audit --no-fund && npm run typecheck && npm run test:nosim	2026-10-06T12:35:16.7175382Z ✔ regeneration adds gain per hour boundary crossed, stopping at the maximum (18.35797ms)
typescript	Run npm ci --no-audit --no-fund && npm run typecheck && npm run test:nosim	2026-10-06T12:35:16.7177180Z ✔ a resource.adjust step stops at the maximum; at full value it changes nothing (18.519892ms)
typescript	Run npm ci --no-audit --no-fund && npm run typecheck && npm run test:nosim	2026-10-06T12:35:16.7178699Z ✔ a cooldown of 2^53 - 1 refuses with cooldown, not a fault (6.378107ms)
typescript	Run npm ci --no-audit --no-fund && npm run typecheck && npm run test:nosim	2026-10-06T12:35:16.7180110Z ✔ a cooldown refuses the recipe until exactly its end (8.561773ms)
typescript	Run npm ci --no-audit --no-fund && npm run typecheck && npm run test:nosim	2026-10-06T12:35:16.7181311Z ✔ a failed attempt starts the cooldown too (6.356406ms)
typescript	Run npm ci --no-audit --no-fund && npm run typecheck && npm run test:nosim	2026-10-06T12:35:16.7183013Z ✔ the GameView shows cooldowns, unaffordable costs and exhaustion as unavailable (25.212165ms)
typescript	Run npm ci --no-audit --no-fund && npm run typecheck && npm run test:nosim	2026-10-06T12:35:16.7204979Z ✔ the view lists the body resources at the clock with their bands (19.18276ms)
typescript	Run npm ci --no-audit --no-fund && npm run typecheck && npm run test:nosim	2026-10-06T12:35:16.7207997Z ✔ the band is the first row of 04 §15 whose cut p reaches (105.31988ms)
typescript	Run npm ci --no-audit --no-fund && npm run typecheck && npm run test:nosim	2026-10-06T12:35:16.7209240Z ✔ a cartridge move cost of 2 mv charges 2 and refuses the next move at 1 mv (4.979465ms)
typescript	Run npm ci --no-audit --no-fund && npm run typecheck && npm run test:nosim	2026-10-06T12:35:16.7210355Z ✔ a move cost on another pool pays that pool and leaves mv (4.666491ms)
typescript	Run npm ci --no-audit --no-fund && npm run typecheck && npm run test:nosim	2026-10-06T12:35:16.7211564Z ✔ a pool's own band table gives the first band whose cut p reaches, with its tone (22.605028ms)
typescript	Run npm ci --no-audit --no-fund && npm run typecheck && npm run test:nosim	2026-10-06T12:35:16.7212671Z ✔ the engine default table gives each band its tone (30.386554ms)
typescript	Run npm ci --no-audit --no-fund && npm run typecheck && npm run test:nosim	2026-10-06T12:35:16.7213673Z ✔ a pool's bands beat world.bands, which beat the engine default (9.333122ms)
typescript	Run npm ci --no-audit --no-fund && npm run typecheck && npm run test:nosim	2026-10-06T12:35:16.7215535Z ✔ reward adds and clamps trust; every independent death credit is required (198.516322ms)
typescript	Run npm ci --no-audit --no-fund && npm run typecheck && npm run test:nosim	2026-10-06T12:35:16.7216940Z ✔ receive shares carry boundary and leaves Close usable after whole-command refusal (57.195791ms)
typescript	Run npm ci --no-audit --no-fund && npm run typecheck && npm run test:nosim	2026-10-06T12:35:16.7218528Z ✔ bound reward and NPC are revalidated; resolved continuation and quest cannot pay twice (42.995401ms)
typescript	Run npm ci --no-audit --no-fund && npm run typecheck && npm run test:nosim	2026-10-06T12:35:16.7220077Z ✔ adjustment uses sequence overlay and faults on corrupt/unsafe values before effects (57.497905ms)
typescript	Run npm ci --no-audit --no-fund && npm run typecheck && npm run test:nosim	2026-10-06T12:35:16.7221631Z ✔ received identity completes an already-active acquisition quest in the same proposal (19.546459ms)
typescript	Run npm ci --no-audit --no-fund && npm run typecheck && npm run test:nosim	2026-10-06T12:35:16.7223084Z ✔ incoming custody is choice-specific and other bound items stay actor-held (21.348181ms)
typescript	Run npm ci --no-audit --no-fund && npm run typecheck && npm run test:nosim	2026-10-06T12:35:16.7224742Z ✔ shared reward/storage schema controls reject malformed fields in the portable validator (3.695449ms)
typescript	Run npm ci --no-audit --no-fund && npm run typecheck && npm run test:nosim	2026-10-06T12:35:16.7225891Z ✔ portable loader rejects malformed reward roles, types and reserved writes (275.639422ms)
typescript	Run npm ci --no-audit --no-fund && npm run typecheck && npm run test:nosim	2026-10-06T12:35:16.7227293Z ✔ static reward-key potential retains wrong-custody and inaccessible-speaker lockouts (47.002349ms)
typescript	Run npm ci --no-audit --no-fund && npm run typecheck && npm run test:nosim	2026-10-06T12:35:16.7228672Z ✔ each transfer feature requires API1.10 without changing terminal receive (136.177101ms)
typescript	Run npm ci --no-audit --no-fund && npm run typecheck && npm run test:nosim	2026-10-06T12:35:16.7229984Z ✔ receive with accept requires API1.14 (24.65643ms)
typescript	Run npm ci --no-audit --no-fund && npm run typecheck && npm run test:nosim	2026-10-06T12:35:16.7254828Z ✔ bounded dialogue and journal contracts match literal controls (20.327066ms)
typescript	Run npm ci --no-audit --no-fund && npm run typecheck && npm run test:nosim	2026-10-06T12:35:16.7256464Z ✔ an unlock counts its key check: 32767 action leaves fit, 32768 exceed query_steps (3313.326001ms)
typescript	Run npm ci --no-audit --no-fund && npm run typecheck && npm run test:nosim	2026-10-06T12:35:16.7257962Z ✔ an accept counts its objective check: 32767 offer leaves fit, 32768 exceed query_steps (1609.824343ms)
typescript	Run npm ci --no-audit --no-fund && npm run typecheck && npm run test:nosim	2026-10-06T12:35:16.7259362Z ✔ a talk counts its policy twice: 16384 leaves fit, 16385 exceed query_steps (821.808483ms)
typescript	Run npm ci --no-audit --no-fund && npm run typecheck && npm run test:nosim	2026-10-06T12:35:16.7260759Z ✔ a choose counts policy and objective: 32766 leaves fit, 32767 exceed query_steps (1595.710143ms)
typescript	Run npm ci --no-audit --no-fund && npm run typecheck && npm run test:nosim	2026-10-06T12:35:16.7261965Z ✔ every modal Continue requires its shown scene and line (82.690112ms)
typescript	Run npm ci --no-audit --no-fund && npm run typecheck && npm run test:nosim	2026-10-06T12:35:16.7263087Z ✔ fresh scenes keep the same state as their scene-free variant (25.040638ms)
typescript	Run npm ci --no-audit --no-fund && npm run typecheck && npm run test:nosim	2026-10-06T12:35:16.7294851Z ✔ story outcome starts line one and refuses every ordinary action at both boundaries (24.918214ms)
typescript	Run npm ci --no-audit --no-fund && npm run typecheck && npm run test:nosim	2026-10-06T12:35:16.7296342Z ✔ each continue advances one line, ends at minus one and composes its fact reaction (26.438254ms)
typescript	Run npm ci --no-audit --no-fund && npm run typecheck && npm run test:nosim	2026-10-06T12:35:16.7297751Z ✔ start needs only scene and never restarts an ended fact or a different outcome (33.940742ms)
typescript	Run npm ci --no-audit --no-fund && npm run typecheck && npm run test:nosim	2026-10-06T12:35:16.7299113Z ✔ a fresh world starts at 06:00 with Bram at the landing and his job due at 19:00 (41.760998ms)
typescript	Run npm ci --no-audit --no-fund && npm run typecheck && npm run test:nosim	2026-10-06T12:35:16.7300361Z ✔ wait to 19:00 moves Bram to the green through his job; 18:59 does not (9.014879ms)
typescript	Run npm ci --no-audit --no-fund && npm run typecheck && npm run test:nosim	2026-10-06T12:35:16.7301668Z ✔ a job its own advance would schedule at or before the target faults the whole wait (6.810423ms)
typescript	Run npm ci --no-audit --no-fund && npm run typecheck && npm run test:nosim	2026-10-06T12:35:16.7302801Z ✔ due jobs run in due-time order across one advance (6.482391ms)
typescript	Run npm ci --no-audit --no-fund && npm run typecheck && npm run test:nosim	2026-10-06T12:35:16.7304073Z ✔ jobs due at one time run in job-id order whatever the row order (6.063068ms)
typescript	Run npm ci --no-audit --no-fund && npm run typecheck && npm run test:nosim	2026-10-06T12:35:16.7305194Z ✔ a run_job submitted to step is refused and changes nothing (4.567637ms)
typescript	Run npm ci --no-audit --no-fund && npm run typecheck && npm run test:nosim	2026-10-06T12:35:16.7306386Z ✔ a recipe's duration runs the job due inside it in the player's proposal (6.439791ms)
typescript	Run npm ci --no-audit --no-fund && npm run typecheck && npm run test:nosim	2026-10-06T12:35:16.7307704Z ✔ a body starts with its resources at their start values at the calendar start (6.848084ms)
typescript	Run npm ci --no-audit --no-fund && npm run typecheck && npm run test:nosim	2026-10-06T12:35:16.7308956Z ✔ an advance over a job budget faults whole, in a wait and in a recipe (27.28821ms)
typescript	Run npm ci --no-audit --no-fund && npm run typecheck && npm run test:nosim	2026-10-06T12:35:16.7310291Z ✔ a root over a job budget names its limit, pending_jobs before due_jobs_per_advance (75.777121ms)
typescript	Run npm ci --no-audit --no-fund && npm run typecheck && npm run test:nosim	2026-10-06T12:35:16.7311590Z ✔ the loader checks schedule rooms and the schedule and calendar owners (9.72267ms)
typescript	Run npm ci --no-audit --no-fund && npm run typecheck && npm run test:nosim	2026-10-06T12:35:16.7312786Z ✔ a recipe's committed narration pins its participants' EntityIds (3.08559ms)
typescript	Run npm ci --no-audit --no-fund && npm run typecheck && npm run test:nosim	2026-10-06T12:35:16.7347092Z ✔ an item participant is pinned to the item's EntityId (4.866925ms)
typescript	Run npm ci --no-audit --no-fund && npm run typecheck && npm run test:nosim	2026-10-06T12:35:16.7348258Z ✔ the loader rejects a narration participant naming no npc or item of its role (9.243676ms)
typescript	Run npm ci --no-audit --no-fund && npm run typecheck && npm run test:nosim	2026-10-06T12:35:16.7349485Z ✔ literal room/meal/ale outcomes conserve exact money, stock and capped MV (539.001747ms)
typescript	Run npm ci --no-audit --no-fund && npm run typecheck && npm run test:nosim	2026-10-06T12:35:16.7350326Z ✔ service refusal rolls back every row and respects exact provider, quote and complete serving (1364.32349ms)
typescript	Run npm ci --no-audit --no-fund && npm run typecheck && npm run test:nosim	2026-10-06T12:35:16.7351214Z ✔ loaded differently named service keys project exactly the captured invocation admission (362.681481ms)
typescript	Run npm ci --no-audit --no-fund && npm run typecheck && npm run test:nosim	2026-10-06T12:35:16.7352019Z ✔ old-rate elapsed settlement precedes meal and actual targetless bed Rest (216.826243ms)
typescript	Run npm ci --no-audit --no-fund && npm run typecheck && npm run test:nosim	2026-10-06T12:35:16.7352848Z ✔ bound second provider pays and consumes its own stock; only service can assign entitlement (98.387948ms)
typescript	Run npm ci --no-audit --no-fund && npm run typecheck && npm run test:nosim	2026-10-06T12:35:16.7354199Z ✔ the complete integrated B8 initial identities match the Python known answer (91.797101ms)
typescript	Run npm ci --no-audit --no-fund && npm run typecheck && npm run test:nosim	2026-10-06T12:35:16.7355830Z ✔ service contracts reject independent malformed boundaries and retain valid controls (124.385053ms)
typescript	Run npm ci --no-audit --no-fund && npm run typecheck && npm run test:nosim	2026-10-06T12:35:16.7357259Z ✔ complete spawned birth admits only its literal pair, HP and matching slot (19.443487ms)
typescript	Run npm ci --no-audit --no-fund && npm run typecheck && npm run test:nosim	2026-10-06T12:35:16.7358544Z ✔ paired spawned prefix remains composable for intermediate reads (0.715396ms)
typescript	Run npm ci --no-audit --no-fund && npm run typecheck && npm run test:nosim	2026-10-06T12:35:16.7359620Z ✔ a newborn cannot also occupy a foreign plan slot (2.308428ms)
typescript	Run npm ci --no-audit --no-fund && npm run typecheck && npm run test:nosim	2026-10-06T12:35:16.7360998Z ✔ each final occupied slot binds its own same-group newborn (5.39077ms)
typescript	Run npm ci --no-audit --no-fund && npm run typecheck && npm run test:nosim	2026-10-06T12:35:16.7362103Z ✔ a fresh world gives each detail a target id after the rooms (8.131949ms)
typescript	Run npm ci --no-audit --no-fund && npm run typecheck && npm run test:nosim	2026-10-06T12:35:16.7363270Z ✔ resolution is none, unique or ambiguous per the hand-written table (8.797511ms)
typescript	Run npm ci --no-audit --no-fund && npm run typecheck && npm run test:nosim	2026-10-06T12:35:16.7365080Z ✔ look with a target_id examines a detail of this room, else not_found or not_present (1.572115ms)
typescript	Run npm ci --no-audit --no-fund && npm run typecheck && npm run test:nosim	2026-10-06T12:35:16.7366417Z ✔ a lookup over 1024 candidates fails explicitly; 1024 are all returned (31.82842ms)
typescript	Run npm ci --no-audit --no-fund && npm run typecheck && npm run test:nosim	2026-10-06T12:35:16.7367624Z ✔ target_present holds for a target in reach and never without one (69.987086ms)
typescript	Run npm ci --no-audit --no-fund && npm run typecheck && npm run test:nosim	2026-10-06T12:35:16.7368789Z ✔ the target reaches admission for a talk alias, a recipe and a take (23.244277ms)
typescript	Run npm ci --no-audit --no-fund && npm run typecheck && npm run test:nosim	2026-10-06T12:35:16.7369614Z ✔ every talk path gives the same code in the GameView and in step (53.23637ms)
typescript	Run npm ci --no-audit --no-fund && npm run typecheck && npm run test:nosim	2026-10-06T12:35:16.7370418Z ✔ unqualified learning persists distinct acquisition and one-time exact payment and custody (84.986303ms)
typescript	Run npm ci --no-audit --no-fund && npm run typecheck && npm run test:nosim	2026-10-06T12:35:16.7371226Z ✔ lesson rechecks teacher, exact original gift, money and carry atomically (40.614319ms)
typescript	Run npm ci --no-audit --no-fund && npm run typecheck && npm run test:nosim	2026-10-06T12:35:16.7372215Z ✔ only qualified learned wield custody selects the sword at the due opportunity (78.047812ms)
typescript	Run npm ci --no-audit --no-fund && npm run typecheck && npm run test:nosim	2026-10-06T12:35:16.7373943Z ✔ strict dodge then shield block stop later draws on independent S3/S4 answers (32.754546ms)
typescript	Run npm ci --no-audit --no-fund && npm run typecheck && npm run test:nosim	2026-10-06T12:35:16.7375212Z ✔ sleeping cannot defend and lethal armed hits close before retaliation (19.165547ms)
typescript	Run npm ci --no-audit --no-fund && npm run typecheck && npm run test:nosim	2026-10-06T12:35:16.7376475Z ✔ new typed contracts require independent fields and reject boundary values (4.67713ms)
typescript	Run npm ci --no-audit --no-fund && npm run typecheck && npm run test:nosim	2026-10-06T12:35:16.7378020Z ✔ skill loader owns reserved acquisition, qualifications, teacher funding and real equipment shapes (317.87349ms)
typescript	Run npm ci --no-audit --no-fund && npm run typecheck && npm run test:nosim	2026-10-06T12:35:25.0154276Z ✔ every example transcript replays and exercises its capability (10336.075728ms)
typescript	Run npm ci --no-audit --no-fund && npm run typecheck && npm run test:nosim	2026-10-06T12:35:25.0321113Z node:internal/child_process:1160
typescript	Run npm ci --no-audit --no-fund && npm run typecheck && npm run test:nosim	2026-10-06T12:35:25.0322154Z     result.error = new ErrnoException(result.error, 'spawnSync ' + options.file);
typescript	Run npm ci --no-audit --no-fund && npm run typecheck && npm run test:nosim	2026-10-06T12:35:25.0322827Z                    ^
typescript	Run npm ci --no-audit --no-fund && npm run typecheck && npm run test:nosim	2026-10-06T12:35:25.0322980Z 
typescript	Run npm ci --no-audit --no-fund && npm run typecheck && npm run test:nosim	2026-10-06T12:35:25.0323152Z <ref *1> Error: spawnSync mise ENOENT
typescript	Run npm ci --no-audit --no-fund && npm run typecheck && npm run test:nosim	2026-10-06T12:35:25.0323579Z     at Object.spawnSync (node:internal/child_process:1160:20)
typescript	Run npm ci --no-audit --no-fund && npm run typecheck && npm run test:nosim	2026-10-06T12:35:25.0324309Z     at spawnSync (node:child_process:928:24)
typescript	Run npm ci --no-audit --no-fund && npm run typecheck && npm run test:nosim	2026-10-06T12:35:25.0324698Z     at execFileSync (node:child_process:971:15)
typescript	Run npm ci --no-audit --no-fund && npm run typecheck && npm run test:nosim	2026-10-06T12:35:25.0325291Z     at file://<redacted-path>
typescript	Run npm ci --no-audit --no-fund && npm run typecheck && npm run test:nosim	2026-10-06T12:35:25.0325927Z     at ModuleJob.run (node:internal/modules/esm/module_job:561:25)
typescript	Run npm ci --no-audit --no-fund && npm run typecheck && npm run test:nosim	2026-10-06T12:35:25.0326398Z     at async node:internal/modules/esm/loader:647:26
typescript	Run npm ci --no-audit --no-fund && npm run typecheck && npm run test:nosim	2026-10-06T12:35:25.0327123Z     at async asyncRunEntryPointWithESMLoader (node:internal/modules/run_main:101:5) {
typescript	Run npm ci --no-audit --no-fund && npm run typecheck && npm run test:nosim	2026-10-06T12:35:25.0328475Z   errno: -2,
typescript	Run npm ci --no-audit --no-fund && npm run typecheck && npm run test:nosim	2026-10-06T12:35:25.0328892Z   code: 'ENOENT',
typescript	Run npm ci --no-audit --no-fund && npm run typecheck && npm run test:nosim	2026-10-06T12:35:25.0329263Z   syscall: 'spawnSync mise',
typescript	Run npm ci --no-audit --no-fund && npm run typecheck && npm run test:nosim	2026-10-06T12:35:25.0329776Z   path: 'mise',
typescript	Run npm ci --no-audit --no-fund && npm run typecheck && npm run test:nosim	2026-10-06T12:35:25.0330165Z   spawnargs: [
typescript	Run npm ci --no-audit --no-fund && npm run typecheck && npm run test:nosim	2026-10-06T12:35:25.0330506Z     'exec',
typescript	Run npm ci --no-audit --no-fund && npm run typecheck && npm run test:nosim	2026-10-06T12:35:25.0330892Z     '--',
typescript	Run npm ci --no-audit --no-fund && npm run typecheck && npm run test:nosim	2026-10-06T12:35:25.0331257Z     'mix',
typescript	Run npm ci --no-audit --no-fund && npm run typecheck && npm run test:nosim	2026-10-06T12:35:25.0331649Z     'loka.compile',
typescript	Run npm ci --no-audit --no-fund && npm run typecheck && npm run test:nosim	2026-10-06T12:35:25.0332133Z     'cartridges/ashmere_missing_child',
typescript	Run npm ci --no-audit --no-fund && npm run typecheck && npm run test:nosim	2026-10-06T12:35:25.0332719Z     '<redacted-path>
typescript	Run npm ci --no-audit --no-fund && npm run typecheck && npm run test:nosim	2026-10-06T12:35:25.0333068Z   ],
typescript	Run npm ci --no-audit --no-fund && npm run typecheck && npm run test:nosim	2026-10-06T12:35:25.0333275Z   error: [Circular *1],
typescript	Run npm ci --no-audit --no-fund && npm run typecheck && npm run test:nosim	2026-10-06T12:35:25.0333517Z   status: null,
typescript	Run npm ci --no-audit --no-fund && npm run typecheck && npm run test:nosim	2026-10-06T12:35:25.0333942Z   signal: null,
typescript	Run npm ci --no-audit --no-fund && npm run typecheck && npm run test:nosim	2026-10-06T12:35:25.0334193Z   output: null,
typescript	Run npm ci --no-audit --no-fund && npm run typecheck && npm run test:nosim	2026-10-06T12:35:25.0334403Z   pid: 0,
typescript	Run npm ci --no-audit --no-fund && npm run typecheck && npm run test:nosim	2026-10-06T12:35:25.0334608Z   stdout: undefined,
typescript	Run npm ci --no-audit --no-fund && npm run typecheck && npm run test:nosim	2026-10-06T12:35:25.0334850Z   stderr: undefined
typescript	Run npm ci --no-audit --no-fund && npm run typecheck && npm run test:nosim	2026-10-06T12:35:25.0335069Z }
typescript	Run npm ci --no-audit --no-fund && npm run typecheck && npm run test:nosim	2026-10-06T12:35:25.0335173Z 
typescript	Run npm ci --no-audit --no-fund && npm run typecheck && npm run test:nosim	2026-10-06T12:35:25.0335271Z Node.js v24.21.0
typescript	Run npm ci --no-audit --no-fund && npm run typecheck && npm run test:nosim	2026-10-06T12:35:25.0335765Z ✖ test/transport.test.ts (431.371014ms)
typescript	Run npm ci --no-audit --no-fund && npm run typecheck && npm run test:nosim	2026-10-06T12:35:25.0336530Z ✔ transport contracts reject independent malformed boundaries and retain valid controls (22.241759ms)
typescript	Run npm ci --no-audit --no-fund && npm run typecheck && npm run test:nosim	2026-10-06T12:35:25.0337865Z ✔ every contract has examples and every example validates (44.037299ms)
typescript	Run npm ci --no-audit --no-fund && npm run typecheck && npm run test:nosim	2026-10-06T12:35:25.0338741Z ✔ invalid fixtures fail with exactly the listed errors (69.311695ms)
typescript	Run npm ci --no-audit --no-fund && npm run typecheck && npm run test:nosim	2026-10-06T12:35:25.0339559Z ✔ the capability registry: valid entries, key@version unique, covers the chapter-one lock, all portable (2.039687ms)
typescript	Run npm ci --no-audit --no-fund && npm run typecheck && npm run test:nosim	2026-10-06T12:35:25.0340369Z ✔ the capability lock encodes and hashes to the independent known answer (2.613919ms)
typescript	Run npm ci --no-audit --no-fund && npm run typecheck && npm run test:nosim	2026-10-06T12:35:25.0340968Z ✔ a declared __proto__ property survives generation (0.25196ms)
typescript	Run npm ci --no-audit --no-fund && npm run typecheck && npm run test:nosim	2026-10-06T12:35:25.0341655Z ✔ values outside the canonical profile are rejected at decode, before validation (1.127264ms)
typescript	Run npm ci --no-audit --no-fund && npm run typecheck && npm run test:nosim	2026-10-06T12:35:25.0342440Z ✔ a recursive Policy at the depth cap (3.802998ms)
typescript	Run npm ci --no-audit --no-fund && npm run typecheck && npm run test:nosim	2026-10-06T12:35:25.0342868Z ✔ narration at 64 and 65 lines (3.575845ms)
typescript	Run npm ci --no-audit --no-fund && npm run typecheck && npm run test:nosim	2026-10-06T12:35:25.0343291Z ✔ ambiguous candidates at 1024 and 1025 (8.530653ms)
typescript	Run npm ci --no-audit --no-fund && npm run typecheck && npm run test:nosim	2026-10-06T12:35:25.0344098Z ✔ every composition-profile limit is a valid BudgetExceeded (0.96441ms)
typescript	Run npm ci --no-audit --no-fund && npm run typecheck && npm run test:nosim	2026-10-06T12:35:25.0344921Z ✔ marsh marker is visible in darkness while ordinary details and the undiscovered wisp refuse raw IDs (47.741253ms)
typescript	Run npm ci --no-audit --no-fund && npm run typecheck && npm run test:nosim	2026-10-06T12:35:25.0345801Z ✔ immutable attribute Seek passes at five, fails at four and keeps RNG and time unchanged (19.284646ms)
typescript	Run npm ci --no-audit --no-fund && npm run typecheck && npm run test:nosim	2026-10-06T12:35:25.0346644Z ✔ only bank-valid wrong answers count and third closes only the sitting with immediate reset (54.521541ms)
typescript	Run npm ci --no-audit --no-fund && npm run typecheck && npm run test:nosim	2026-10-06T12:35:25.0347605Z ✔ pending answer rechecks effective direct light and bound original participants while Close remains usable (38.906458ms)
typescript	Run npm ci --no-audit --no-fund && npm run typecheck && npm run test:nosim	2026-10-06T12:35:25.0348617Z ✔ correct uppercase answer resolves S4 once, projects one ward and exactly selects public Aldric ward dialogue (28.900718ms)
typescript	Run npm ci --no-audit --no-fund && npm run typecheck && npm run test:nosim	2026-10-06T12:35:25.0349463Z ✔ an already-known ward still resolves S4 without another topic assignment (16.835896ms)
typescript	Run npm ci --no-audit --no-fund && npm run typecheck && npm run test:nosim	2026-10-06T12:35:25.0350268Z ✔ projected and raw bounded Choose reject a foreign NPC binding without an attempt (10.799258ms)
typescript	Run npm ci --no-audit --no-fund && npm run typecheck && npm run test:nosim	2026-10-06T12:35:25.0350895Z ✔ independent bounded attempt and Wisp contracts (35.470859ms)
typescript	Run npm ci --no-audit --no-fund && npm run typecheck && npm run test:nosim	2026-10-06T12:35:25.0351512Z ✔ a fresh world mints IdSource ids and puts the player in the entry room (14.16024ms)
typescript	Run npm ci --no-audit --no-fund && npm run typecheck && npm run test:nosim	2026-10-06T12:35:25.0352075Z ✔ a body out of mv waits an hour and moves again (59.625113ms)
typescript	Run npm ci --no-audit --no-fund && npm run typecheck && npm run test:nosim	2026-10-06T12:35:25.0352704Z ✔ move north proposes one transfer and entity_entered_room, and commits it (1.445568ms)
typescript	Run npm ci --no-audit --no-fund && npm run typecheck && npm run test:nosim	2026-10-06T12:35:25.0353413Z ✔ a scripted walk visits the expected rooms and rejects the known bad moves (6.98601ms)
typescript	Run npm ci --no-audit --no-fund && npm run typecheck && npm run test:nosim	2026-10-06T12:35:25.0354508Z ✔ look is accepted with an empty delta and leaves the state unchanged (1.037246ms)
typescript	Run npm ci --no-audit --no-fund && npm run typecheck && npm run test:nosim	2026-10-06T12:35:25.0355330Z ✔ unknown capabilities and other actors are rejected before any rule (1.727695ms)
typescript	Run npm ci --no-audit --no-fund && npm run typecheck && npm run test:nosim	2026-10-06T12:35:25.0355910Z ✔ the movement invariants fail on a broken world (1.090946ms)
typescript	Run npm ci --no-audit --no-fund && npm run typecheck && npm run test:nosim	2026-10-06T12:35:25.0356492Z ✔ the delta digest construction matches the Python known answer (0.485807ms)
typescript	Run npm ci --no-audit --no-fund && npm run typecheck && npm run test:nosim	2026-10-06T12:35:25.0357364Z ✔ a foreign event faults unowned_event, and a rule mutating the world throws (4.548043ms)
typescript	Run npm ci --no-audit --no-fund && npm run typecheck && npm run test:nosim	2026-10-06T12:35:25.0358070Z ✔ INSTALLED is each rule module and each implemented ruleless capability (13.162686ms)
typescript	Run npm ci --no-audit --no-fund && npm run typecheck && npm run test:nosim	2026-10-06T12:35:25.0358824Z ✔ only accepted meeting after actual report and Study marks Wren met at every hour (83.320313ms)
typescript	Run npm ci --no-audit --no-fund && npm run typecheck && npm run test:nosim	2026-10-06T12:35:25.0359734Z ✔ wrong answer retries the same bound row; malformed banks refuse; correct answer is once-only and nonterminal (45.20076ms)
typescript	Run npm ci --no-audit --no-fund && npm run typecheck && npm run test:nosim	2026-10-06T12:35:25.0360668Z ✔ either original participant leaving or dying disables Choose while Close stays available (118.403648ms)
typescript	Run npm ci --no-audit --no-fund && npm run typecheck && npm run test:nosim	2026-10-06T12:35:25.0361179Z ℹ tests 646
typescript	Run npm ci --no-audit --no-fund && npm run typecheck && npm run test:nosim	2026-10-06T12:35:25.0361381Z ℹ suites 0
typescript	Run npm ci --no-audit --no-fund && npm run typecheck && npm run test:nosim	2026-10-06T12:35:25.0361585Z ℹ pass 645
typescript	Run npm ci --no-audit --no-fund && npm run typecheck && npm run test:nosim	2026-10-06T12:35:25.0361774Z ℹ fail 1
typescript	Run npm ci --no-audit --no-fund && npm run typecheck && npm run test:nosim	2026-10-06T12:35:25.0361971Z ℹ cancelled 0
typescript	Run npm ci --no-audit --no-fund && npm run typecheck && npm run test:nosim	2026-10-06T12:35:25.0362178Z ℹ skipped 0
typescript	Run npm ci --no-audit --no-fund && npm run typecheck && npm run test:nosim	2026-10-06T12:35:25.0362374Z ℹ todo 0
typescript	Run npm ci --no-audit --no-fund && npm run typecheck && npm run test:nosim	2026-10-06T12:35:25.0362601Z ℹ duration_ms 58039.882648
typescript	Run npm ci --no-audit --no-fund && npm run typecheck && npm run test:nosim	2026-10-06T12:35:25.0362757Z 
typescript	Run npm ci --no-audit --no-fund && npm run typecheck && npm run test:nosim	2026-10-06T12:35:25.0362868Z ✖ failing tests:
typescript	Run npm ci --no-audit --no-fund && npm run typecheck && npm run test:nosim	2026-10-06T12:35:25.0362991Z 
typescript	Run npm ci --no-audit --no-fund && npm run typecheck && npm run test:nosim	2026-10-06T12:35:25.0363146Z test at test/transport.test.ts:1:1
typescript	Run npm ci --no-audit --no-fund && npm run typecheck && npm run test:nosim	2026-10-06T12:35:25.0363507Z ✖ test/transport.test.ts (431.371014ms)
typescript	Run npm ci --no-audit --no-fund && npm run typecheck && npm run test:nosim	2026-10-06T12:35:25.0364680Z   'test failed'
typescript	Run npm ci --no-audit --no-fund && npm run typecheck && npm run test:nosim	2026-10-06T12:35:25.0509806Z ##[error]Process completed with exit code 1.
