
> loka-app@0.0.0 test
> node --test --test-reporter=${TEST_REPORTER:-spec} "../authority/**/*.test.ts" "book/*.test.ts" "*.test.ts"

TAP version 13
# Subtest: ../authority/local-story/__tests__/dream-host.test.ts
ok 1 - ../authority/local-story/__tests__/dream-host.test.ts
  ---
  duration_ms: 848.844583
  type: 'test'
  ...
# Subtest: ../authority/local-story/__tests__/elapsed-host.test.ts
ok 2 - ../authority/local-story/__tests__/elapsed-host.test.ts
  ---
  duration_ms: 843.261667
  type: 'test'
  ...
# Subtest: ../authority/local-story/__tests__/reward-host.test.ts
ok 3 - ../authority/local-story/__tests__/reward-host.test.ts
  ---
  duration_ms: 839.414208
  type: 'test'
  ...
# Subtest: bell-first loss survives real rollback-journal SQLite reopen after every scene line
ok 4 - bell-first loss survives real rollback-journal SQLite reopen after every scene line
  ---
  duration_ms: 666.378583
  type: 'test'
  ...
# Subtest: forged lost quest without Ring receipt gives typed save corruption
ok 5 - forged lost quest without Ring receipt gives typed save corruption
  ---
  duration_ms: 59.083583
  type: 'test'
  ...
# Subtest: late Ring keeps both Q2 returns playable through cold reopen
ok 6 - late Ring keeps both Q2 returns playable through cold reopen
  ---
  duration_ms: 960.433958
  type: 'test'
  ...
# Subtest: both completed returns keep Silence and its two scene lines through cold reopen
ok 7 - both completed returns keep Silence and its two scene lines through cold reopen
  ---
  duration_ms: 1307.37575
  type: 'test'
  ...
# Subtest: fox terminal requires its own committed Silence receipt
ok 8 - fox terminal requires its own committed Silence receipt
  ---
  duration_ms: 216.287167
  type: 'test'
  ...
# Subtest: Silence receipt rejects foreign actors on linked fact events
ok 9 - Silence receipt rejects foreign actors on linked fact events
  ---
  duration_ms: 759.804542
  type: 'test'
  ...
# Subtest: Silence receipt binds its action, actor and scene cause
ok 10 - Silence receipt binds its action, actor and scene cause
  ---
  duration_ms: 2669.410083
  type: 'test'
  ...
# Subtest: fox terminal rejects contradictory saved rows without repairing them
ok 11 - fox terminal rejects contradictory saved rows without repairing them
  ---
  duration_ms: 1140.845375
  type: 'test'
  ...
# Subtest: Silence COMMIT uncertainty settles once and its exact receipt replays unchanged
ok 12 - Silence COMMIT uncertainty settles once and its exact receipt replays unchanged
  ---
  duration_ms: 693.67325
  type: 'test'
  ...
# Subtest: late Ring rejects a receipt with an extra Q2 loss transition
ok 13 - late Ring rejects a receipt with an extra Q2 loss transition
  ---
  duration_ms: 171.210917
  type: 'test'
  ...
# Subtest: bell save contradictions offer typed recovery without changing saved rows
ok 14 - bell save contradictions offer typed recovery without changing saved rows
  ---
  duration_ms: 1590.2445
  type: 'test'
  ...
# Subtest: linked Ring receipt fields reject controlled forgeries without repairing rows
ok 15 - linked Ring receipt fields reject controlled forgeries without repairing rows
  ---
  duration_ms: 4503.272125
  type: 'test'
  ...
# Subtest: Ring COMMIT uncertainty settles to one complete outcome and one replayable receipt
ok 16 - Ring COMMIT uncertainty settles to one complete outcome and one replayable receipt
  ---
  duration_ms: 535.034709
  type: 'test'
  ...
# Subtest: saved custody cycle faults in step
ok 17 - saved custody cycle faults in step
  ---
  duration_ms: 769.842417
  type: 'test'
  ...
# Subtest: saved custody cycle faults in list
ok 18 - saved custody cycle faults in list
  ---
  duration_ms: 623.074417
  type: 'test'
  ...
# Subtest: saved custody cycle faults in barrier
ok 19 - saved custody cycle faults in barrier
  ---
  duration_ms: 1033.725416
  type: 'test'
  ...
# Subtest: Take and item-barrier reach preserve the spent decision budget
ok 20 - Take and item-barrier reach preserve the spent decision budget
  ---
  duration_ms: 398.744541
  type: 'test'
  ...
# Subtest: a closed ancestor refuses reach before the hidden cycle
ok 21 - a closed ancestor refuses reach before the hidden cycle
  ---
  duration_ms: 10.403084
  type: 'test'
  ...
# Subtest: saved B2 acceptance and funded turn-in reopen with their exact rows
ok 22 - saved B2 acceptance and funded turn-in reopen with their exact rows
  ---
  duration_ms: 184.837708
  type: 'test'
  ...
# Subtest: reopen refuses a missing bound expiry job
ok 23 - reopen refuses a missing bound expiry job
  ---
  duration_ms: 143.452208
  type: 'test'
  ...
# Subtest: expired B2 obligation reopens with one trust penalty
ok 24 - expired B2 obligation reopens with one trust penalty
  ---
  duration_ms: 130.732291
  type: 'test'
  ...
# Subtest: on-time saved axis must agree with its turn-in receipt
ok 25 - on-time saved axis must agree with its turn-in receipt
  ---
  duration_ms: 173.662292
  type: 'test'
  ...
# Subtest: on-time receipt balances must match funded and saved rows
ok 26 - on-time receipt balances must match funded and saved rows
  ---
  duration_ms: 148.701208
  type: 'test'
  ...
# Subtest: expiry receipt trust scope must name its bound actor
ok 27 - expiry receipt trust scope must name its bound actor
  ---
  duration_ms: 62.683875
  type: 'test'
  ...
# Subtest: reopen derives Reeds from the saved trigger choice, equal to headless play
ok 28 - reopen derives Reeds from the saved trigger choice, equal to headless play
  ---
  duration_ms: 65.496458
  type: 'test'
  ...
# Subtest: real SQLite reopens Attack and both M4 A rounds with original receipt replay
ok 29 - real SQLite reopens Attack and both M4 A rounds with original receipt replay
  ---
  duration_ms: 58.7795
  type: 'test'
  ...
# Subtest: a real rat kill commits corpse and preacceptance credit together and reopens exactly
ok 30 - a real rat kill commits corpse and preacceptance credit together and reopens exactly
  ---
  duration_ms: 138.126958
  type: 'test'
  ...
# Subtest: actual lethal combat returns empty-handed and ordinary six-exit journey recovers corpse roots
ok 31 - actual lethal combat returns empty-handed and ordinary six-exit journey recovers corpse roots
  ---
  duration_ms: 135.039417
  type: 'test'
  ...
# Subtest: genuine FULL and both unknown-COMMIT outcomes fence a real fatal round
ok 32 - genuine FULL and both unknown-COMMIT outcomes fence a real fatal round
  ---
  duration_ms: 153.036833
  type: 'test'
  ...
# Subtest: saved encounter corruption refuses before exposing play without repairing rows
ok 33 - saved encounter corruption refuses before exposing play without repairing rows
  ---
  duration_ms: 110.0265
  type: 'test'
  ...
# Subtest: input at the due deadline settles lethal combat before attempting Flee
ok 34 - input at the due deadline settles lethal combat before attempting Flee
  ---
  duration_ms: 10.968708
  type: 'test'
  ...
# Subtest: random Flee destination and RNG reopen and replay one SQLite receipt
ok 35 - random Flee destination and RNG reopen and replay one SQLite receipt
  ---
  duration_ms: 11.763208
  type: 'test'
  ...
# Subtest: scheduled opponent departure reopens and reconciles before a harmless due combat round
ok 36 - scheduled opponent departure reopens and reconciles before a harmless due combat round
  ---
  duration_ms: 183.119958
  type: 'test'
  ...
# Subtest: real SQLite reopens buy before acceptance, active, and both chronological payout orders
ok 37 - real SQLite reopens buy before acceptance, active, and both chronological payout orders
  ---
  duration_ms: 486.8445
  type: 'test'
  ...
# Subtest: purchase receipt retry, sale and buyback cold reopen one exact item and conserved pennies
ok 38 - purchase receipt retry, sale and buyback cold reopen one exact item and conserved pennies
  ---
  duration_ms: 123.739583
  type: 'test'
  ...
# Subtest: buy under an active and expired S2 retains the exact ledger and pending/failure truth
ok 39 - buy under an active and expired S2 retains the exact ledger and pending/failure truth
  ---
  duration_ms: 261.56525
  type: 'test'
  ...
# Subtest: cold open refuses omitted debit, wrong recipient, false prior balance and reversed receipt order
ok 40 - cold open refuses omitted debit, wrong recipient, false prior balance and reversed receipt order
  ---
  duration_ms: 876.814625
  type: 'test'
  ...
# Subtest: shop failed COMMIT and both unknown outcomes retain all prior or all next rows
ok 41 - shop failed COMMIT and both unknown outcomes retain all prior or all next rows
  ---
  duration_ms: 276.7185
  type: 'test'
  ...
# Subtest: satchel Put/Take is immediately useful but active S2 ancestor Sell is refused
ok 42 - satchel Put/Take is immediately useful but active S2 ancestor Sell is refused
  ---
  duration_ms: 217.687708
  type: 'test'
  ...
# Subtest: v018 ID pin binds the spawned world, purchased torch and worn slot after cold reopen
ok 43 - v018 ID pin binds the spawned world, purchased torch and worn slot after cold reopen
  ---
  duration_ms: 128.1475
  type: 'test'
  ...
# Subtest: corpse identity, worn roots and shrine return reopen atomically and receipt replay allocates nothing
ok 44 - corpse identity, worn roots and shrine return reopen atomically and receipt replay allocates nothing
  ---
  duration_ms: 152.576166
  type: 'test'
  ...
# Subtest: an older release list refuses the corpse release without rewriting it
ok 45 - an older release list refuses the corpse release without rewriting it
  ---
  duration_ms: 50.139833
  type: 'test'
  ...
# Subtest: real FULL, failed COMMIT and committed-unknown COMMIT preserve all prior or all next corpse rows
ok 46 - real FULL, failed COMMIT and committed-unknown COMMIT preserve all prior or all next corpse rows
  ---
  duration_ms: 184.920459
  type: 'test'
  ...
# Subtest: save load refuses missing identity, unknown template and illegal corpse custody without repair
ok 47 - save load refuses missing identity, unknown template and illegal corpse custody without repair
  ---
  duration_ms: 127.938458
  type: 'test'
  ...
# Subtest: every intermediate checkpoint and both ended branches cold-open and replay the exact original result once
ok 48 - every intermediate checkpoint and both ended branches cold-open and replay the exact original result once
  ---
  duration_ms: 7318.016709
  type: 'test'
  ...
# Subtest: cold open refuses forged dream truth and receipt producer evidence without changing file bytes
ok 49 - cold open refuses forged dream truth and receipt producer evidence without changing file bytes
  ---
  duration_ms: 1022.649791
  type: 'test'
  ...
# Subtest: Rest, choice opening, branch selection and final ack settle uncertain COMMIT all old or all new
ok 50 - Rest, choice opening, branch selection and final ack settle uncertain COMMIT all old or all new
  ---
  duration_ms: 4320.459541
  type: 'test'
  ...
# Subtest: real elapsed and fatal return preserve the dormant choice until the actor lawfully reaches its actual bed
ok 51 - real elapsed and fatal return preserve the dormant choice until the actor lawfully reaches its actual bed
  ---
  duration_ms: 689.479791
  type: 'test'
  ...
# Subtest: base1000 accounting preserves exact safe boundary quotients and rejects target overflow
ok 52 - base1000 accounting preserves exact safe boundary quotients and rejects target overflow
  ---
  duration_ms: 1.567334
  type: 'test'
  ...
# Subtest: 9ms and reopened 11ms commit one unit and preserve the durable fractional account
ok 53 - 9ms and reopened 11ms commit one unit and preserve the durable fractional account
  ---
  duration_ms: 384.292583
  type: 'test'
  ...
# Subtest: negative wall resume rebases without credit then credits the next 20ms
ok 54 - negative wall resume rebases without credit then credits the next 20ms
  ---
  duration_ms: 7.999542
  type: 'test'
  ...
# Subtest: a fixed 36hour horizon commits all four daily boundaries in order
ok 55 - a fixed 36hour horizon commits all four daily boundaries in order
  ---
  duration_ms: 44.640667
  type: 'test'
  ...
# Subtest: sixteen segments yield and one reserved input completes at its original finite horizon
ok 56 - sixteen segments yield and one reserved input completes at its original finite horizon
  ---
  duration_ms: 120.947875
  type: 'test'
  ...
# Subtest: a current choice crossing departure refuses presence while Leave still closes its continuation
ok 57 - a current choice crossing departure refuses presence while Leave still closes its continuation
  ---
  duration_ms: 78.760459
  type: 'test'
  ...
# Subtest: preexisting stale input does not account time and synchronous success emits no completion
ok 58 - preexisting stale input does not account time and synchronous success emits no completion
  ---
  duration_ms: 15.774875
  type: 'test'
  ...
# Subtest: trusted explicit v2 advance raises its durable target and missing checkpoints refuse
ok 59 - trusted explicit v2 advance raises its durable target and missing checkpoints refuse
  ---
  duration_ms: 79.343958
  type: 'test'
  ...
# Subtest: an elapsed managed session without clocks fails with a typed refusal
ok 60 - an elapsed managed session without clocks fails with a typed refusal
  ---
  duration_ms: 20.022042
  type: 'test'
  ...
# Subtest: resume extends durable target debt rather than a lagging head
ok 61 - resume extends durable target debt rather than a lagging head
  ---
  duration_ms: 39.001792
  type: 'test'
  ...
# Subtest: unexpected closed checkpoint evidence blocks play as corrupt until confirmed Start over
ok 62 - unexpected closed checkpoint evidence blocks play as corrupt until confirmed Start over
  ---
  duration_ms: 59.443583
  type: 'test'
  ...
# Subtest: a valid durable replacement invalidates an old fenced clock and input without writes
ok 63 - a valid durable replacement invalidates an old fenced clock and input without writes
  ---
  duration_ms: 39.62575
  type: 'test'
  ...
# Subtest: malformed v2 checkpoints and heads refuse without rewriting their progress
ok 64 - malformed v2 checkpoints and heads refuse without rewriting their progress
  ---
  duration_ms: 364.087166
  type: 'test'
  ...
# Subtest: a managed v1 upgrade starts its durable account at the actual opening clocks
ok 65 - a managed v1 upgrade starts its durable account at the actual opening clocks
  ---
  duration_ms: 17.273583
  type: 'test'
  ...
# Subtest: a committed unknown elapsed segment with corrupt checkpoint completes its input as blocked
ok 66 - a committed unknown elapsed segment with corrupt checkpoint completes its input as blocked
  ---
  duration_ms: 13.575042
  type: 'test'
  ...
# Subtest: a valid replacement during unknown positive elapsed invalidates the old pending input
ok 67 - a valid replacement during unknown positive elapsed invalidates the old pending input
  ---
  duration_ms: 57.607459
  type: 'test'
  ...
# Subtest: a private reservation rejects another intent and retains its original bounded input
ok 68 - a private reservation rejects another intent and retains its original bounded input
  ---
  duration_ms: 45.15375
  type: 'test'
  ...
# Subtest: terminal v1 upgrade recovery waits for real SQLite rollback closure before Start over
ok 69 - terminal v1 upgrade recovery waits for real SQLite rollback closure before Start over
  ---
  duration_ms: 119.657625
  type: 'test'
  ...
# Subtest: resumed wall survives fractional reconciliation and invalid/stale preflight before a new input
ok 70 - resumed wall survives fractional reconciliation and invalid/stale preflight before a new input
  ---
  duration_ms: 256.002917
  type: 'test'
  ...
# Subtest: a new reservation waits for its actual resumed horizon and yields after sixteen boundaries
ok 71 - a new reservation waits for its actual resumed horizon and yields after sixteen boundaries
  ---
  duration_ms: 125.136125
  type: 'test'
  ...
# Subtest: resume remains armed after fixed A completes and another intent cannot steal its result
ok 72 - resume remains armed after fixed A completes and another intent cannot steal its result
  ---
  duration_ms: 105.088708
  type: 'test'
  ...
# Subtest: elapsed receipt survives reopen and replays its first result after later clock commits
ok 73 - elapsed receipt survives reopen and replays its first result after later clock commits
  ---
  duration_ms: 145.1945
  type: 'test'
  ...
# Subtest: old run elapsed refuses before receipt lookup after replacement without Host.random
ok 74 - old run elapsed refuses before receipt lookup after replacement without Host.random
  ---
  duration_ms: 45.711167
  type: 'test'
  ...
# Subtest: unknown elapsed COMMIT fences trusted and player delivery until the real receipt reconciles
ok 75 - unknown elapsed COMMIT fences trusted and player delivery until the real receipt reconciles
  ---
  duration_ms: 59.856375
  type: 'test'
  ...
# Subtest: modal scene keeps Continue-only player controls while elapsed time commits
ok 76 - modal scene keeps Continue-only player controls while elapsed time commits
  ---
  duration_ms: 63.40375
  type: 'test'
  ...
# Subtest: malformed stored command JSON conflicts without state or receipt changes
ok 77 - malformed stored command JSON conflicts without state or receipt changes
  ---
  duration_ms: 10.361541
  type: 'test'
  ...
# Subtest: malformed stored response JSON conflicts without state or receipt changes
ok 78 - malformed stored response JSON conflicts without state or receipt changes
  ---
  duration_ms: 25.561541
  type: 'test'
  ...
# Subtest: healthy elapsed delivery preserves actual SQLite receipt-read failures
ok 79 - healthy elapsed delivery preserves actual SQLite receipt-read failures
  ---
  duration_ms: 35.600667
  type: 'test'
  ...
# Subtest: a worn cap is still worn after reopen, in the state the headless kernel reaches
ok 80 - a worn cap is still worn after reopen, in the state the headless kernel reaches
  ---
  duration_ms: 66.272459
  type: 'test'
  ...
# Subtest: seed 12: every fault leaves the prior or next revision and the run ends unchanged
ok 81 - seed 12: every fault leaves the prior or next revision and the run ends unchanged
  ---
  duration_ms: 5547.298917
  type: 'test'
  ...
# Subtest: seed 366: every fault leaves the prior or next revision and the run ends unchanged
ok 82 - seed 366: every fault leaves the prior or next revision and the run ends unchanged
  ---
  duration_ms: 4266.0355
  type: 'test'
  ...
# Subtest: seed 30636: every fault leaves the prior or next revision and the run ends unchanged
ok 83 - seed 30636: every fault leaves the prior or next revision and the run ends unchanged
  ---
  duration_ms: 3673.903542
  type: 'test'
  ...
# Subtest: seed 300: every fault leaves the prior or next revision and the run ends unchanged
ok 84 - seed 300: every fault leaves the prior or next revision and the run ends unchanged
  ---
  duration_ms: 4154.8205
  type: 'test'
  ...
# Subtest: seed 622: every fault leaves the prior or next revision and the run ends unchanged
ok 85 - seed 622: every fault leaves the prior or next revision and the run ends unchanged
  ---
  duration_ms: 2442.003084
  type: 'test'
  ...
# Subtest: seed 9633: every fault leaves the prior or next revision and the run ends unchanged
ok 86 - seed 9633: every fault leaves the prior or next revision and the run ends unchanged
  ---
  duration_ms: 2651.333458
  type: 'test'
  ...
# Subtest: seed 2841: every fault leaves the prior or next revision and the run ends unchanged
ok 87 - seed 2841: every fault leaves the prior or next revision and the run ends unchanged
  ---
  duration_ms: 2417.573458
  type: 'test'
  ...
# Subtest: seed 454: every fault leaves the prior or next revision and the run ends unchanged
ok 88 - seed 454: every fault leaves the prior or next revision and the run ends unchanged
  ---
  duration_ms: 3711.5615
  type: 'test'
  ...
# Subtest: seed 172: every fault leaves the prior or next revision and the run ends unchanged
ok 89 - seed 172: every fault leaves the prior or next revision and the run ends unchanged
  ---
  duration_ms: 2260.567084
  type: 'test'
  ...
# Subtest: seed 49: every fault leaves the prior or next revision and the run ends unchanged
ok 90 - seed 49: every fault leaves the prior or next revision and the run ends unchanged
  ---
  duration_ms: 3442.830792
  type: 'test'
  ...
# Subtest: seed 211: every fault leaves the prior or next revision and the run ends unchanged
ok 91 - seed 211: every fault leaves the prior or next revision and the run ends unchanged
  ---
  duration_ms: 2136.841
  type: 'test'
  ...
# Subtest: seed 1595: every fault leaves the prior or next revision and the run ends unchanged
ok 92 - seed 1595: every fault leaves the prior or next revision and the run ends unchanged
  ---
  duration_ms: 1150.348417
  type: 'test'
  ...
# Subtest: seed 337982: every fault leaves the prior or next revision and the run ends unchanged
ok 93 - seed 337982: every fault leaves the prior or next revision and the run ends unchanged
  ---
  duration_ms: 1353.219125
  type: 'test'
  ...
# Subtest: seed 105497: every fault leaves the prior or next revision and the run ends unchanged
ok 94 - seed 105497: every fault leaves the prior or next revision and the run ends unchanged
  ---
  duration_ms: 1225.068542
  type: 'test'
  ...
# Subtest: seed 81: every fault leaves the prior or next revision and the run ends unchanged
ok 95 - seed 81: every fault leaves the prior or next revision and the run ends unchanged
  ---
  duration_ms: 1626.972833
  type: 'test'
  ...
# Subtest: seed 130: every fault leaves the prior or next revision and the run ends unchanged
ok 96 - seed 130: every fault leaves the prior or next revision and the run ends unchanged
  ---
  duration_ms: 1431.781708
  type: 'test'
  ...
# Subtest: seed 54: every fault leaves the prior or next revision and the run ends unchanged
ok 97 - seed 54: every fault leaves the prior or next revision and the run ends unchanged
  ---
  duration_ms: 1359.051041
  type: 'test'
  ...
# Subtest: hand-checked anchors
ok 98 - hand-checked anchors
  ---
  duration_ms: 22.431291
  type: 'test'
  ...
# Subtest: views, a reopen and a changed host clock leave the play_time clock and world as they were
ok 99 - views, a reopen and a changed host clock leave the play_time clock and world as they were
  ---
  duration_ms: 73.233417
  type: 'test'
  ...
# Subtest: backward-anchor metadata accounts reconcile exact prior or next real SQLite evidence
ok 100 - backward-anchor metadata accounts reconcile exact prior or next real SQLite evidence
  ---
  duration_ms: 9.787292
  type: 'test'
  ...
# Subtest: failed and lost-ack positive elapsed commits reconcile head receipt and checkpoint together
ok 101 - failed and lost-ack positive elapsed commits reconcile head receipt and checkpoint together
  ---
  duration_ms: 7.940167
  type: 'test'
  ...
# Subtest: real SQLITE_FULL rolls back elapsed evidence and retries its unchanged candidate
ok 102 - real SQLITE_FULL rolls back elapsed evidence and retries its unchanged candidate
  ---
  duration_ms: 3.516875
  type: 'test'
  ...
# Subtest: a timer completes an unknown player receipt before sampling and emits it once
ok 103 - a timer completes an unknown player receipt before sampling and emits it once
  ---
  duration_ms: 4.18925
  type: 'test'
  ...
# Subtest: process kill before and after elapsed COMMIT leaves entirely prior or next and reopens once
ok 104 - process kill before and after elapsed COMMIT leaves entirely prior or next and reopens once
  ---
  duration_ms: 377.5845
  type: 'test'
  ...
# Subtest: acknowledged Green finale reopens at every line and exports one report
ok 105 - acknowledged Green finale reopens at every line and exports one report
  ---
  duration_ms: 2328.687667
  type: 'test'
  ...
# Subtest: real SQLite carries the same apple through storage/drop/Forage/give/Eat and later consumers
ok 106 - real SQLite carries the same apple through storage/drop/Forage/give/Eat and later consumers
  ---
  duration_ms: 3475.52925
  type: 'test'
  ...
# Subtest: food-only cold-open refuses plausible bounded forgeries without writing bytes
ok 107 - food-only cold-open refuses plausible bounded forgeries without writing bytes
  ---
  duration_ms: 997.686083
  type: 'test'
  ...
# Subtest: real failed and committed/absent uncertain COMMIT preserve atomic Eat and exact retry
ok 108 - real failed and committed/absent uncertain COMMIT preserve atomic Eat and exact retry
  ---
  duration_ms: 372.714042
  type: 'test'
  ...
# Subtest: spent apple and another apple in a real fight corpse both reopen before a later Eat
ok 109 - spent apple and another apple in a real fight corpse both reopen before a later Eat
  ---
  duration_ms: 622.716542
  type: 'test'
  ...
# Subtest: population alone activates byte-preserving accepted-history refusal
ok 110 - population alone activates byte-preserving accepted-history refusal
  ---
  duration_ms: 224.864292
  type: 'test'
  ...
# Subtest: one hound wander persists across real SQLite unknown-COMMIT recovery and cold reopen
ok 111 - one hound wander persists across real SQLite unknown-COMMIT recovery and cold reopen
  ---
  duration_ms: 779.508916
  type: 'test'
  ...
# Subtest: a real hound kill and pelt Take cold-reopen with conserved custody and evidence
ok 112 - a real hound kill and pelt Take cold-reopen with conserved custody and evidence
  ---
  duration_ms: 1181.825417
  type: 'test'
  ...
# Subtest: real SQLite reopens every immediate occurrence, exact replay and later ordinary bandage custody
ok 113 - real SQLite reopens every immediate occurrence, exact replay and later ordinary bandage custody
  ---
  duration_ms: 2837.617916
  type: 'test'
  ...
# Subtest: failed and lost COMMIT exchange outcomes reconcile all-prior or all-next rows
ok 114 - failed and lost COMMIT exchange outcomes reconcile all-prior or all-next rows
  ---
  duration_ms: 841.867458
  type: 'test'
  ...
# Subtest: exchange history corruption refuses without rewriting the SQLite rows
ok 115 - exchange history corruption refuses without rewriting the SQLite rows
  ---
  duration_ms: 878.460791
  type: 'test'
  ...
# Subtest: accepted herbs can be dropped, reopened and retrieved for the same exact occurrence
ok 116 - accepted herbs can be dropped, reopened and retrieved for the same exact occurrence
  ---
  duration_ms: 186.33775
  type: 'test'
  ...
# Subtest: B2 and S9 faction receipts reopen in both composed orders without changing pennies
ok 117 - B2 and S9 faction receipts reopen in both composed orders without changing pennies
  ---
  duration_ms: 668.405125
  type: 'test'
  ...
# Subtest: reacceptance retirement and fresh activation reconcile as one real SQLite commit
ok 118 - reacceptance retirement and fresh activation reconcile as one real SQLite commit
  ---
  duration_ms: 1282.479625
  type: 'test'
  ...
# Subtest: randomly seeded B5 lineage reopens and Start over preserves the drawn seed
ok 119 - randomly seeded B5 lineage reopens and Start over preserves the drawn seed
  ---
  duration_ms: 165.523083
  type: 'test'
  ...
# Subtest: trusted elapsed reopens before S9 and reaches the actual herb exchange consumer
ok 120 - trusted elapsed reopens before S9 and reaches the actual herb exchange consumer
  ---
  duration_ms: 658.373417
  type: 'test'
  ...
# Subtest: reopen recomputes possession text and retains earned text after the oar is dropped
ok 121 - reopen recomputes possession text and retains earned text after the oar is dropped
  ---
  duration_ms: 160.636625
  type: 'test'
  ...
# Subtest: openStory.invoke refuses a failing chat on Bram by its key
ok 122 - openStory.invoke refuses a failing chat on Bram by its key
  ---
  duration_ms: 179.779625
  type: 'test'
  ...
# Subtest: lantern-carry plays as its frozen trace; its story point reaches the run's account once
ok 123 - lantern-carry plays as its frozen trace; its story point reaches the run's account once
  ---
  duration_ms: 147.005917
  type: 'test'
  ...
# Subtest: lantern-leave plays as its frozen trace; its story point reaches the run's account once
ok 124 - lantern-leave plays as its frozen trace; its story point reaches the run's account once
  ---
  duration_ms: 58.585333
  type: 'test'
  ...
# Subtest: an old run's view token is stale after a new game, at the same revision
ok 125 - an old run's view token is stale after a new game, at the same revision
  ---
  duration_ms: 11.233042
  type: 'test'
  ...
# Subtest: adverse early-possession
ok 126 - adverse early-possession
  ---
  duration_ms: 73.988167
  type: 'test'
  ...
# Subtest: adverse drop-after-choice-opened
ok 127 - adverse drop-after-choice-opened
  ---
  duration_ms: 128.363584
  type: 'test'
  ...
# Subtest: adverse walked-away-rejects-new-choice
ok 128 - adverse walked-away-rejects-new-choice
  ---
  duration_ms: 31.551333
  type: 'test'
  ...
# Subtest: adverse walked-away-keeps-receipt
ok 129 - adverse walked-away-keeps-receipt
  ---
  duration_ms: 43.753959
  type: 'test'
  ...
# Subtest: adverse altered-choice
ok 130 - adverse altered-choice
  ---
  duration_ms: 81.248875
  type: 'test'
  ...
# Subtest: adverse choice-rollback
ok 131 - adverse choice-rollback
  ---
  duration_ms: 202.010833
  type: 'test'
  ...
# Subtest: adverse choice-unknown-commit-absent
ok 132 - adverse choice-unknown-commit-absent
  ---
  duration_ms: 47.078083
  type: 'test'
  ...
# Subtest: adverse choice-unknown-commit-committed
ok 133 - adverse choice-unknown-commit-committed
  ---
  duration_ms: 36.668834
  type: 'test'
  ...
# Subtest: adverse commit-before-display
ok 134 - adverse commit-before-display
  ---
  duration_ms: 585.19175
  type: 'test'
  ...
# Subtest: adverse reading-has-no-effect
ok 135 - adverse reading-has-no-effect
  ---
  duration_ms: 54.764041
  type: 'test'
  ...
# Subtest: adverse stale-choice-and-blocked-exit
ok 136 - adverse stale-choice-and-blocked-exit
  ---
  duration_ms: 44.197917
  type: 'test'
  ...
# Subtest: a choice committed with its acknowledgement lost recovers to its receipt, reported once
ok 137 - a choice committed with its acknowledgement lost recovers to its receipt, reported once
  ---
  duration_ms: 42.740375
  type: 'test'
  ...
# Subtest: actual torch oil and nested intervals survive cold reopen and sell/buyback with conserved pennies
ok 138 - actual torch oil and nested intervals survive cold reopen and sell/buyback with conserved pennies
  ---
  duration_ms: 428.789625
  type: 'test'
  ...
# Subtest: real failed and unknown refill commits reconcile the entire writer group and exact retry
ok 139 - real failed and unknown refill commits reconcile the entire writer group and exact retry
  ---
  duration_ms: 365.22725
  type: 'test'
  ...
# Subtest: corrupt fuel and forged refills refuse without repairing SQLite
ok 140 - corrupt fuel and forged refills refuse without repairing SQLite
  ---
  duration_ms: 651.668917
  type: 'test'
  ...
# Subtest: dark lethal combat cold reopens and permits the gear-free owner corpse walk and exact recovery
ok 141 - dark lethal combat cold reopens and permits the gear-free owner corpse walk and exact recovery
  ---
  duration_ms: 1006.896375
  type: 'test'
  ...
# Subtest: a light-only cartridge reopens lawful refill history and rejects a bounded forged charge
ok 142 - a light-only cartridge reopens lawful refill history and rejects a bounded forged charge
  ---
  duration_ms: 101.570625
  type: 'test'
  ...
# Subtest: undeclared fuel rows refuse in a cartridge without light metadata and leave SQLite untouched
ok 143 - undeclared fuel rows refuse in a cartridge without light metadata and leave SQLite untouched
  ---
  duration_ms: 4.90475
  type: 'test'
  ...
# (node:384) [MODULE_TYPELESS_PACKAGE_JSON] Warning: Module type of file://[worktree]/mobile/app/book/model.ts is not specified and it doesn't parse as CommonJS.
# Reparsing as ES module because module syntax was detected. This incurs a performance overhead.
# To eliminate this warning, add "type": "module" to [worktree]/mobile/app/package.json.
# (Use `node --trace-warnings ...` to show where the warning was created)
# Subtest: Book binds the exact oil bottle and keeps worn torch controls on the item
ok 144 - Book binds the exact oil bottle and keeps worn torch controls on the item
  ---
  duration_ms: 20.084917
  type: 'test'
  ...
# Subtest: Book owns authored Refuel aliases on their source and preserves exact invocation identity
ok 145 - Book owns authored Refuel aliases on their source and preserves exact invocation identity
  ---
  duration_ms: 133.539542
  type: 'test'
  ...
# Subtest: the app path passes the random source: the pinned context is not the template
ok 146 - the app path passes the random source: the pinned context is not the template
  ---
  duration_ms: 46.959417
  type: 'test'
  ...
# Subtest: two new games draw their own seed and world context, pinned and in the trace header
ok 147 - two new games draw their own seed and world context, pinned and in the trace header
  ---
  duration_ms: 8.768458
  type: 'test'
  ...
# Subtest: a reopen rebuilds the ids from the pinned context: first open, Start over, app update
ok 148 - a reopen rebuilds the ids from the pinned context: first open, Start over, app update
  ---
  duration_ms: 20.419917
  type: 'test'
  ...
# Subtest: luck replays: the drawn seed is the RNG, and a reopen picks as the same process did
ok 149 - luck replays: the drawn seed is the RNG, and a reopen picks as the same process did
  ---
  duration_ms: 9.735708
  type: 'test'
  ...
# Subtest: a save from before c1-host opens unchanged and plays on
ok 150 - a save from before c1-host opens unchanged and plays on
  ---
  duration_ms: 15.2105
  type: 'test'
  ...
# Subtest: a pinned context that is not a WorldContextId is save_corrupt
ok 151 - a pinned context that is not a WorldContextId is save_corrupt
  ---
  duration_ms: 6.056709
  type: 'test'
  ...
# Subtest: production empty, filled, partial Pour, empty, nested, ground and shop custody reopen exactly
ok 152 - production empty, filled, partial Pour, empty, nested, ground and shop custody reopen exactly
  ---
  duration_ms: 4958.026667
  type: 'test'
  ...
# Subtest: cold open refuses missing, extra, malformed and plausible bounded liquid rows without repair
ok 153 - cold open refuses missing, extra, malformed and plausible bounded liquid rows without repair
  ---
  duration_ms: 1541.247208
  type: 'test'
  ...
# Subtest: cold open binds every liquid receipt to its historical command, source and complete ordered rows
ok 154 - cold open binds every liquid receipt to its historical command, source and complete ordered rows
  ---
  duration_ms: 2447.680667
  type: 'test'
  ...
# Subtest: Pour failed COMMIT and lost acknowledgement fence liquid then reconcile and replay once
ok 155 - Pour failed COMMIT and lost acknowledgement fence liquid then reconcile and replay once
  ---
  duration_ms: 764.4345
  type: 'test'
  ...
# Subtest: actual fatal combat cold reopens the filled shell on its corpse then ordinary recovery
ok 156 - actual fatal combat cold reopens the filled shell on its corpse then ordinary recovery
  ---
  duration_ms: 877.888417
  type: 'test'
  ...
# Subtest: cold open rejects consistent command/event rewrites that cannot derive from the original invocation
ok 157 - cold open rejects consistent command/event rewrites that cannot derive from the original invocation
  ---
  duration_ms: 313.91325
  type: 'test'
  ...
# Subtest: a tiny world survives a restart with the same state
ok 158 - a tiny world survives a restart with the same state
  ---
  duration_ms: 14.228833
  type: 'test'
  ...
# Subtest: a retried consumed take replays its receipt; altered intent is a conflict
ok 159 - a retried consumed take replays its receipt; altered intent is a conflict
  ---
  duration_ms: 7.049083
  type: 'test'
  ...
# Subtest: a failed attempt and a rejection persist; their retries draw nothing
ok 160 - a failed attempt and a rejection persist; their retries draw nothing
  ---
  duration_ms: 7.597125
  type: 'test'
  ...
# Subtest: a fault changes nothing and gets no receipt
ok 161 - a fault changes nothing and gets no receipt
  ---
  duration_ms: 10.640916
  type: 'test'
  ...
# Subtest: a lost COMMIT acknowledgement reconciles to the committed receipt
ok 162 - a lost COMMIT acknowledgement reconciles to the committed receipt
  ---
  duration_ms: 8.083375
  type: 'test'
  ...
# Subtest: a genuinely failed COMMIT reconciles to not committed; the retry is a fresh attempt
ok 163 - a genuinely failed COMMIT reconciles to not committed; the retry is a fresh attempt
  ---
  duration_ms: 10.409625
  type: 'test'
  ...
# Subtest: while the COMMIT outcome is unknown every call is fenced; a restart settles it
ok 164 - while the COMMIT outcome is unknown every call is fenced; a restart settles it
  ---
  duration_ms: 5.77475
  type: 'test'
  ...
# Subtest: a process killed after COMMIT restarts with the take once and its trace entry once
ok 165 - a process killed after COMMIT restarts with the take once and its trace entry once
  ---
  duration_ms: 2397.649792
  type: 'test'
  ...
# Subtest: a definite failure is traced once; a failed trace write changes nothing
ok 166 - a definite failure is traced once; a failed trace write changes nothing
  ---
  duration_ms: 9.626
  type: 'test'
  ...
# Subtest: while the trace is behind no later entry overtakes a missed one
ok 167 - while the trace is behind no later entry overtakes a missed one
  ---
  duration_ms: 6.788167
  type: 'test'
  ...
# Subtest: an unreadable trace never stops play or the save opening
ok 168 - an unreadable trace never stops play or the save opening
  ---
  duration_ms: 6.4465
  type: 'test'
  ...
# Subtest: an updated kernel starts a new segment after recovering the old one
ok 169 - an updated kernel starts a new segment after recovering the old one
  ---
  duration_ms: 7.181958
  type: 'test'
  ...
# Subtest: a transaction a failed ROLLBACK leaves open is never read as saved nor blocks play
ok 170 - a transaction a failed ROLLBACK leaves open is never read as saved nor blocks play
  ---
  duration_ms: 8.042291
  type: 'test'
  ...
# Subtest: a save does not open inside a transaction left open
ok 171 - a save does not open inside a transaction left open
  ---
  duration_ms: 3.764292
  type: 'test'
  ...
# Subtest: jobs survive a restart: waiting to 19:00 after it moves Bram as without it
ok 172 - jobs survive a restart: waiting to 19:00 after it moves Bram as without it
  ---
  duration_ms: 14.19575
  type: 'test'
  ...
# Subtest: a recipe whose time cost runs a job replays its receipt on retry
ok 173 - a recipe whose time cost runs a job replays its receipt on retry
  ---
  duration_ms: 16.553583
  type: 'test'
  ...
# Subtest: a move whose reactions commit replays its events byte for byte after a restart
ok 174 - a move whose reactions commit replays its events byte for byte after a restart
  ---
  duration_ms: 10.275917
  type: 'test'
  ...
# Subtest: a recipe narration's pinned participants survive a restart and replay unchanged
ok 175 - a recipe narration's pinned participants survive a restart and replay unchanged
  ---
  duration_ms: 4.794417
  type: 'test'
  ...
# Subtest: a talk committed, then a restart: the stored choice carries its revision and choose works
ok 176 - a talk committed, then a restart: the stored choice carries its revision and choose works
  ---
  duration_ms: 12.282375
  type: 'test'
  ...
# Subtest: production five preacceptance kills reopen into Maud reward and usable storage
ok 177 - production five preacceptance kills reopen into Maud reward and usable storage
  ---
  duration_ms: 748.160291
  type: 'test'
  ...
# Subtest: each of five missing actual credits refuses reward after early acceptance
ok 178 - each of five missing actual credits refuses reward after early acceptance
  ---
  duration_ms: 1249.330917
  type: 'test'
  ...
# (node:661) [MODULE_TYPELESS_PACKAGE_JSON] Warning: Module type of file://[worktree]/mobile/app/book/model.ts is not specified and it doesn't parse as CommonJS.
# Reparsing as ES module because module syntax was detected. This incurs a performance overhead.
# To eliminate this warning, add "type": "module" to [worktree]/mobile/app/package.json.
# (Use `node --trace-warnings ...` to show where the warning was created)
# Subtest: production Maud completion leaves World free of story-ended claims and storage usable
ok 179 - production Maud completion leaves World free of story-ended claims and storage usable
  ---
  duration_ms: 245.89125
  type: 'test'
  ...
# (node:698) [MODULE_TYPELESS_PACKAGE_JSON] Warning: Module type of file://[worktree]/mobile/app/book/presenter.ts is not specified and it doesn't parse as CommonJS.
# Reparsing as ES module because module syntax was detected. This incurs a performance overhead.
# To eliminate this warning, add "type": "module" to [worktree]/mobile/app/package.json.
# (Use `node --trace-warnings ...` to show where the warning was created)
# Subtest: active chapter five actual kills, shrine return, Maud reward and cold-reopen storage
ok 180 - active chapter five actual kills, shrine return, Maud reward and cold-reopen storage
  ---
  duration_ms: 637.439625
  type: 'test'
  ...
# Subtest: Q1 explicit acceptance, held drawing gate, report priority and durable once-only resolution
ok 181 - Q1 explicit acceptance, held drawing gate, report priority and durable once-only resolution
  ---
  duration_ms: 400.33725
  type: 'test'
  ...
# Subtest: picking up the clue first starts no quest and acceptance is immediately ready
ok 182 - picking up the clue first starts no quest and acceptance is immediately ready
  ---
  duration_ms: 13.200292
  type: 'test'
  ...
# Subtest: Maud offer and earned turn-in stay usable while Q1 is unaccepted
ok 183 - Maud offer and earned turn-in stay usable while Q1 is unaccepted
  ---
  duration_ms: 339.091625
  type: 'test'
  ...
# Subtest: Maud offer and earned turn-in stay usable while Q1 is active
ok 184 - Maud offer and earned turn-in stay usable while Q1 is active
  ---
  duration_ms: 343.171
  type: 'test'
  ...
# Subtest: Maud offer and earned turn-in stay usable while Q1 is ready
ok 185 - Maud offer and earned turn-in stay usable while Q1 is ready
  ---
  duration_ms: 186.761208
  type: 'test'
  ...
# Subtest: Maud offer and earned turn-in stay usable while Q1 is resolved
ok 186 - Maud offer and earned turn-in stay usable while Q1 is resolved
  ---
  duration_ms: 282.326625
  type: 'test'
  ...
# Subtest: Q1 acceptance, Green pickup, report and Maud offer work throughout the day
ok 187 - Q1 acceptance, Green pickup, report and Maud offer work throughout the day
  ---
  duration_ms: 1138.7915
  type: 'test'
  ...
# Subtest: Mire Crossing and Fox Hollow offer both approaches and cold return at every hour
ok 188 - Mire Crossing and Fox Hollow offer both approaches and cold return at every hour
  ---
  duration_ms: 5807.672792
  type: 'test'
  ...
# Subtest: Q1 report atomically activates Q2; only guarded Study tracks grants its active first lead
ok 189 - Q1 report atomically activates Q2; only guarded Study tracks grants its active first lead
  ---
  duration_ms: 54.2415
  type: 'test'
  ...
# Subtest: SQLite report/Study reopen and exact replay preserve active Q2 and receipt-specific history
ok 190 - SQLite report/Study reopen and exact replay preserve active Q2 and receipt-specific history
  ---
  duration_ms: 227.562209
  type: 'test'
  ...
# Subtest: malformed Study receipt evidence offers typed Start over on reopen
ok 191 - malformed Study receipt evidence offers typed Start over on reopen
  ---
  duration_ms: 614.611333
  type: 'test'
  ...
# Subtest: committed combat line indices come from pinned keys and structured receipt events
ok 192 - committed combat line indices come from pinned keys and structured receipt events
  ---
  duration_ms: 8.94475
  type: 'test'
  ...
# Subtest: actual adopted rat adjustment commits, reopens pinned HP and replays without another write
ok 193 - actual adopted rat adjustment commits, reopens pinned HP and replays without another write
  ---
  duration_ms: 94.727708
  type: 'test'
  ...
# Subtest: reopen rejects missing, malformed, or out-of-bounds NPC HP without rewriting progress
ok 194 - reopen rejects missing, malformed, or out-of-bounds NPC HP without rewriting progress
  ---
  duration_ms: 49.471
  type: 'test'
  ...
# Subtest: SQLite FULL, failed COMMIT and lost acknowledgement preserve atomic NPC HP adoption
ok 195 - SQLite FULL, failed COMMIT and lost acknowledgement preserve atomic NPC HP adoption
  ---
  duration_ms: 193.219417
  type: 'test'
  ...
# Subtest: a budget fault is one valid observation of its limit, with the ReplayIds of its decision
ok 196 - a budget fault is one valid observation of its limit, with the ReplayIds of its decision
  ---
  duration_ms: 14.38275
  type: 'test'
  ...
# Subtest: a failing observation sink changes no reply, revision, storage or retry
ok 197 - a failing observation sink changes no reply, revision, storage or retry
  ---
  duration_ms: 56.60225
  type: 'test'
  ...
# Subtest: an older save gains the sink untouched, and the sink keeps the newest 1000 records
ok 198 - an older save gains the sink untouched, and the sink keeps the newest 1000 records
  ---
  duration_ms: 604.876959
  type: 'test'
  ...
# Subtest: each NEW decision, accepted, rejected or fault, is one kernel.decision_latency
ok 199 - each NEW decision, accepted, rejected or fault, is one kernel.decision_latency
  ---
  duration_ms: 54.484583
  type: 'test'
  ...
# Subtest: a clock changes no reply or durable state when a COMMIT is held, then committed
ok 200 - a clock changes no reply or durable state when a COMMIT is held, then committed
  ---
  duration_ms: 34.649
  type: 'test'
  ...
# Subtest: a real committed elapsed then ordinary local trace replays identically with header run preflight
ok 201 - a real committed elapsed then ordinary local trace replays identically with header run preflight
  ---
  duration_ms: 3059.888709
  type: 'test'
  ...
# (node:741) [MODULE_TYPELESS_PACKAGE_JSON] Warning: Module type of file://[worktree]/mobile/app/book/presenter.ts is not specified and it doesn't parse as CommonJS.
# Reparsing as ES module because module syntax was detected. This incurs a performance overhead.
# To eliminate this warning, add "type": "module" to [worktree]/mobile/app/package.json.
# (Use `node --trace-warnings ...` to show where the warning was created)
# Subtest: real SQLite reopens every finite leg and explicit pause boundary
ok 202 - real SQLite reopens every finite leg and explicit pause boundary
  ---
  duration_ms: 2901.71375
  type: 'test'
  ...
# Subtest: actual cellar death separates concurrent Wren, resets patrol, and permits Restart after cold reopen
ok 203 - actual cellar death separates concurrent Wren, resets patrol, and permits Restart after cold reopen
  ---
  duration_ms: 3690.441333
  type: 'test'
  ...
# Subtest: full retained receipt replay refuses forged patrol rows and proofs without rewriting SQLite
    # Subtest: actor_id
    ok 1 - actor_id
      ---
      duration_ms: 247.782958
      type: 'test'
      ...
    # Subtest: body_id
    ok 2 - body_id
      ---
      duration_ms: 279.76275
      type: 'test'
      ...
    # Subtest: npc_id
    ok 3 - npc_id
      ---
      duration_ms: 211.749417
      type: 'test'
      ...
    # Subtest: quest_instance_id
    ok 4 - quest_instance_id
      ---
      duration_ms: 225.535
      type: 'test'
      ...
    # Subtest: continuation_id
    ok 5 - continuation_id
      ---
      duration_ms: 254.96525
      type: 'test'
      ...
    # Subtest: attempt_id
    ok 6 - attempt_id
      ---
      duration_ms: 157.791542
      type: 'test'
      ...
    # Subtest: cursor
    ok 7 - cursor
      ---
      duration_ms: 251.7125
      type: 'test'
      ...
    # Subtest: credit
    ok 8 - credit
      ---
      duration_ms: 268.95075
      type: 'test'
      ...
    # Subtest: status
    ok 9 - status
      ---
      duration_ms: 167.412959
      type: 'test'
      ...
    # Subtest: fractional
    ok 10 - fractional
      ---
      duration_ms: 192.764833
      type: 'test'
      ...
    # Subtest: missing
    ok 11 - missing
      ---
      duration_ms: 260.54725
      type: 'test'
      ...
    # Subtest: scope
    ok 12 - scope
      ---
      duration_ms: 137.170667
      type: 'test'
      ...
    # Subtest: cause
    ok 13 - cause
      ---
      duration_ms: 200.312042
      type: 'test'
      ...
    # Subtest: source
    ok 14 - source
      ---
      duration_ms: 179.342291
      type: 'test'
      ...
    # Subtest: lost-transition
    ok 15 - lost-transition
      ---
      duration_ms: 203.775625
      type: 'test'
      ...
    1..15
ok 204 - full retained receipt replay refuses forged patrol rows and proofs without rewriting SQLite
  ---
  duration_ms: 3247.706709
  type: 'test'
  ...
# Subtest: real failed and acknowledged-lost COMMIT reconcile one leader departure and exact Book retry
    # Subtest: failed
    ok 1 - failed
      ---
      duration_ms: 187.616875
      type: 'test'
      ...
    # Subtest: lost
    ok 2 - lost
      ---
      duration_ms: 168.143584
      type: 'test'
      ...
    1..2
ok 205 - real failed and acknowledged-lost COMMIT reconcile one leader departure and exact Book retry
  ---
  duration_ms: 356.212208
  type: 'test'
  ...
# Subtest: final player join commits movement, terminal quest and trust together across both uncertain outcomes
    # Subtest: failed
    ok 1 - failed
      ---
      duration_ms: 359.068958
      type: 'test'
      ...
    # Subtest: lost
    ok 2 - lost
      ---
      duration_ms: 369.459625
      type: 'test'
      ...
    1..2
ok 206 - final player join commits movement, terminal quest and trust together across both uncertain outcomes
  ---
  duration_ms: 728.95175
  type: 'test'
  ...
# Subtest: real original-Tobin C1 lessons reopen during patrol and completion grants trust alone
ok 207 - real original-Tobin C1 lessons reopen during patrol and completion grants trust alone
  ---
  duration_ms: 709.01975
  type: 'test'
  ...
# Subtest: a seated player is still sitting after reopen, in the state the headless kernel reaches
ok 208 - a seated player is still sitting after reopen, in the state the headless kernel reaches
  ---
  duration_ms: 19.132625
  type: 'test'
  ...
# (node:772) [MODULE_TYPELESS_PACKAGE_JSON] Warning: Module type of file://[worktree]/mobile/app/book/presenter.ts is not specified and it doesn't parse as CommonJS.
# Reparsing as ES module because module syntax was detected. This incurs a performance overhead.
# To eliminate this warning, add "type": "module" to [worktree]/mobile/app/package.json.
# (Use `node --trace-warnings ...` to show where the warning was created)
# Subtest: real SQLite preserves original books through ground Take nested open Read closure travel and reread
ok 209 - real SQLite preserves original books through ground Take nested open Read closure travel and reread
  ---
  duration_ms: 3300.118083
  type: 'test'
  ...
# Subtest: real failed and lost COMMIT outcomes fence Read then retry and replay once
ok 210 - real failed and lost COMMIT outcomes fence Read then retry and replay once
  ---
  duration_ms: 2035.248083
  type: 'test'
  ...
# Subtest: historical Read and known-topic truth reject wrong actor book definition cause missing grants and closed custody
ok 211 - historical Read and known-topic truth reject wrong actor book definition cause missing grants and closed custody
  ---
  duration_ms: 1377.000167
  type: 'test'
  ...
# Subtest: actual fatal fight reopens with learned topics and gear-free recovery Takes the original books
ok 212 - actual fatal fight reopens with learned topics and gear-free recovery Takes the original books
  ---
  duration_ms: 472.853125
  type: 'test'
  ...
# Subtest: saved 19:00 novice overlap and 20:00 departure retain original pending speaker
ok 213 - saved 19:00 novice overlap and 20:00 departure retain original pending speaker
  ---
  duration_ms: 237.544708
  type: 'test'
  ...
# Subtest: Book remount during lost Read acknowledgement waits for confirmation then routes its one recovered page
ok 214 - Book remount during lost Read acknowledgement waits for confirmation then routes its one recovered page
  ---
  duration_ms: 233.470959
  type: 'test'
  ...
# Subtest: readable-only SQLite recovery rejects forged narration without another history consumer
ok 215 - readable-only SQLite recovery rejects forged narration without another history consumer
  ---
  duration_ms: 79.247917
  type: 'test'
  ...
# (node:787) [MODULE_TYPELESS_PACKAGE_JSON] Warning: Module type of file://[worktree]/mobile/app/book/model.ts is not specified and it doesn't parse as CommonJS.
# Reparsing as ES module because module syntax was detected. This incurs a performance overhead.
# To eliminate this warning, add "type": "module" to [worktree]/mobile/app/package.json.
# (Use `node --trace-warnings ...` to show where the warning was created)
# Subtest: Book preserves an aliased Read place offer and exact target through a live redraw
ok 216 - Book preserves an aliased Read place offer and exact target through a live redraw
  ---
  duration_ms: 150.532416
  type: 'test'
  ...
# Subtest: a leftover transaction is settled before the trace catches up
ok 217 - a leftover transaction is settled before the trace catches up
  ---
  duration_ms: 38.618292
  type: 'test'
  ...
# Subtest: a file that is not a database or has a corrupt page is save_corrupt
ok 218 - a file that is not a database or has a corrupt page is save_corrupt
  ---
  duration_ms: 57.558833
  type: 'test'
  ...
# Subtest: a head with a damaged column is save_corrupt; its new game recreates the head
ok 219 - a head with a damaged column is save_corrupt; its new game recreates the head
  ---
  duration_ms: 26.577667
  type: 'test'
  ...
# Subtest: at the cap a new game deletes the oldest run whole and keeps the current one
ok 220 - at the cap a new game deletes the oldest run whole and keeps the current one
  ---
  duration_ms: 194.27375
  type: 'test'
  ...
# Subtest: a run alone at the cap keeps its beginning and appends no more entries
ok 221 - a run alone at the cap keeps its beginning and appends no more entries
  ---
  duration_ms: 127.435416
  type: 'test'
  ...
# Subtest: a new game at the cap makes room for its header by deleting the old run
ok 222 - a new game at the cap makes room for its header by deleting the old run
  ---
  duration_ms: 128.61075
  type: 'test'
  ...
# Subtest: a run that drops an entry pair below the cap writes nothing more
ok 223 - a run that drops an entry pair below the cap writes nothing more
  ---
  duration_ms: 150.005375
  type: 'test'
  ...
# Subtest: catch-up at the cap boundary writes a missed entry at 4,998 rows and not at 4,999
ok 224 - catch-up at the cap boundary writes a missed entry at 4,998 rows and not at 4,999
  ---
  duration_ms: 386.397
  type: 'test'
  ...
# Subtest: Rest/reopen/Stand keeps literal fractions and replays the Rest receipt without writes
ok 225 - Rest/reopen/Stand keeps literal fractions and replays the Rest receipt without writes
  ---
  duration_ms: 162.920834
  type: 'test'
  ...
# Subtest: load refuses corrupt opted rows without rewriting stored progress
ok 226 - load refuses corrupt opted rows without rewriting stored progress
  ---
  duration_ms: 17.800125
  type: 'test'
  ...
# Subtest: reconciled adoption rejects wrong authored rate and keeps the prior confirmed view
ok 227 - reconciled adoption rejects wrong authored rate and keeps the prior confirmed view
  ---
  duration_ms: 56.816125
  type: 'test'
  ...
# Subtest: bundled sampler pays MV1 and rests twice as fast before reaching its pool cap
ok 228 - bundled sampler pays MV1 and rests twice as fast before reaching its pool cap
  ---
  duration_ms: 33.101041
  type: 'test'
  ...
# Subtest: real SQLite write failures keep the pool and position together until the unchanged retry commits
ok 229 - real SQLite write failures keep the pool and position together until the unchanged retry commits
  ---
  duration_ms: 72.910209
  type: 'test'
  ...
# Subtest: five actual preacceptance kills reopen into one atomic reward and identity-preserving storage
ok 230 - five actual preacceptance kills reopen into one atomic reward and identity-preserving storage
  ---
  duration_ms: 418.7855
  type: 'test'
  ...
# Subtest: real rollback, failed COMMIT and lost acknowledgement preserve complete old/new reward rows across reopen
ok 231 - real rollback, failed COMMIT and lost acknowledgement preserve complete old/new reward rows across reopen
  ---
  duration_ms: 446.042875
  type: 'test'
  ...
# Subtest: sampler invocation walk reaches all six rooms and resumes the carried ending at line two
ok 232 - sampler invocation walk reaches all six rooms and resumes the carried ending at line two
  ---
  duration_ms: 274.527625
  type: 'test'
  ...
# Subtest: leaving the lantern resolves with the fallback journal and no carried chapter or scene
ok 233 - leaving the lantern resolves with the fallback journal and no carried chapter or scene
  ---
  duration_ms: 7.2345
  type: 'test'
  ...
# Subtest: a new save allocates and pins its identity; a restart and a replay reuse it
ok 234 - a new save allocates and pins its identity; a restart and a replay reuse it
  ---
  duration_ms: 41.573209
  type: 'test'
  ...
# Subtest: a save whose pinned release is missing is refused untouched; a new game moves on
ok 235 - a save whose pinned release is missing is refused untouched; a new game moves on
  ---
  duration_ms: 24.209208
  type: 'test'
  ...
# Subtest: a save of an unknown format is refused with nothing written and no new game
ok 236 - a save of an unknown format is refused with nothing written and no new game
  ---
  duration_ms: 11.143708
  type: 'test'
  ...
# Subtest: a damaged identity is save_corrupt and untouched; its new game repairs it
ok 237 - a damaged identity is save_corrupt and untouched; its new game repairs it
  ---
  duration_ms: 310.920667
  type: 'test'
  ...
# Subtest: an app update reopens a save on its pinned release; new games pin the newest
ok 238 - an app update reopens a save on its pinned release; new games pin the newest
  ---
  duration_ms: 7.757084
  type: 'test'
  ...
# Subtest: a save that does not parse is save_corrupt until the player starts a new game
ok 239 - a save that does not parse is save_corrupt until the player starts a new game
  ---
  duration_ms: 56.016125
  type: 'test'
  ...
# Subtest: a new game replaces the save; an old invocation id is new again
ok 240 - a new game replaces the save; an old invocation id is new again
  ---
  duration_ms: 36.59825
  type: 'test'
  ...
# Subtest: a new game that fails part way leaves the old save and memory
ok 241 - a new game that fails part way leaves the old save and memory
  ---
  duration_ms: 6.729917
  type: 'test'
  ...
# Subtest: a new game settles a pending attempt first, in the run it was made in
ok 242 - a new game settles a pending attempt first, in the run it was made in
  ---
  duration_ms: 27.239667
  type: 'test'
  ...
# Subtest: a new game whose COMMIT is unknown is fenced; settling it moves play to the new run
ok 243 - a new game whose COMMIT is unknown is fenced; settling it moves play to the new run
  ---
  duration_ms: 19.823041
  type: 'test'
  ...
# Subtest: a new game whose COMMIT fails keeps the old save, memory and receipts
ok 244 - a new game whose COMMIT fails keeps the old save, memory and receipts
  ---
  duration_ms: 22.609875
  type: 'test'
  ...
# Subtest: a committed new game is adopted before play; a retry does not replace it twice
ok 245 - a committed new game is adopted before play; a retry does not replace it twice
  ---
  duration_ms: 7.004625
  type: 'test'
  ...
# Subtest: a corrupt save's new game settles its COMMIT like any other
ok 246 - a corrupt save's new game settles its COMMIT like any other
  ---
  duration_ms: 18.963834
  type: 'test'
  ...
# Subtest: a new run's entries missed by the trace follow its own header
ok 247 - a new run's entries missed by the trace follow its own header
  ---
  duration_ms: 48.831459
  type: 'test'
  ...
# Subtest: a new game after a settled one replaces the save again
ok 248 - a new game after a settled one replaces the save again
  ---
  duration_ms: 16.943083
  type: 'test'
  ...
# Subtest: line two survives reopen and triggering receipt retry without duplicate effects
ok 249 - line two survives reopen and triggering receipt retry without duplicate effects
  ---
  duration_ms: 88.243375
  type: 'test'
  ...
# (node:1042) [MODULE_TYPELESS_PACKAGE_JSON] Warning: Module type of file://[worktree]/mobile/app/book/presenter.ts is not specified and it doesn't parse as CommonJS.
# Reparsing as ES module because module syntax was detected. This incurs a performance overhead.
# To eliminate this warning, add "type": "module" to [worktree]/mobile/app/package.json.
# (Use `node --trace-warnings ...` to show where the warning was created)
# Subtest: room-before-Rest, meal, partial/empty ale reopen and exact retries preserve the next real consumer
ok 250 - room-before-Rest, meal, partial/empty ale reopen and exact retries preserve the next real consumer
  ---
  duration_ms: 1553.982125
  type: 'test'
  ...
# Subtest: forged bounded service rows and swapped/omitted historical service evidence refuse without repair
ok 251 - forged bounded service rows and swapped/omitted historical service evidence refuse without repair
  ---
  duration_ms: 1619.078791
  type: 'test'
  ...
# Subtest: real failed COMMIT and both uncertain outcomes keep room/meal/ale all old or all new
ok 252 - real failed COMMIT and both uncertain outcomes keep room/meal/ale all old or all new
  ---
  duration_ms: 989.355833
  type: 'test'
  ...
# Subtest: real Book captured alias press and lost acknowledgement restore one original-Maud line
ok 253 - real Book captured alias press and lost acknowledgement restore one original-Maud line
  ---
  duration_ms: 491.367709
  type: 'test'
  ...
# Subtest: S1 remains reachable beside services and same-body fatal return reopens the paid bed truth
ok 254 - S1 remains reachable beside services and same-body fatal return reopens the paid bed truth
  ---
  duration_ms: 510.023292
  type: 'test'
  ...
# Subtest: a pending start over whose retry fails shows that error, not "not confirmed"
ok 255 - a pending start over whose retry fails shows that error, not "not confirmed"
  ---
  duration_ms: 54.082834
  type: 'test'
  ...
# Subtest: catch-up conflicts preserve the original attempt and matching retries keep its identity
ok 256 - catch-up conflicts preserve the original attempt and matching retries keep its identity
  ---
  duration_ms: 110.545542
  type: 'test'
  ...
# Subtest: invalid and cyclic shared input refuses before snapshot or elapsed sampling
ok 257 - invalid and cyclic shared input refuses before snapshot or elapsed sampling
  ---
  duration_ms: 17.688458
  type: 'test'
  ...
# Subtest: missing elapsed columns after unknown metadata or gameplay commit block and permit explicit recovery
ok 258 - missing elapsed columns after unknown metadata or gameplay commit block and permit explicit recovery
  ---
  duration_ms: 66.216625
  type: 'test'
  ...
# Subtest: corrupt elapsed recovery binds valid, malformed, and absent original headers without erasing a replacement
ok 259 - corrupt elapsed recovery binds valid, malformed, and absent original headers without erasing a replacement
  ---
  duration_ms: 104.515334
  type: 'test'
  ...
# Subtest: loaded elapsed recovery refuses newer and malformed same-run formats without writes
ok 260 - loaded elapsed recovery refuses newer and malformed same-run formats without writes
  ---
  duration_ms: 38.383708
  type: 'test'
  ...
# Subtest: changed refused elapsed header classifies malformed before differing valid run and preserves newer formats
ok 261 - changed refused elapsed header classifies malformed before differing valid run and preserves newer formats
  ---
  duration_ms: 9.335458
  type: 'test'
  ...
# (node:1082) [MODULE_TYPELESS_PACKAGE_JSON] Warning: Module type of file://[worktree]/mobile/app/book/presenter.ts is not specified and it doesn't parse as CommonJS.
# Reparsing as ES module because module syntax was detected. This incurs a performance overhead.
# To eliminate this warning, add "type": "module" to [worktree]/mobile/app/package.json.
# (Use `node --trace-warnings ...` to show where the warning was created)
# Subtest: a scripted session survives a restart and plays on
ok 262 - a scripted session survives a restart and plays on
  ---
  duration_ms: 80.752291
  type: 'test'
  ...
# Subtest: an invalid press before a save does not make the next id collide after a restart
ok 263 - an invalid press before a save does not make the next id collide after a restart
  ---
  duration_ms: 17.132292
  type: 'test'
  ...
# Subtest: an unknown COMMIT shows pending, not a success; a restart shows what committed
ok 264 - an unknown COMMIT shows pending, not a success; a restart shows what committed
  ---
  duration_ms: 11.853708
  type: 'test'
  ...
# Subtest: a pending press is retried with its own id and replays what committed
ok 265 - a pending press is retried with its own id and replays what committed
  ---
  duration_ms: 9.044875
  type: 'test'
  ...
# Subtest: a same-scope receipt from another allocator does not move the id counter
ok 266 - a same-scope receipt from another allocator does not move the id counter
  ---
  duration_ms: 17.296167
  type: 'test'
  ...
# Subtest: a failed write is not claimed unsaved; the next press retries it
ok 267 - a failed write is not claimed unsaved; the next press retries it
  ---
  duration_ms: 14.890167
  type: 'test'
  ...
# Subtest: a read error after a durable commit does not commit the press twice
ok 268 - a read error after a durable commit does not commit the press twice
  ---
  duration_ms: 8.417958
  type: 'test'
  ...
# Subtest: a confirmed receipt that is not a decision is a conflict and ends the attempt
ok 269 - a confirmed receipt that is not a decision is a conflict and ends the attempt
  ---
  duration_ms: 14.1955
  type: 'test'
  ...
# Subtest: start over replaces a file that does not open with a fresh game
ok 270 - start over replaces a file that does not open with a fresh game
  ---
  duration_ms: 88.155083
  type: 'test'
  ...
# Subtest: start over of a damaged identity keeps the file and its old run
ok 271 - start over of a damaged identity keeps the file and its old run
  ---
  duration_ms: 13.825417
  type: 'test'
  ...
# Subtest: a damaged receipt index fails the open with start over, which gives a fresh game
ok 272 - a damaged receipt index fails the open with start over, which gives a fresh game
  ---
  duration_ms: 14.263458
  type: 'test'
  ...
# Subtest: a newer app's save is never started over
ok 273 - a newer app's save is never started over
  ---
  duration_ms: 10.099125
  type: 'test'
  ...
# Subtest: a start over whose delete failed can be tried again
ok 274 - a start over whose delete failed can be tried again
  ---
  duration_ms: 6.694
  type: 'test'
  ...
# Subtest: an open that fails but not as corrupt is never started over
ok 275 - an open that fails but not as corrupt is never started over
  ---
  duration_ms: 3.875792
  type: 'test'
  ...
# Subtest: a start over that fails during play keeps the game and its retry
ok 276 - a start over that fails during play keeps the game and its retry
  ---
  duration_ms: 7.909833
  type: 'test'
  ...
# Subtest: a pending start over leaves no game to play until it settles
ok 277 - a pending start over leaves no game to play until it settles
  ---
  duration_ms: 10.036292
  type: 'test'
  ...
# Subtest: the gate tap script ends at its declared state, wherever the kills fall
ok 278 - the gate tap script ends at its declared state, wherever the kills fall
  ---
  duration_ms: 49.455417
  type: 'test'
  ...
# Subtest: the save copied from the phone equals the reference
ok 279 - the save copied from the phone equals the reference # SKIP
  ---
  duration_ms: 0.058
  type: 'test'
  ...
# (node:1088) [MODULE_TYPELESS_PACKAGE_JSON] Warning: Module type of file://[worktree]/mobile/app/book/presenter.ts is not specified and it doesn't parse as CommonJS.
# Reparsing as ES module because module syntax was detected. This incurs a performance overhead.
# To eliminate this warning, add "type": "module" to [worktree]/mobile/app/package.json.
# (Use `node --trace-warnings ...` to show where the warning was created)
# Subtest: a corrupt report page: Start over gives a working save
ok 280 - a corrupt report page: Start over gives a working save
  ---
  duration_ms: 147.647833
  type: 'test'
  ...
# Subtest: a corrupt sqlite_autoindex_report_1 page: Start over gives a working save
ok 281 - a corrupt sqlite_autoindex_report_1 page: Start over gives a working save
  ---
  duration_ms: 53.078208
  type: 'test'
  ...
# Subtest: a malformed report index record: Start over gives a working save
ok 282 - a malformed report index record: Start over gives a working save
  ---
  duration_ms: 45.055584
  type: 'test'
  ...
# Subtest: an intact report table survives Start over in place
ok 283 - an intact report table survives Start over in place
  ---
  duration_ms: 33.653958
  type: 'test'
  ...
# Subtest: the latest committed narration is read again on reopen, from the receipts
ok 284 - the latest committed narration is read again on reopen, from the receipts
  ---
  duration_ms: 34.743209
  type: 'test'
  ...
# Subtest: an older save reopens with its narration and keeps its report on Start over
ok 285 - an older save reopens with its narration and keeps its report on Start over
  ---
  duration_ms: 43.444
  type: 'test'
  ...
# Subtest: a malformed receipt response: Start over keeps the pending report
ok 286 - a malformed receipt response: Start over keeps the pending report
  ---
  duration_ms: 43.509208
  type: 'test'
  ...
# Subtest: a narration read that fails on a lock offers no Start over
ok 287 - a narration read that fails on a lock offers no Start over
  ---
  duration_ms: 37.363959
  type: 'test'
  ...
# Subtest: a save with no body row: save_corrupt, Start over repairs it in place
ok 288 - a save with no body row: save_corrupt, Start over repairs it in place
  ---
  duration_ms: 30.099625
  type: 'test'
  ...
# Subtest: a save with a null choice: save_corrupt, Start over repairs it in place
ok 289 - a save with a null choice: save_corrupt, Start over repairs it in place
  ---
  duration_ms: 46.503417
  type: 'test'
  ...
# Subtest: a save with an empty resource: save_corrupt, Start over repairs it in place
ok 290 - a save with an empty resource: save_corrupt, Start over repairs it in place
  ---
  duration_ms: 128.967791
  type: 'test'
  ...
# Subtest: a receipt narration line that is null: save_corrupt at open, Start over repairs it
ok 291 - a receipt narration line that is null: save_corrupt at open, Start over repairs it
  ---
  duration_ms: 66.743
  type: 'test'
  ...
# Subtest: a receipt response that is not a decision replays as a conflict
ok 292 - a receipt response that is not a decision replays as a conflict
  ---
  duration_ms: 12.329875
  type: 'test'
  ...
# Subtest: elapsed NOTADB and page corruption recover only through explicit working Start over
ok 293 - elapsed NOTADB and page corruption recover only through explicit working Start over
  ---
  duration_ms: 69.257417
  type: 'test'
  ...
# Subtest: unreadable elapsed opening refuses a newly readable replacement and waits on real SQLite uncertainty
ok 294 - unreadable elapsed opening refuses a newly readable replacement and waits on real SQLite uncertainty
  ---
  duration_ms: 35.846125
  type: 'test'
  ...
# Subtest: a story point reached offline is captured once, survives restart, and is delivered
ok 295 - a story point reached offline is captured once, survives restart, and is delivered
  ---
  duration_ms: 38.738625
  type: 'test'
  ...
# Subtest: a run is bound once, when it starts; each of its reports carries that binding
ok 296 - a run is bound once, when it starts; each of its reports carries that binding
  ---
  duration_ms: 35.655625
  type: 'test'
  ...
# Subtest: a story point whose report is malformed is not committed
ok 297 - a story point whose report is malformed is not committed
  ---
  duration_ms: 16.127583
  type: 'test'
  ...
# Subtest: a pending report leaves the canonical state hash unchanged
ok 298 - a pending report leaves the canonical state hash unchanged
  ---
  duration_ms: 50.843083
  type: 'test'
  ...
# Subtest: a report commits with its gameplay result or not at all
ok 299 - a report commits with its gameplay result or not at all
  ---
  duration_ms: 128.166959
  type: 'test'
  ...
# Subtest: a new game keeps a pending report, delivered under its original run
ok 300 - a new game keeps a pending report, delivered under its original run
  ---
  duration_ms: 61.18575
  type: 'test'
  ...
# Subtest: a lost reply is retried and reads back the one acceptance
ok 301 - a lost reply is retried and reads back the one acceptance
  ---
  duration_ms: 28.293917
  type: 'test'
  ...
# Subtest: an acceptance of another payload needs attention
ok 302 - an acceptance of another payload needs attention
  ---
  duration_ms: 31.908042
  type: 'test'
  ...
# Subtest: an acknowledgement that does not commit stops the batch; the next call resends it
ok 303 - an acknowledgement that does not commit stops the batch; the next call resends it
  ---
  duration_ms: 34.430583
  type: 'test'
  ...
# Subtest: a report that always fails does not hold back the rest
ok 304 - a report that always fails does not hold back the rest
  ---
  duration_ms: 66.900208
  type: 'test'
  ...
# Subtest: delivery is bounded, persists each disposition and drops nothing
ok 305 - delivery is bounded, persists each disposition and drops nothing
  ---
  duration_ms: 41.732792
  type: 'test'
  ...
# Subtest: real SQLite cold reopen retains both lessons, exact replay, wear, Attack and defended due state
ok 306 - real SQLite cold reopen retains both lessons, exact replay, wear, Attack and defended due state
  ---
  duration_ms: 193.526791
  type: 'test'
  ...
# Subtest: forged lesson receipts and contradictory acquired rows reopen as save_corrupt without rewriting
ok 307 - forged lesson receipts and contradictory acquired rows reopen as save_corrupt without rewriting
  ---
  duration_ms: 397.6245
  type: 'test'
  ...
# Subtest: each foreign lesson event identity refuses file-backed reopen after lawful later custody
ok 308 - each foreign lesson event identity refuses file-backed reopen after lawful later custody
  ---
  duration_ms: 230.440208
  type: 'test'
  ...
# Subtest: real failed and lost-ack COMMIT keep all prior or all next lesson rows and retry once
ok 309 - real failed and lost-ack COMMIT keep all prior or all next lesson rows and retry once
  ---
  duration_ms: 124.93375
  type: 'test'
  ...
# Subtest: defense hit/loss conjunction is guarded at saved-receipt and narration boundaries
ok 310 - defense hit/loss conjunction is guarded at saved-receipt and narration boundaries
  ---
  duration_ms: 90.20125
  type: 'test'
  ...
# Subtest: trained player death cold reopens and recovers the exact worn lesson sword
ok 311 - trained player death cold reopens and recovers the exact worn lesson sword
  ---
  duration_ms: 81.452208
  type: 'test'
  ...
# Subtest: authored training/shop/S2 orders retain conserved pennies and trained five-rat reward/storage
ok 312 - authored training/shop/S2 orders retain conserved pennies and trained five-rat reward/storage
  ---
  duration_ms: 11834.145333
  type: 'test'
  ...
# (node:1095) [MODULE_TYPELESS_PACKAGE_JSON] Warning: Module type of file://[worktree]/mobile/app/book/presenter.ts is not specified and it doesn't parse as CommonJS.
# Reparsing as ES module because module syntax was detected. This incurs a performance overhead.
# To eliminate this warning, add "type": "module" to [worktree]/mobile/app/package.json.
# (Use `node --trace-warnings ...` to show where the warning was created)
# Subtest: paid crossing, free Sedge lesson, six-room exploration and return reopen at committed boundaries
ok 313 - paid crossing, free Sedge lesson, six-room exploration and return reopen at committed boundaries
  ---
  duration_ms: 1859.483708
  type: 'test'
  ...
# Subtest: forged ferry receipts and saved custody refuse typed corruption without changing the database
ok 314 - forged ferry receipts and saved custody refuse typed corruption without changing the database
  ---
  duration_ms: 1919.978791
  type: 'test'
  ...
# Subtest: real failed and uncertain COMMIT outcomes fence paid/free crossing and lesson then replay once
ok 315 - real failed and uncertain COMMIT outcomes fence paid/free crossing and lesson then replay once
  ---
  duration_ms: 4052.577625
  type: 'test'
  ...
# Subtest: Book projects an exact boarding control and restores one committed endpoint result
ok 316 - Book projects an exact boarding control and restores one committed endpoint result
  ---
  duration_ms: 164.643459
  type: 'test'
  ...
# Subtest: the original following Wren crosses once without rescue credit; separated Wren stays behind
ok 317 - the original following Wren crosses once without rescue credit; separated Wren stays behind
  ---
  duration_ms: 529.3625
  type: 'test'
  ...
# Subtest: actual Chapel death return reaches the dark-loft corpse without gear and retains every nested identity on cold reopen
ok 318 - actual Chapel death return reaches the dark-loft corpse without gear and retains every nested identity on cold reopen
  ---
  duration_ms: 1384.845041
  type: 'test'
  ...
# Subtest: a transport-only cartridge validates crossing receipts without another producer
ok 319 - a transport-only cartridge validates crossing receipts without another producer
  ---
  duration_ms: 98.862
  type: 'test'
  ...
# (node:1097) [MODULE_TYPELESS_PACKAGE_JSON] Warning: Module type of file://[worktree]/mobile/app/book/presenter.ts is not specified and it doesn't parse as CommonJS.
# Reparsing as ES module because module syntax was detected. This incurs a performance overhead.
# To eliminate this warning, add "type": "module" to [worktree]/mobile/app/package.json.
# (Use `node --trace-warnings ...` to show where the warning was created)
# Subtest: original message branch and terminal reopen with their own NPC narration and exact replay
ok 320 - original message branch and terminal reopen with their own NPC narration and exact replay
  ---
  duration_ms: 376.243583
  type: 'test'
  ...
# Subtest: Drop and held-container Put reopen and recover the same item; stale handoff never prints success
ok 321 - Drop and held-container Put reopen and recover the same item; stale handoff never prints success
  ---
  duration_ms: 238.841958
  type: 'test'
  ...
# Subtest: fatal combat and cold reopen preserve the message through ordinary corpse recovery
ok 322 - fatal combat and cold reopen preserve the message through ordinary corpse recovery
  ---
  duration_ms: 202.906917
  type: 'test'
  ...
# Subtest: elapsed redraw keeps an unchanged message choice usable
ok 323 - elapsed redraw keeps an unchanged message choice usable
  ---
  duration_ms: 43.880041
  type: 'test'
  ...
# Subtest: retained delivery evidence corruption is typed even behind an unrelated latest receipt
    # Subtest: missing branch row
    ok 1 - missing branch row
      ---
      duration_ms: 109.478459
      type: 'test'
      ...
    # Subtest: wrong message role
    ok 2 - wrong message role
      ---
      duration_ms: 91.735083
      type: 'test'
      ...
    # Subtest: null retained source
    ok 3 - null retained source
      ---
      duration_ms: 76.055125
      type: 'test'
      ...
    # Subtest: branch fact reset
    ok 4 - branch fact reset
      ---
      duration_ms: 106.804958
      type: 'test'
      ...
    # Subtest: branch fact deleted
    ok 5 - branch fact deleted
      ---
      duration_ms: 86.033959
      type: 'test'
      ...
    # Subtest: message in unrelated NPC
    ok 6 - message in unrelated NPC
      ---
      duration_ms: 77.582583
      type: 'test'
      ...
    # Subtest: message nested in NPC-held container
    ok 7 - message nested in NPC-held container
      ---
      duration_ms: 87.829458
      type: 'test'
      ...
    # Subtest: malformed receipt command JSON
    ok 8 - malformed receipt command JSON
      ---
      duration_ms: 93.259291
      type: 'test'
      ...
    # Subtest: receipt transfer removed
    ok 9 - receipt transfer removed
      ---
      duration_ms: 96.132
      type: 'test'
      ...
    # Subtest: receive narration names another speaker
    ok 10 - receive narration names another speaker
      ---
      duration_ms: 77.194
      type: 'test'
      ...
    # Subtest: terminal fact event missing
    ok 11 - terminal fact event missing
      ---
      duration_ms: 92.694834
      type: 'test'
      ...
    # Subtest: terminal status reset
    ok 12 - terminal status reset
      ---
      duration_ms: 110.148375
      type: 'test'
      ...
    # Subtest: terminal message returned to actor
    ok 13 - terminal message returned to actor
      ---
      duration_ms: 178.403333
      type: 'test'
      ...
    # Subtest: terminal quest reopened
    ok 14 - terminal quest reopened
      ---
      duration_ms: 71.546916
      type: 'test'
      ...
    1..14
ok 324 - retained delivery evidence corruption is typed even behind an unrelated latest receipt
  ---
  duration_ms: 1358.540125
  type: 'test'
  ...
# Subtest: failed and lost branch/terminal COMMIT keep narration and custody behind confirmed disk
ok 325 - failed and lost branch/terminal COMMIT keep narration and custody behind confirmed disk
  ---
  duration_ms: 267.770417
  type: 'test'
  ...
# Subtest: v012 refuses the frozen v010 SQLite save and offers explicit Start over without changing it
ok 326 - v012 refuses the frozen v010 SQLite save and offers explicit Start over without changing it
  ---
  duration_ms: 32.99525
  type: 'test'
  ...
# Subtest: terminal quest without a message branch refuses reopen and requires explicit Start over
ok 327 - terminal quest without a message branch refuses reopen and requires explicit Start over
  ---
  duration_ms: 155.90625
  type: 'test'
  ...
# (node:1098) [MODULE_TYPELESS_PACKAGE_JSON] Warning: Module type of file://[worktree]/mobile/app/book/presenter.ts is not specified and it doesn't parse as CommonJS.
# Reparsing as ES module because module syntax was detected. This incurs a performance overhead.
# To eliminate this warning, add "type": "module" to [worktree]/mobile/app/package.json.
# (Use `node --trace-warnings ...` to show where the warning was created)
# Subtest: real SQLite reopens at counts zero one two, third close, reset and resolved ward
ok 328 - real SQLite reopens at counts zero one two, third close, reset and resolved ward
  ---
  duration_ms: 981.661208
  type: 'test'
  ...
# Subtest: wrong final-wrong and correct commits reconcile both real outcomes and exact replay once
ok 329 - wrong final-wrong and correct commits reconcile both real outcomes and exact replay once
  ---
  duration_ms: 975.24525
  type: 'test'
  ...
# Subtest: bounded saves refuse forged rows and wrong receipts without deleting progress
ok 330 - bounded saves refuse forged rows and wrong receipts without deleting progress
  ---
  duration_ms: 2388.597667
  type: 'test'
  ...
# Subtest: unjustified discovery and topic facts fail cold-open reconciliation
ok 331 - unjustified discovery and topic facts fail cold-open reconciliation
  ---
  duration_ms: 372.917333
  type: 'test'
  ...
# Subtest: receipt association checks reject forged actor source and quest independently of later save consumers
ok 332 - receipt association checks reject forged actor source and quest independently of later save consumers
  ---
  duration_ms: 140.145584
  type: 'test'
  ...
# Subtest: cold-open verifies the ward Talk selector against its saved source
ok 333 - cold-open verifies the ward Talk selector against its saved source
  ---
  duration_ms: 202.232125
  type: 'test'
  ...
# (node:1179) [MODULE_TYPELESS_PACKAGE_JSON] Warning: Module type of file://[worktree]/mobile/app/book/presenter.ts is not specified and it doesn't parse as CommonJS.
# Reparsing as ES module because module syntax was detected. This incurs a performance overhead.
# To eliminate this warning, add "type": "module" to [worktree]/mobile/app/package.json.
# (Use `node --trace-warnings ...` to show where the warning was created)
# Subtest: malformed Q1 after rescue selection or completion offers typed recovery without replacing progress
    # Subtest: following row: null
    ok 1 - following row: null
      ---
      duration_ms: 371.367417
      type: 'test'
      ...
    # Subtest: following row: false
    ok 2 - following row: false
      ---
      duration_ms: 361.118208
      type: 'test'
      ...
    # Subtest: following row: 0
    ok 3 - following row: 0
      ---
      duration_ms: 408.88725
      type: 'test'
      ...
    # Subtest: following row: []
    ok 4 - following row: []
      ---
      duration_ms: 217.937917
      type: 'test'
      ...
    # Subtest: following row: {}
    ok 5 - following row: {}
      ---
      duration_ms: 219.046
      type: 'test'
      ...
    # Subtest: following row: {"quest":{},"scope":{}}
    ok 6 - following row: {"quest":{},"scope":{}}
      ---
      duration_ms: 182.77575
      type: 'test'
      ...
    # Subtest: following row: {"quest":true,"scope":true}
    ok 7 - following row: {"quest":true,"scope":true}
      ---
      duration_ms: 261.650625
      type: 'test'
      ...
    # Subtest: following quest: {}
    ok 8 - following quest: {}
      ---
      duration_ms: 193.540583
      type: 'test'
      ...
    # Subtest: following scope: {}
    ok 9 - following scope: {}
      ---
      duration_ms: 241.792958
      type: 'test'
      ...
    # Subtest: completed row: null
    ok 10 - completed row: null
      ---
      duration_ms: 334.093542
      type: 'test'
      ...
    # Subtest: completed row: false
    ok 11 - completed row: false
      ---
      duration_ms: 248.470208
      type: 'test'
      ...
    # Subtest: completed row: 0
    ok 12 - completed row: 0
      ---
      duration_ms: 278.408708
      type: 'test'
      ...
    # Subtest: completed row: []
    ok 13 - completed row: []
      ---
      duration_ms: 219.191209
      type: 'test'
      ...
    # Subtest: completed row: {}
    ok 14 - completed row: {}
      ---
      duration_ms: 219.944875
      type: 'test'
      ...
    # Subtest: completed row: {"quest":{},"scope":{}}
    ok 15 - completed row: {"quest":{},"scope":{}}
      ---
      duration_ms: 421.02825
      type: 'test'
      ...
    # Subtest: completed row: {"quest":true,"scope":true}
    ok 16 - completed row: {"quest":true,"scope":true}
      ---
      duration_ms: 244.135541
      type: 'test'
      ...
    # Subtest: completed quest: {}
    ok 17 - completed quest: {}
      ---
      duration_ms: 238.475458
      type: 'test'
      ...
    # Subtest: completed scope: {}
    ok 18 - completed scope: {}
      ---
      duration_ms: 301.734333
      type: 'test'
      ...
    1..18
ok 334 - malformed Q1 after rescue selection or completion offers typed recovery without replacing progress
  ---
  duration_ms: 4972.858375
  type: 'test'
  ...
# Subtest: real SQLite rescue reopens start, death separation, Rejoin and terminal with their own narration
ok 335 - real SQLite rescue reopens start, death separation, Rejoin and terminal with their own narration
  ---
  duration_ms: 815.123917
  type: 'test'
  ...
# Subtest: retained rescue identity, physical state and own receipts reject corruption behind a later look
    # Subtest: missing escort row
    ok 1 - missing escort row
      ---
      duration_ms: 91.491208
      type: 'test'
      ...
    # Subtest: substituted bound NPC
    ok 2 - substituted bound NPC
      ---
      duration_ms: 91.170792
      type: 'test'
      ...
    # Subtest: wrong quest instance
    ok 3 - wrong quest instance
      ---
      duration_ms: 83.437375
      type: 'test'
      ...
    # Subtest: wrong originating continuation
    ok 4 - wrong originating continuation
      ---
      duration_ms: 85.071292
      type: 'test'
      ...
    # Subtest: following NPC in another room
    ok 5 - following NPC in another room
      ---
      duration_ms: 106.134875
      type: 'test'
      ...
    # Subtest: separated without committed death
    ok 6 - separated without committed death
      ---
      duration_ms: 96.98275
      type: 'test'
      ...
    # Subtest: rescue message removed from Vesper
    ok 7 - rescue message removed from Vesper
      ---
      duration_ms: 119.090583
      type: 'test'
      ...
    # Subtest: rescue branch changed to stays
    ok 8 - rescue branch changed to stays
      ---
      duration_ms: 135.705792
      type: 'test'
      ...
    # Subtest: missing start receipt
    ok 9 - missing start receipt
      ---
      duration_ms: 92.44525
      type: 'test'
      ...
    # Subtest: old start receipt missing escort transition
    ok 10 - old start receipt missing escort transition
      ---
      duration_ms: 99.897709
      type: 'test'
      ...
    # Subtest: forged rescued terminal without turn-in
    ok 11 - forged rescued terminal without turn-in
      ---
      duration_ms: 177.888791
      type: 'test'
      ...
    # Subtest: rescued terminal rewritten to stays
    ok 12 - rescued terminal rewritten to stays
      ---
      duration_ms: 150.36875
      type: 'test'
      ...
    # Subtest: completed Wren moved away from Elspeth
    ok 13 - completed Wren moved away from Elspeth
      ---
      duration_ms: 122.044667
      type: 'test'
      ...
    1..13
ok 336 - retained rescue identity, physical state and own receipts reject corruption behind a later look
  ---
  duration_ms: 1454.853625
  type: 'test'
  ...
# (node:1185) [MODULE_TYPELESS_PACKAGE_JSON] Warning: Module type of file://[worktree]/mobile/app/book/presenter.ts is not specified and it doesn't parse as CommonJS.
# Reparsing as ES module because module syntax was detected. This incurs a performance overhead.
# To eliminate this warning, add "type": "module" to [worktree]/mobile/app/package.json.
# (Use `node --trace-warnings ...` to show where the warning was created)
# Subtest: file-backed riddle cold opens before, after wrong and after success with exact replay/conflict
ok 337 - file-backed riddle cold opens before, after wrong and after success with exact replay/conflict
  ---
  duration_ms: 779.424333
  type: 'test'
  ...
# Subtest: stored riddle command, binding and root evidence mismatches become typed save corruption
ok 338 - stored riddle command, binding and root evidence mismatches become typed save corruption
  ---
  duration_ms: 882.281125
  type: 'test'
  ...
# Subtest: malformed retained riddle source offers typed recovery and explicit Start over
    # Subtest: null source
    ok 1 - null source
      ---
      duration_ms: 132.766917
      type: 'test'
      ...
    # Subtest: missing source
    ok 2 - missing source
      ---
      duration_ms: 142.195208
      type: 'test'
      ...
    1..2
ok 339 - malformed retained riddle source offers typed recovery and explicit Start over
  ---
  duration_ms: 276.537458
  type: 'test'
  ...
# Subtest: answer input refreshes only across unchanged offered riddle context and reads its own eventless receipt
ok 340 - answer input refreshes only across unchanged offered riddle context and reads its own eventless receipt
  ---
  duration_ms: 185.792292
  type: 'test'
  ...
# Subtest: failed and lost COMMIT answers retain the exact invocation and answer until reconciliation
ok 341 - failed and lost COMMIT answers retain the exact invocation and answer until reconciliation
  ---
  duration_ms: 580.306667
  type: 'test'
  ...
# (node:1193) [MODULE_TYPELESS_PACKAGE_JSON] Warning: Module type of file://[worktree]/mobile/app/book/c1.test.ts is not specified and it doesn't parse as CommonJS.
# Reparsing as ES module because module syntax was detected. This incurs a performance overhead.
# To eliminate this warning, add "type": "module" to [worktree]/mobile/app/package.json.
# (Use `node --trace-warnings ...` to show where the warning was created)
# Subtest: exit door actions keep their direction and remain separate from walking
ok 342 - exit door actions keep their direction and remain separate from walking
  ---
  duration_ms: 5.665917
  type: 'test'
  ...
# Subtest: worn items and reachable nested contents offer actions on their own ids
ok 343 - worn items and reachable nested contents offer actions on their own ids
  ---
  duration_ms: 0.416958
  type: 'test'
  ...
# Subtest: same-room actions retain projected item pages and remove pages hidden by a closed lid
ok 344 - same-room actions retain projected item pages and remove pages hidden by a closed lid
  ---
  duration_ms: 0.287833
  type: 'test'
  ...
# Subtest: chapter changes queue one title which survives scene lines and acknowledgement
ok 345 - chapter changes queue one title which survives scene lines and acknowledgement
  ---
  duration_ms: 0.128208
  type: 'test'
  ...
# Subtest: band phrases and the hp accessibility label use the cartridge catalog
ok 346 - band phrases and the hp accessibility label use the cartridge catalog
  ---
  duration_ms: 0.156459
  type: 'test'
  ...
# Subtest: scene Continue and position verbs have dedicated groups
ok 347 - scene Continue and position verbs have dedicated groups
  ---
  duration_ms: 0.098083
  type: 'test'
  ...
# (node:1199) [MODULE_TYPELESS_PACKAGE_JSON] Warning: Module type of file://[worktree]/mobile/app/book/combat.test.ts is not specified and it doesn't parse as CommonJS.
# Reparsing as ES module because module syntax was detected. This incurs a performance overhead.
# To eliminate this warning, add "type": "module" to [worktree]/mobile/app/package.json.
# (Use `node --trace-warnings ...` to show where the warning was created)
# Subtest: combat page lists offered controls vertically below history in one scroll
ok 348 - combat page lists offered controls vertically below history in one scroll
  ---
  duration_ms: 18.872834
  type: 'test'
  ...
# Subtest: committed opponent death narrates once through the existing subscription
ok 349 - committed opponent death narrates once through the existing subscription
  ---
  duration_ms: 0.4735
  type: 'test'
  ...
# Subtest: confirmed encounter foregrounds another page and closure or death restores the World
ok 350 - confirmed encounter foregrounds another page and closure or death restores the World
  ---
  duration_ms: 34.254875
  type: 'test'
  ...
# Subtest: Attack opens its committed page; pending and refused Flee stay until committed escape
ok 351 - Attack opens its committed page; pending and refused Flee stay until committed escape
  ---
  duration_ms: 20.542792
  type: 'test'
  ...
# Subtest: reopening an encounter restores the combat page and last committed narration
ok 352 - reopening an encounter restores the combat page and last committed narration
  ---
  duration_ms: 3.582958
  type: 'test'
  ...
# Subtest: reopening after escape or either death never restores combat into the World log
ok 353 - reopening after escape or either death never restores combat into the World log
  ---
  duration_ms: 26.764417
  type: 'test'
  ...
# (node:1237) [MODULE_TYPELESS_PACKAGE_JSON] Warning: Module type of file://[worktree]/mobile/app/book/dream.test.ts is not specified and it doesn't parse as CommonJS.
# Reparsing as ES module because module syntax was detected. This incurs a performance overhead.
# To eliminate this warning, add "type": "module" to [worktree]/mobile/app/package.json.
# (Use `node --trace-warnings ...` to show where the warning was created)
# Subtest: live first Rest, nested Close/Resume, captured branches, final ack and cold World resume use the actual bed
ok 354 - live first Rest, nested Close/Resume, captured branches, final ack and cold World resume use the actual bed
  ---
  duration_ms: 1622.680542
  type: 'test'
  ...
# Subtest: uncertain paid Rest remount opens the first dream only when the original COMMIT settles
ok 355 - uncertain paid Rest remount opens the first dream only when the original COMMIT settles
  ---
  duration_ms: 577.483625
  type: 'test'
  ...
# (node:1252) [MODULE_TYPELESS_PACKAGE_JSON] Warning: Module type of file://[worktree]/mobile/app/book/food.test.ts is not specified and it doesn't parse as CommonJS.
# Reparsing as ES module because module syntax was detected. This incurs a performance overhead.
# To eliminate this warning, add "type": "module" to [worktree]/mobile/app/package.json.
# (Use `node --trace-warnings ...` to show where the warning was created)
# Subtest: actual Book Item Eat returns World once on normal and uncertain settlement and cold remount
ok 356 - actual Book Item Eat returns World once on normal and uncertain settlement and cold remount
  ---
  duration_ms: 2627.899333
  type: 'test'
  ...
# (node:1297) [MODULE_TYPELESS_PACKAGE_JSON] Warning: Module type of file://[worktree]/mobile/app/book/hounds.test.ts is not specified and it doesn't parse as CommonJS.
# Reparsing as ES module because module syntax was detected. This incurs a performance overhead.
# To eliminate this warning, add "type": "module" to [worktree]/mobile/app/package.json.
# (Use `node --trace-warnings ...` to show where the warning was created)
# Subtest: Book offers instance-bound Attack and prunes a departed hound detail
ok 357 - Book offers instance-bound Attack and prunes a departed hound detail
  ---
  duration_ms: 623.282334
  type: 'test'
  ...
# Subtest: Book exposes a killed hound pelt through ordinary Contents and Carrying
ok 358 - Book exposes a killed hound pelt through ordinary Contents and Carrying
  ---
  duration_ms: 243.6125
  type: 'test'
  ...
# (node:1393) [MODULE_TYPELESS_PACKAGE_JSON] Warning: Module type of file://[worktree]/mobile/app/book/infirmary.test.ts is not specified and it doesn't parse as CommonJS.
# Reparsing as ES module because module syntax was detected. This incurs a performance overhead.
# To eliminate this warning, add "type": "module" to [worktree]/mobile/app/package.json.
# (Use `node --trace-warnings ...` to show where the warning was created)
# Subtest: Book patch and Wick controls use confirmed exact targets, readiness and journal state
ok 359 - Book patch and Wick controls use confirmed exact targets, readiness and journal state
  ---
  duration_ms: 287.629917
  type: 'test'
  ...
# (node:1419) [MODULE_TYPELESS_PACKAGE_JSON] Warning: Module type of file://[worktree]/mobile/app/book/item_detail.test.ts is not specified and it doesn't parse as CommonJS.
# Reparsing as ES module because module syntax was detected. This incurs a performance overhead.
# To eliminate this warning, add "type": "module" to [worktree]/mobile/app/package.json.
# (Use `node --trace-warnings ...` to show where the warning was created)
# Subtest: retained item results appear chronologically between description and options, empty log omitted
ok 360 - retained item results appear chronologically between description and options, empty log omitted
  ---
  duration_ms: 321.060875
  type: 'test'
  ...
# (node:1425) [MODULE_TYPELESS_PACKAGE_JSON] Warning: Module type of file://[worktree]/mobile/app/book/joystick.test.ts is not specified and it doesn't parse as CommonJS.
# Reparsing as ES module because module syntax was detected. This incurs a performance overhead.
# To eliminate this warning, add "type": "module" to [worktree]/mobile/app/package.json.
# (Use `node --trace-warnings ...` to show where the warning was created)
# Subtest: a drag points at the exit in its 90-degree quadrant, only if that exit exists
ok 361 - a drag points at the exit in its 90-degree quadrant, only if that exit exists
  ---
  duration_ms: 0.979416
  type: 'test'
  ...
# Subtest: a drag inside the cancel radius points at nothing
ok 362 - a drag inside the cancel radius points at nothing
  ---
  duration_ms: 0.101708
  type: 'test'
  ...
# Subtest: the label sits opposite the drag, and above for a kept note
ok 363 - the label sits opposite the drag, and above for a kept note
  ---
  duration_ms: 0.540625
  type: 'test'
  ...
# Subtest: stair nodes are reached by dragging out to them, only when the exit exists
ok 364 - stair nodes are reached by dragging out to them, only when the exit exists
  ---
  duration_ms: 0.091209
  type: 'test'
  ...
# Subtest: a choice opened during a drag keeps the original context stale and commits no move
ok 365 - a choice opened during a drag keeps the original context stale and commits no move
  ---
  duration_ms: 99.582292
  type: 'test'
  ...
# Subtest: refused drags do not grow the log without bound
ok 366 - refused drags do not grow the log without bound
  ---
  duration_ms: 364.33875
  type: 'test'
  ...
# (node:1456) [MODULE_TYPELESS_PACKAGE_JSON] Warning: Module type of file://[worktree]/mobile/app/book/keyboard.test.ts is not specified and it doesn't parse as CommonJS.
# Reparsing as ES module because module syntax was detected. This incurs a performance overhead.
# To eliminate this warning, add "type": "module" to [worktree]/mobile/app/package.json.
# (Use `node --trace-warnings ...` to show where the warning was created)
# Subtest: web keyboard uses offered exits and keeps focused controls
ok 367 - web keyboard uses offered exits and keeps focused controls
  ---
  duration_ms: 5.593792
  type: 'test'
  ...
# Subtest: Book captures movement keys only on an active World page
ok 368 - Book captures movement keys only on an active World page
  ---
  duration_ms: 3.375959
  type: 'test'
  ...
# (node:1457) [MODULE_TYPELESS_PACKAGE_JSON] Warning: Module type of file://[worktree]/mobile/app/book/liquid.test.ts is not specified and it doesn't parse as CommonJS.
# Reparsing as ES module because module syntax was detected. This incurs a performance overhead.
# To eliminate this warning, add "type": "module" to [worktree]/mobile/app/package.json.
# (Use `node --trace-warnings ...` to show where the warning was created)
# Subtest: Book preserves exact water pairs and invalidates changed quantities in displayed context
ok 369 - Book preserves exact water pairs and invalidates changed quantities in displayed context
  ---
  duration_ms: 585.256666
  type: 'test'
  ...
# Subtest: Book restores liquid narration on the exact saved source detail after SQLite reopen
ok 370 - Book restores liquid narration on the exact saved source detail after SQLite reopen
  ---
  duration_ms: 568.621375
  type: 'test'
  ...
# Subtest: loaded liquid aliases reach exact Book presses and matching target/input/policy refusal
ok 371 - loaded liquid aliases reach exact Book presses and matching target/input/policy refusal
  ---
  duration_ms: 2611.289083
  type: 'test'
  ...
# Subtest: aliased liquid freshness refuses a stale pair after another committed drink
ok 372 - aliased liquid freshness refuses a stale pair after another committed drink
  ---
  duration_ms: 96.204709
  type: 'test'
  ...
# (node:1465) [MODULE_TYPELESS_PACKAGE_JSON] Warning: Module type of file://[worktree]/mobile/app/book/live_actions.test.ts is not specified and it doesn't parse as CommonJS.
# Reparsing as ES module because module syntax was detected. This incurs a performance overhead.
# To eliminate this warning, add "type": "module" to [worktree]/mobile/app/package.json.
# (Use `node --trace-warnings ...` to show where the warning was created)
# Subtest: after Bram acceptance an unchanged north drag crosses a pulse and commits exactly one move
ok 373 - after Bram acceptance an unchanged north drag crosses a pulse and commits exactly one move
  ---
  duration_ms: 308.622042
  type: 'test'
  ...
# Subtest: sampler Bram offers at19:00 and receives the fetched lantern the next day without waiting
ok 374 - sampler Bram offers at19:00 and receives the fetched lantern the next day without waiting
  ---
  duration_ms: 136.601292
  type: 'test'
  ...
# Subtest: a captured north action never becomes north from a different origin room
ok 375 - a captured north action never becomes north from a different origin room
  ---
  duration_ms: 38.357208
  type: 'test'
  ...
# Subtest: Maud acceptance, position and item buttons survive elapsed-only redraws
ok 376 - Maud acceptance, position and item buttons survive elapsed-only redraws
  ---
  duration_ms: 97.2735
  type: 'test'
  ...
# Subtest: an altered captured choice is refused without sending a new decision
ok 377 - an altered captured choice is refused without sending a new decision
  ---
  duration_ms: 124.621084
  type: 'test'
  ...
# Subtest: old Leave and departed Bram actions keep stale refusal after context changes
ok 378 - old Leave and departed Bram actions keep stale refusal after context changes
  ---
  duration_ms: 68.274167
  type: 'test'
  ...
# Subtest: a held answer refuses after its speaker departs during the elapsed pulse
ok 379 - a held answer refuses after its speaker departs during the elapsed pulse
  ---
  duration_ms: 26.402959
  type: 'test'
  ...
# Subtest: combat context changes refuse old Look while an unchanged encounter tolerates a pulse
ok 380 - combat context changes refuse old Look while an unchanged encounter tolerates a pulse
  ---
  duration_ms: 83.692416
  type: 'test'
  ...
# Subtest: pending move retry adopts its original durable receipt once without a second action
ok 381 - pending move retry adopts its original durable receipt once without a second action
  ---
  duration_ms: 24.004541
  type: 'test'
  ...
# Subtest: withdrawn or changed-context Notice controls retain their captured stale token
ok 382 - withdrawn or changed-context Notice controls retain their captured stale token
  ---
  duration_ms: 36.380084
  type: 'test'
  ...
# (node:1489) [MODULE_TYPELESS_PACKAGE_JSON] Warning: Module type of file://[worktree]/mobile/app/book/model.test.ts is not specified and it doesn't parse as CommonJS.
# Reparsing as ES module because module syntax was detected. This incurs a performance overhead.
# To eliminate this warning, add "type": "module" to [worktree]/mobile/app/package.json.
# (Use `node --trace-warnings ...` to show where the warning was created)
# Subtest: exits, the look title, place actions and a thing page come from the right buttons
ok 383 - exits, the look title, place actions and a thing page come from the right buttons
  ---
  duration_ms: 1.180875
  type: 'test'
  ...
# Subtest: position cycling skips absent offers and retains the offered freshness
ok 384 - position cycling skips absent offers and retains the offered freshness
  ---
  duration_ms: 0.116917
  type: 'test'
  ...
# Subtest: a touch link is shown as its label
ok 385 - a touch link is shown as its label
  ---
  duration_ms: 0.143875
  type: 'test'
  ...
# Subtest: a choice's answers and Close are their own group, not place actions
ok 386 - a choice's answers and Close are their own group, not place actions
  ---
  duration_ms: 0.106458
  type: 'test'
  ...
# Subtest: the character label says the hp band and no other
ok 387 - the character label says the hp band and no other
  ---
  duration_ms: 0.141125
  type: 'test'
  ...
# Subtest: the absent-speaker line shows only when the speaker is not here
ok 388 - the absent-speaker line shows only when the speaker is not here
  ---
  duration_ms: 0.122625
  type: 'test'
  ...
# Subtest: a restored choice opens its actual speaker detail or retained conversation
ok 389 - a restored choice opens its actual speaker detail or retained conversation
  ---
  duration_ms: 0.140166
  type: 'test'
  ...
# Subtest: a closed exit's log line and a capitalised title
ok 390 - a closed exit's log line and a capitalised title
  ---
  duration_ms: 0.107542
  type: 'test'
  ...
# Subtest: a move refused at 0 MV says the body is too exhausted
ok 391 - a move refused at 0 MV says the body is too exhausted
  ---
  duration_ms: 0.085
  type: 'test'
  ...
# Subtest: a hint survives a store that throws, for this session
ok 392 - a hint survives a store that throws, for this session
  ---
  duration_ms: 0.176208
  type: 'test'
  ...
# Subtest: the status line shows the double hour as its earthly branch
ok 393 - the status line shows the double hour as its earthly branch
  ---
  duration_ms: 0.171292
  type: 'test'
  ...
# (node:1491) [MODULE_TYPELESS_PACKAGE_JSON] Warning: Module type of file://[worktree]/mobile/app/book/notice_board.test.ts is not specified and it doesn't parse as CommonJS.
# Reparsing as ES module because module syntax was detected. This incurs a performance overhead.
# To eliminate this warning, add "type": "module" to [worktree]/mobile/app/package.json.
# (Use `node --trace-warnings ...` to show where the warning was created)
# Subtest: landing detail and two board children read exact targets and pop back without navigation receipts
ok 394 - landing detail and two board children read exact targets and pop back without navigation receipts
  ---
  duration_ms: 350.106708
  type: 'test'
  ...
# Subtest: the south search reaches the oak and returns through visible fox clues
ok 395 - the south search reaches the oak and returns through visible fox clues
  ---
  duration_ms: 171.48525
  type: 'test'
  ...
# Subtest: cold Continue shows the confirmed notice once and restores its return route without Read
ok 396 - cold Continue shows the confirmed notice once and restores its return route without Read
  ---
  duration_ms: 201.815041
  type: 'test'
  ...
# Subtest: an uncertain child read keeps an empty detail until its one receipt is confirmed
ok 397 - an uncertain child read keeps an empty detail until its one receipt is confirmed
  ---
  duration_ms: 53.63125
  type: 'test'
  ...
# Subtest: long elapsed redraw retains board route and a real room change prunes it
ok 398 - long elapsed redraw retains board route and a real room change prunes it
  ---
  duration_ms: 44.39825
  type: 'test'
  ...
# Subtest: notice entries use available exact-target aliases and expose unavailable reasons
ok 399 - notice entries use available exact-target aliases and expose unavailable reasons
  ---
  duration_ms: 54.811791
  type: 'test'
  ...
# Subtest: Elspeth stays reachable all day and her Book replies direct a newcomer along usable exits
ok 400 - Elspeth stays reachable all day and her Book replies direct a newcomer along usable exits
  ---
  duration_ms: 243.98075
  type: 'test'
  ...
# Subtest: Q1 drawing opens full item detail with Take and local Leave
ok 401 - Q1 drawing opens full item detail with Take and local Leave
  ---
  duration_ms: 22.014875
  type: 'test'
  ...
# Subtest: plank and hollow open descriptive noun detail pages without story credit
ok 402 - plank and hollow open descriptive noun detail pages without story credit
  ---
  duration_ms: 64.310583
  type: 'test'
  ...
# Subtest: Study is a detail-only empty-target control after Read/history and refreshes across elapsed redraw
ok 403 - Study is a detail-only empty-target control after Read/history and refreshes across elapsed redraw
  ---
  duration_ms: 80.399834
  type: 'test'
  ...
# Subtest: pending Study retains its detail context and restores exactly once without World narration
ok 404 - pending Study retains its detail context and restores exactly once without World narration
  ---
  duration_ms: 117.776542
  type: 'test'
  ...
# (node:1497) [MODULE_TYPELESS_PACKAGE_JSON] Warning: Module type of file://[worktree]/mobile/app/book/polish.test.ts is not specified and it doesn't parse as CommonJS.
# Reparsing as ES module because module syntax was detected. This incurs a performance overhead.
# To eliminate this warning, add "type": "module" to [worktree]/mobile/app/package.json.
# (Use `node --trace-warnings ...` to show where the warning was created)
# Subtest: corpse Contents Take returns to its detail with one local pickup and Back to World
ok 405 - corpse Contents Take returns to its detail with one local pickup and Back to World
  ---
  duration_ms: 558.172125
  type: 'test'
  ...
# Subtest: remounted pending pelt Take settles on its exact corpse detail
ok 406 - remounted pending pelt Take settles on its exact corpse detail
  ---
  duration_ms: 296.893917
  type: 'test'
  ...
# Subtest: room is focused while Map retains directions and every detail returns to the world
ok 407 - room is focused while Map retains directions and every detail returns to the world
  ---
  duration_ms: 104.150334
  type: 'test'
  ...
# Subtest: a postcommit narration read fault preserves the saved result and clears retry context
ok 408 - a postcommit narration read fault preserves the saved result and clears retry context
  ---
  duration_ms: 67.960667
  type: 'test'
  ...
# Subtest: NPC history has distinct journal events and one confirmed Leave after the scrolling log
ok 409 - NPC history has distinct journal events and one confirmed Leave after the scrolling log
  ---
  duration_ms: 129.861917
  type: 'test'
  ...
# Subtest: only World position taps directly cycle the offered states with captured freshness
ok 410 - only World position taps directly cycle the offered states with captured freshness
  ---
  duration_ms: 72.216625
  type: 'test'
  ...
# Subtest: an NPC choice retried from the world keeps its result in the original detail
ok 411 - an NPC choice retried from the world keeps its result in the original detail
  ---
  duration_ms: 40.185292
  type: 'test'
  ...
# Subtest: only confirmed pickup returns World, including a retry from another page
ok 412 - only confirmed pickup returns World, including a retry from another page
  ---
  duration_ms: 69.646666
  type: 'test'
  ...
# Subtest: touch omits incomplete Give but the complete item and recipient command remains valid
ok 413 - touch omits incomplete Give but the complete item and recipient command remains valid
  ---
  duration_ms: 58.536125
  type: 'test'
  ...
# Subtest: inventory Drop returns World with one named event only after confirmation
ok 414 - inventory Drop returns World with one named event only after confirmation
  ---
  duration_ms: 62.023
  type: 'test'
  ...
# Subtest: other item actions retain their detail and show their consequences there
ok 415 - other item actions retain their detail and show their consequences there
  ---
  duration_ms: 13.769417
  type: 'test'
  ...
# Subtest: elapsed confirmed boundaries retain Conversation and chapter acknowledgment without page flips
ok 416 - elapsed confirmed boundaries retain Conversation and chapter acknowledgment without page flips
  ---
  duration_ms: 47.917292
  type: 'test'
  ...
# Subtest: delayed Take returns once with its original item name after a conflicting tap
ok 417 - delayed Take returns once with its original item name after a conflicting tap
  ---
  duration_ms: 91.922583
  type: 'test'
  ...
# Subtest: delayed actual quest completion adds one authored result and Journal updated in original history
ok 418 - delayed actual quest completion adds one authored result and Journal updated in original history
  ---
  duration_ms: 63.916
  type: 'test'
  ...
# Subtest: actual trunk detail explains refused Take and restores its button after Remove then Drop
ok 419 - actual trunk detail explains refused Take and restores its button after Remove then Drop
  ---
  duration_ms: 149.690125
  type: 'test'
  ...
# Subtest: self-luminous Notice invokes its projected targetless recipe and retains the result
ok 420 - self-luminous Notice invokes its projected targetless recipe and retains the result
  ---
  duration_ms: 159.045833
  type: 'test'
  ...
# (node:1539) [MODULE_TYPELESS_PACKAGE_JSON] Warning: Module type of file://[worktree]/mobile/app/book/presenter.test.ts is not specified and it doesn't parse as CommonJS.
# Reparsing as ES module because module syntax was detected. This incurs a performance overhead.
# To eliminate this warning, add "type": "module" to [worktree]/mobile/app/package.json.
# (Use `node --trace-warnings ...` to show where the warning was created)
# Subtest: pending and refused Take/Drop/Leave retain detail routing and unchanged custody
ok 421 - pending and refused Take/Drop/Leave retain detail routing and unchanged custody
  ---
  duration_ms: 7.381209
  type: 'test'
  ...
# Subtest: journal cues belong only to changed NPC histories
ok 422 - journal cues belong only to changed NPC histories
  ---
  duration_ms: 0.961417
  type: 'test'
  ...
# Subtest: recovery removes the current heading but retains an unclassified consequence
ok 423 - recovery removes the current heading but retains an unclassified consequence
  ---
  duration_ms: 0.657041
  type: 'test'
  ...
# Subtest: confirmed room change clears old history before adding new authored consequences
ok 424 - confirmed room change clears old history before adding new authored consequences
  ---
  duration_ms: 0.260792
  type: 'test'
  ...
# Subtest: World omits the routine Close fallback while retaining authored consequences
ok 425 - World omits the routine Close fallback while retaining authored consequences
  ---
  duration_ms: 0.169625
  type: 'test'
  ...
# Subtest: a restored committed narration is not duplicated by its pending receipt retry
ok 426 - a restored committed narration is not duplicated by its pending receipt retry
  ---
  duration_ms: 0.1705
  type: 'test'
  ...
# Subtest: a move rejected for want of MV says the body is too exhausted
ok 427 - a move rejected for want of MV says the body is too exhausted
  ---
  duration_ms: 0.108666
  type: 'test'
  ...
# Subtest: the log stops growing in one room, its last line the latest answer
ok 428 - the log stops growing in one room, its last line the latest answer
  ---
  duration_ms: 3.58175
  type: 'test'
  ...
# Subtest: the save-error line says a pending start over in words and shows any other message
ok 429 - the save-error line says a pending start over in words and shows any other message
  ---
  duration_ms: 1.26025
  type: 'test'
  ...
# Subtest: a narration recovery fault holds combat results while their line routing is unavailable
ok 430 - a narration recovery fault holds combat results while their line routing is unavailable
  ---
  duration_ms: 0.450458
  type: 'test'
  ...
# Subtest: combat receipt history is once-only when completion follows an already displayed state
ok 431 - combat receipt history is once-only when completion follows an already displayed state
  ---
  duration_ms: 0.384833
  type: 'test'
  ...
# (node:1549) [MODULE_TYPELESS_PACKAGE_JSON] Warning: Module type of file://[worktree]/mobile/app/book/priory.test.ts is not specified and it doesn't parse as CommonJS.
# Reparsing as ES module because module syntax was detected. This incurs a performance overhead.
# To eliminate this warning, add "type": "module" to [worktree]/mobile/app/package.json.
# (Use `node --trace-warnings ...` to show where the warning was created)
# Subtest: actual nested book Item opens locally and Read stays between description and options with local Back
ok 432 - actual nested book Item opens locally and Read stays between description and options with local Back
  ---
  duration_ms: 421.021792
  type: 'test'
  ...
# Subtest: Book restores Ward or Bell once through pulse after remount during uncertain Read
ok 433 - Book restores Ward or Bell once through pulse after remount during uncertain Read
  ---
  duration_ms: 584.896167
  type: 'test'
  ...
# Subtest: Book restores Ward or Bell once through title press after remount during uncertain Read
ok 434 - Book restores Ward or Bell once through title press after remount during uncertain Read
  ---
  duration_ms: 635.039417
  type: 'test'
  ...
# (node:1574) [MODULE_TYPELESS_PACKAGE_JSON] Warning: Module type of file://[worktree]/mobile/app/book/readable.test.ts is not specified and it doesn't parse as CommonJS.
# Reparsing as ES module because module syntax was detected. This incurs a performance overhead.
# To eliminate this warning, add "type": "module" to [worktree]/mobile/app/package.json.
# (Use `node --trace-warnings ...` to show where the warning was created)
# Subtest: production Read targets retain confirmed detail messages without changing state
ok 435 - production Read targets retain confirmed detail messages without changing state
  ---
  duration_ms: 97.514583
  type: 'test'
  ...
# Subtest: uncertain Read recovers its one receipt and narration, then reads again after cold reopen
ok 436 - uncertain Read recovers its one receipt and narration, then reads again after cold reopen
  ---
  duration_ms: 44.883125
  type: 'test'
  ...
# Subtest: stale and refused Read retain their target and never narrate an unread body
ok 437 - stale and refused Read retain their target and never narrate an unread body
  ---
  duration_ms: 37.896875
  type: 'test'
  ...
# Subtest: held Read survives the authored 68350 to 68400 pulse with authority freshness intact
ok 438 - held Read survives the authored 68350 to 68400 pulse with authority freshness intact
  ---
  duration_ms: 20.525
  type: 'test'
  ...
# Subtest: cold reopen refuses a committed Read whose stored target is malformed
ok 439 - cold reopen refuses a committed Read whose stored target is malformed
  ---
  duration_ms: 85.472208
  type: 'test'
  ...
# Subtest: invalid Read JSON offers in-place Start over and leaves older pins explicitly refused
ok 440 - invalid Read JSON offers in-place Start over and leaves older pins explicitly refused
  ---
  duration_ms: 81.803833
  type: 'test'
  ...
# (node:1576) [MODULE_TYPELESS_PACKAGE_JSON] Warning: Module type of file://[worktree]/mobile/app/book/reward_storage.test.ts is not specified and it doesn't parse as CommonJS.
# Reparsing as ES module because module syntax was detected. This incurs a performance overhead.
# To eliminate this warning, add "type": "module" to [worktree]/mobile/app/package.json.
# (Use `node --trace-warnings ...` to show where the warning was created)
# Subtest: Book sends the projected Put pair and original freshness through normal touch and receipt routing
ok 441 - Book sends the projected Put pair and original freshness through normal touch and receipt routing
  ---
  duration_ms: 207.2625
  type: 'test'
  ...
# (node:1579) [MODULE_TYPELESS_PACKAGE_JSON] Warning: Module type of file://[worktree]/mobile/app/book/riddle.test.ts is not specified and it doesn't parse as CommonJS.
# Reparsing as ES module because module syntax was detected. This incurs a performance overhead.
# To eliminate this warning, add "type": "module" to [worktree]/mobile/app/package.json.
# (Use `node --trace-warnings ...` to show where the warning was created)
# Subtest: NPC detail tiles edit a bounded word and submit retry/correct results after history
ok 442 - NPC detail tiles edit a bounded word and submit retry/correct results after history
  ---
  duration_ms: 267.848167
  type: 'test'
  ...
# (node:1581) [MODULE_TYPELESS_PACKAGE_JSON] Warning: Module type of file://[worktree]/mobile/app/book/shop.test.ts is not specified and it doesn't parse as CommonJS.
# Reparsing as ES module because module syntax was detected. This incurs a performance overhead.
# To eliminate this warning, add "type": "module" to [worktree]/mobile/app/package.json.
# (Use `node --trace-warnings ...` to show where the warning was created)
# Subtest: Peg detail binds exact available item, merchant and quote
ok 443 - Peg detail binds exact available item, merchant and quote
  ---
  duration_ms: 182.827834
  type: 'test'
  ...
# (node:1582) [MODULE_TYPELESS_PACKAGE_JSON] Warning: Module type of file://[worktree]/mobile/app/book/touch.test.ts is not specified and it doesn't parse as CommonJS.
# Reparsing as ES module because module syntax was detected. This incurs a performance overhead.
# To eliminate this warning, add "type": "module" to [worktree]/mobile/app/package.json.
# (Use `node --trace-warnings ...` to show where the warning was created)
# Subtest: talk by day offers one button per choice and Close; carry narrates
ok 444 - talk by day offers one button per choice and Close; carry narrates
  ---
  duration_ms: 180.237209
  type: 'test'
  ...
# Subtest: a second press from the same screen is a stale view and changes nothing
ok 445 - a second press from the same screen is a stale view and changes nothing
  ---
  duration_ms: 19.085709
  type: 'test'
  ...
# Subtest: a reopen shows the last committed narration first; a fresh game none
ok 446 - a reopen shows the last committed narration first; a fresh game none
  ---
  duration_ms: 69.7555
  type: 'test'
  ...
# Subtest: walked away: the choices say why, Close leaves the quest open, the landing resolves it
ok 447 - walked away: the choices say why, Close leaves the quest open, the landing resolves it
  ---
  duration_ms: 58.23325
  type: 'test'
  ...
# Subtest: the log has story words, never a kernel code, across both endings
ok 448 - the log has story words, never a kernel code, across both endings
  ---
  duration_ms: 93.867208
  type: 'test'
  ...
# Subtest: an NPC who leaves while you stay is logged, and nothing else
ok 449 - an NPC who leaves while you stay is logged, and nothing else
  ---
  duration_ms: 45.508583
  type: 'test'
  ...
# Subtest: closed answers and a stale answer give their reason in words, not their code
ok 450 - closed answers and a stale answer give their reason in words, not their code
  ---
  duration_ms: 57.840917
  type: 'test'
  ...
# Subtest: the Lantern gate unlocks and opens through its projected exit buttons
ok 451 - the Lantern gate unlocks and opens through its projected exit buttons
  ---
  duration_ms: 59.967125
  type: 'test'
  ...
# (node:1585) [MODULE_TYPELESS_PACKAGE_JSON] Warning: Module type of file://[worktree]/mobile/app/book/training.test.ts is not specified and it doesn't parse as CommonJS.
# Reparsing as ES module because module syntax was detected. This incurs a performance overhead.
# To eliminate this warning, add "type": "module" to [worktree]/mobile/app/package.json.
# (Use `node --trace-warnings ...` to show where the warning was created)
# Subtest: Character draws projected attributes and acquired qualification with authored labels
ok 452 - Character draws projected attributes and acquired qualification with authored labels
  ---
  duration_ms: 1.553375
  type: 'test'
  ...
# Subtest: item equipment detail copies current typed slot/profile/requirement and block chance
ok 453 - item equipment detail copies current typed slot/profile/requirement and block chance
  ---
  duration_ms: 0.316666
  type: 'test'
  ...
# Subtest: Book interaction teaches swords then dodge in Tobin detail and recovers each committed result once
ok 454 - Book interaction teaches swords then dodge in Tobin detail and recovers each committed result once
  ---
  duration_ms: 311.013959
  type: 'test'
  ...
# Subtest: shared item detail draws confirmed fuel for lit and exhausted items
ok 455 - shared item detail draws confirmed fuel for lit and exhausted items
  ---
  duration_ms: 0.182083
  type: 'test'
  ...
# (node:1586) [MODULE_TYPELESS_PACKAGE_JSON] Warning: Module type of file://[worktree]/mobile/app/chapter.test.ts is not specified and it doesn't parse as CommonJS.
# Reparsing as ES module because module syntax was detected. This incurs a performance overhead.
# To eliminate this warning, add "type": "module" to [worktree]/mobile/app/package.json.
# (Use `node --trace-warnings ...` to show where the warning was created)
# Subtest: the app opens and replaces only its chapter save, preserving existing Lantern and sampler saves
ok 456 - the app opens and replaces only its chapter save, preserving existing Lantern and sampler saves
  ---
  duration_ms: 318.429417
  type: 'test'
  ...
# Subtest: the 0.0.9 chapter save is refused intact until explicit Start over
ok 457 - the 0.0.9 chapter save is refused intact until explicit Start over
  ---
  duration_ms: 59.935375
  type: 'test'
  ...
# Subtest: actual App pause and resume preserve 9ms plus 11ms as exactly one logical unit
ok 458 - actual App pause and resume preserve 9ms plus 11ms as exactly one logical unit
  ---
  duration_ms: 63.5675
  type: 'test'
  ...
# Subtest: actual App stops unknown storage wakeups and resumes after confirmed user recovery
ok 459 - actual App stops unknown storage wakeups and resumes after confirmed user recovery
  ---
  duration_ms: 63.227792
  type: 'test'
  ...
# Subtest: old App wakeups cannot mutate the same remounted Game or a replacement save
ok 460 - old App wakeups cannot mutate the same remounted Game or a replacement save
  ---
  duration_ms: 66.787375
  type: 'test'
  ...
# (node:1587) [MODULE_TYPELESS_PACKAGE_JSON] Warning: Module type of file://[worktree]/mobile/app/metro.test.ts is not specified and it doesn't parse as CommonJS.
# Reparsing as ES module because module syntax was detected. This incurs a performance overhead.
# To eliminate this warning, add "type": "module" to [worktree]/mobile/app/package.json.
# (Use `node --trace-warnings ...` to show where the warning was created)
# Subtest: git failing drops an inherited stamp
ok 461 - git failing drops an inherited stamp
  ---
  duration_ms: 596.981083
  type: 'test'
  ...
# (node:1589) [MODULE_TYPELESS_PACKAGE_JSON] Warning: Module type of file://[worktree]/mobile/app/sqlite-web.test.ts is not specified and it doesn't parse as CommonJS.
# Reparsing as ES module because module syntax was detected. This incurs a performance overhead.
# To eliminate this warning, add "type": "module" to [worktree]/mobile/app/package.json.
# (Use `node --trace-warnings ...` to show where the warning was created)
# Subtest: Web reads preserve bound ordered rows beyond the bulk response capacity
ok 462 - Web reads preserve bound ordered rows beyond the bulk response capacity
  ---
  duration_ms: 5.497875
  type: 'test'
  ...
1..462
# tests 528
# suites 0
# pass 527
# fail 0
# cancelled 0
# skipped 1
# todo 0
# duration_ms 50600.356

EXIT 0
