✔ three conserved apples share Take/Drop/Forage stock and exact Eat benefit (115.912334ms)
✔ Eat alias binds advertised item and refuses full, foreign, nested, spent and nonfood targets (155.387917ms)
✖ independent fresh IDs include consumed custody before published population births (1070.097375ms)
ℹ tests 3
ℹ suites 0
ℹ pass 2
ℹ fail 1
ℹ cancelled 0
ℹ skipped 0
ℹ todo 0
ℹ duration_ms 1620.577542

✖ failing tests:

test at kernel/ts/test/food.test.ts:207:1
✖ independent fresh IDs include consumed custody before published population births (1070.097375ms)
  AssertionError [ERR_ASSERTION]: Expected values to be strictly equal:
  + actual - expected
  
  + {
  +   attributes: {
  +     '{"cartridge_id":"ashmere_missing_child","cartridge_version":"0.0.31","key":"dex","kind":"attribute"}': 10,
  +     '{"cartridge_id":"ashmere_missing_child","cartridge_version":"0.0.31","key":"per","kind":"attribute"}': 5,
  +     '{"cartridge_id":"ashmere_missing_child","cartridge_version":"0.0.31","key":"str","kind":"attribute"}': 10
  +   },
  +   barrierInitial: {
  +     '{"cartridge_id":"ashmere_missing_child","cartridge_version":"0.0.31","key":"storage_chest_lid","kind":"barrier"}': 'locked',
  +     '{"cartridge_id":"ashmere_missing_child","cartridge_version":"0.0.31","key":"trunk_lid","kind":"barrier"}': 'locked'
  +   },
  +   body: '3d4829ad-9e43-81ef-bc10-66b1b267e157',
  +   capacities: {
  +     '00a60498-0ca6-8137-8172-7101d3767e0c': 0,
  +     '0556eeda-6c38-8679-bc0b-5a9848eba57a': 0,
  +     '10798f17-56fe-899f-b1f1-2165bc7aa94a': 0,
  +     '135ad56f-dfaa-8e43-985d-9dd1e051753b': 0,
  +     '13951eb1-f988-89b1-9bf2-a9fb73caa1bc': 1,
  +     '15076a66-097b-8dbc-85ec-bd166d6ecab9': 0,
  +     '21f61dc2-0501-8853-a8ff-88ed5dbd71b7': 0,
  +     '2d75f5bd-a92e-8c56-97b0-652cdbf9ca62': 0,
  +     '30c00822-6fb5-833d-a05e-7787134bea59': 0,
  +     '37ef3668-8242-851e-94bc-66e562abebd7': 0,
  +     '385d5416-3de6-82e4-aae0-775164b045c2': 0,
  +     '3924002c-1621-899b-a2b3-c34d2c4cdcf1': 0,
  +     '48a8dc05-4012-86d8-9d24-e68f2d7317ac': 0,
  +     '56362445-0a33-8900-9bd2-1cfa0e0e1cfb': 0,
  +     '58935a9a-fada-894c-978c-607047afbc25': 0,
  +     '619363b4-697f-8e0d-ae4a-5208a285a460': 1,
  +     '63441f36-3a9b-8b10-9acd-43f4b5e634c7': 1,
  +     '65d77be3-068c-8eff-a84e-8b17a5777bcc': 0,
  +     '676a7640-aee6-8d70-a326-ed19a6d9a130': 4,
  +     '695264ac-d0fd-8ff9-a2ce-a5bc68ecd3e8': 0,
  +     '6b2b9c4f-6781-82f4-a079-908def5908f6': 1,
  +     '6c939a35-4efc-8a5c-8bc7-00f4c42bdfc2': 0,
  +     '73239b47-e139-8175-9373-e192e96ad419': 0,
  +     '73868cdd-0749-8a27-877e-1059c7fcbd74': 0,
  +     '7561d6c2-0c34-8719-9bc2-6851f7b04682': 0,
  +     '7aa6c88d-bb91-86bf-add6-146962885046': 0,
  +     '84fd3cbf-5a89-8680-bea7-cf44e790ff8c': 12,
  +     '887efed7-40bb-8854-8ece-640e45e3e5d4': 0,
  +     '91de55c4-b469-873b-abb9-334cce88d6a9': 0,
  +     '96959e17-0504-835b-8968-b091fda108b6': 0,
  +     'a41582c6-b5eb-846f-b138-ea39dc49e797': 0,
  +     'a843bbb3-846a-8dce-ade2-36356c37c183': 0,
  +     'b0abb6c3-7896-807a-a308-5f6ee0ddd150': 0,
  +     'b303069b-00e7-8e90-9241-9392c7c6bd7d': 0,
  +     'b45f7385-6cf5-800d-b604-1dc7bab19891': 0,
  +     'b887681c-2d13-8cab-a2e3-6b4388ee0dd9': 0,
  +     'b98193c5-44c9-8ea4-9b9d-600c2aa84ebb': 0,
  +     'bea306fb-2b58-847c-a4e0-045f9d13b739': 0,
  +     'c735ddfb-fc9d-866a-b5e0-1feb5a516bf6': 0,
  +     'ca9abb6b-add9-8496-9f83-3c6069959fb6': 0,
  +     'cf0d9c5d-717d-8796-b5f0-095efed5e284': 0,
  +     'd72e86a8-d96d-81da-b47f-ee8097d9290d': 0,
  +     'd74bfe67-ee0c-839e-b5e1-ef2095ae3109': 0,
  +     'dce25ff1-322e-80ae-8f48-e0c4062c2783': 0,
  +     'deefcfd1-0955-825a-bd67-e8f03665a8f3': 0,
  +     'e1f06e4a-2ae6-8f75-bb0b-b0a2e8370be0': 0,
  +     'e26d5050-0ec1-8ec4-a164-209a07f75784': 0,
  +     'e3d910f1-e91f-81c4-b647-6b5590597af2': 0,
  +     'ee88876f-e173-89bf-b354-fa9b2ddb3f0b': 0,
  +     'f0e76c82-d099-811e-a6ba-caef3f2615e9': 0,
  +     'f3de2a43-417f-8e67-86d1-a375231e01ed': 0,
  +     'f6fc60a2-0eb4-8a50-8ed8-38cd3dbd0f1a': 0,
  +     'f9f5ff00-b852-83ff-97b4-b54072c401bd': 0,
  +     'fe8a933a-59bb-8e0c-b129-e40cd6678f85': 0
  +   },
  +   cartridge: [Object: null prototype] {
  +     actions: [Object: null prototype] {
  +       'ashmere_missing_child@0.0.31:action/board_ferry': [Object: null prototype] {
  +         accessibility: 'transport.board',
  +         command: 'use_transport',
  +         input: [
  +           'route',
  +           'quoted_fare'
  +         ],
  +         key: 'board_ferry',
  +         label: 'transport.board',
  +         policy: [Object: null prototype] {
  +           policy_version: 1,
  +           root: [Object: null prototype] {
  +             items: [],
  +             op: 'all'
  +           }
  +         },
  +         priority: 0,
  +         target: [Object: null prototype] {
  +           kind: 'entity',
  +           scopes: [
  +             'inspectable_details'
  +           ]
  +         }
  +       },
  +       'ashmere_missing_child@0.0.31:action/dream_choose': [Object: null prototype] {
  +         accessibility: 'dream.choose',
  +         command: 'choose',
  +         input: [
  +           'continuation_id',
  +           'choice_id',
  +           'dream'
  +         ],
  +         key: 'dream_choose',
  +         label: 'dream.choose',
  +         policy: [Object: null prototype] {
  +           policy_version: 1,
  +           root: [Object: null prototype] {
  +             items: [],
  +             op: 'all'
  +           }
  +         },
  +         priority: 0,
  +         target: [Object: null prototype] {
  +           kind: 'none'
  +         }
  +       },
  +       'ashmere_missing_child@0.0.31:action/dream_next': [Object: null prototype] {
  +         accessibility: 'action.continue',
  +         command: 'continue',
  +         input: [
  +           'scene',
  +           'line'
  +         ],
  +         key: 'dream_next',
  +         label: 'action.continue',
  +         policy: [Object: null prototype] {
  +           policy_version: 1,
  +           root: [Object: null prototype] {
  +             items: [],
  +             op: 'all'
  +           }
  +         },
  +         priority: 0,
  +         target: [Object: null prototype] {
  +           kind: 'none'
  +         }
  +       },
  +       'ashmere_missing_child@0.0.31:action/drink_lantern_ale': [Object: null prototype] {
  +         accessibility: 'service.ale',
  +         command: 'use_service',
  +         input: [
  +           'service',
  +           'quoted_price'
  +         ],
  +         key: 'drink_lantern_ale',
  +         label: 'service.ale',
  +         policy: [Object: null prototype] {
  +           policy_version: 1,
  +           root: [Object: null prototype] {
  +             items: [],
  +             op: 'all'
  +           }
  +         },
  +         priority: 0,
  +         target: [Object: null prototype] {
  +           kind: 'entity',
  +           scopes: [
  +             'room_occupants'
  +           ]
  +         }
  +       },
  +       'ashmere_missing_child@0.0.31:action/eat_lantern_meal': [Object: null prototype] {
  +         accessibility: 'service.meal',
  +         command: 'use_service',
  +         input: [
  +           'service',
  +           'quoted_price'
  +         ],
  +         key: 'eat_lantern_meal',
  +         label: 'service.meal',
  +         policy: [Object: null prototype] {
  +           policy_version: 1,
  +           root: [Object: null prototype] {
  +             items: [],
  +             op: 'all'
  +           }
  +         },
  +         priority: 0,
  +         target: [Object: null prototype] {
  +           kind: 'entity',
  +           scopes: [
  +             'room_occupants'
  +           ]
  +         }
  +       },
  +       'ashmere_missing_child@0.0.31:action/rent_lantern_room': [Object: null prototype] {
  +         accessibility: 'service.room',
  +         command: 'use_service',
  +         input: [
  +           'service',
  +           'quoted_price'
  +         ],
  +         key: 'rent_lantern_room',
  +         label: 'service.room',
  +         policy: [Object: null prototype] {
  +           policy_version: 1,
  +           root: [Object: null prototype] {
  +             items: [],
  +             op: 'all'
  +           }
  +         },
  +         priority: 0,
  +         target: [Object: null prototype] {
  +           kind: 'entity',
  +           scopes: [
  +             'room_occupants'
  +           ]
  +         }
  +       },
  +       'ashmere_missing_child@0.0.31:action/return_ferry': [Object: null prototype] {
  +         accessibility: 'transport.return',
  +         command: 'use_transport',
  +         input: [
  +           'route',
  +           'quoted_fare'
  +         ],
  +         key: 'return_ferry',
  +         label: 'transport.return',
  +         policy: [Object: null prototype] {
  +           policy_version: 1,
  +           root: [Object: null prototype] {
  +             items: [],
  +             op: 'all'
  +           }
  +         },
  +         priority: 0,
  +         target: [Object: null prototype] {
  +           kind: 'entity',
  +           scopes: [
  +             'inspectable_details'
  +           ]
  +         }
  +       }
  +     },
  +     attributes: [Object: null prototype] {
  +       'ashmere_missing_child@0.0.31:attribute/dex': [Object: null prototype] {
  +         key: 'dex',
  +         start: 10
  +       },
  +       'ashmere_missing_child@0.0.31:attribute/per': [Object: null prototype] {
  +         key: 'per',
  +         start: 5
  +       },
  +       'ashmere_missing_child@0.0.31:attribute/str': [Object: null prototype] {
  +         key: 'str',
  +         start: 10
  +       }
  +     },
  +     barriers: [Object: null prototype] {
  +       'ashmere_missing_child@0.0.31:barrier/storage_chest_lid': [Object: null prototype] {
  +         initial: 'locked',
  +         key: 'storage_chest_lid',
  +         key_item: [Object: null prototype] {
  +           cartridge_id: 'ashmere_missing_child',
  +           cartridge_version: '0.0.31',
  +           key: 'cellar_key',
  +           kind: 'item'
  +         },
  +         keywords: [
  +           'lid',
  +           'storage_chest_lid'
  +         ],
  +         short: 'barrier.storage_chest_lid.short'
  +       },
  +       'ashmere_missing_child@0.0.31:barrier/trunk_lid': [Object: null prototype] {
  +         initial: 'locked',
  +         key: 'trunk_lid',
  +         key_item: [Object: null prototype] {
  +           cartridge_id: 'ashmere_missing_child',
  +           cartridge_version: '0.0.31',
  +           key: 'brass_key',
  +           kind: 'item'
  +         },
  +         keywords: [
  +           'lid',
  +           'trunk_lid'
  +         ],
  +         short: 'barrier.trunk_lid.short'
  +       }
  +     },
  +     calendar: [Object: null prototype] {
  +       hours_per_day: 24,
  +       lunar: [Object: null prototype] {
  +         origin: 0,
  +         period: 2419200,
  +         phases: [
  +           [Object: null prototype] {
  +             at: 0,
  +             phase: 'new'
  +           },
  +           [Object: null prototype] {
  +             at: 302400,
  +             phase: 'waxing_crescent'
  +           },
  +           [Object: null prototype] {
  +             at: 604800,
  +             phase: 'first_quarter'
  +           },
  +           [Object: null prototype] {
  +             at: 907200,
  +             phase: 'waxing_gibbous'
  +           },
  +           [Object: null prototype] {
  +             at: 1209600,
  +             phase: 'full'
  +           },
  +           [Object: null prototype] {
  +             at: 1512000,
  +             phase: 'waning_gibbous'
  +           },
  +           [Object: null prototype] {
  +             at: 1814400,
  +             phase: 'last_quarter'
  +           },
  +           [Object: null prototype] {
  +             at: 2116800,
  +             phase: 'waning_crescent'
  +           }
  +         ]
  +       },
  +       solar: [
  +         [Object: null prototype] {
  +           at: 18000,
  +           phase: 'dawn'
  +         },
  +         [Object: null prototype] {
  +           at: 25200,
  +           phase: 'day'
  +         },
  +         [Object: null prototype] {
  +           at: 64800,
  +           phase: 'dusk'
  +         },
  +         [Object: null prototype] {
  +           at: 72000,
  +           phase: 'night'
  +         }
  +       ],
  +       start: 64800,
  +       subdivisions_per_hour: 60,
  +       units_per_hour: 3600
  +     },
  +     chapters: [
  +       [Object: null prototype] {
  +         title: 'chapter.missing_child'
  +       },
  +       [Object: null prototype] {
  +         story_point: [Object: null prototype] {
  +           cartridge_id: 'ashmere_missing_child',
  +           cartridge_version: '0.0.31',
  +           key: 'prologue_completed',
  +           kind: 'story_point'
  +         },
  +         title: 'chapter.prologue_complete'
  +       }
  +     ],
  +     dialogues: [Object: null prototype] {
  +       'ashmere_missing_child@0.0.31:dialogue/a_aldric_debt': [Object: null prototype] {
  +         choices: [Object: null prototype] {
  +           late: [Object: null prototype] {
  +             availability: [Object: null prototype] {
  +               from: 151201,
  +               through: 237600
  +             },
  +             hand_over: [Object: null prototype] {
  +               item: 'ledger',
  +               to: 'aldric'
  +             },
  +             label: 'dialogue.aldric_debt.late',
  +             narration: 'narration.aldric_debt.late',
  +             sequence: [
  +               [Object: null prototype] {
  +                 fact: [Object: null prototype] {
  +                   cartridge_id: 'ashmere_missing_child',
  +                   cartridge_version: '0.0.31',
  +                   key: 'priory_tithe_delivered',
  +                   kind: 'fact'
  +                 },
  +                 op: 'fact.assign',
  +                 value: 'late'
  +               },
  +               [Object: null prototype] {
  +                 amount: -1,
  +                 fact: [Object: null prototype] {
  +                   cartridge_id: 'ashmere_missing_child',
  +                   cartridge_version: '0.0.31',
  +                   key: 'priory_fen_axis',
  +                   kind: 'fact'
  +                 },
  +                 op: 'fact.adjust'
  +               }
  +             ]
  +           },
  +           on_time: [Object: null prototype] {
  +             availability: [Object: null prototype] {
  +               through: 151200
  +             },
  +             hand_over: [Object: null prototype] {
  +               item: 'ledger',
  +               to: 'aldric'
  +             },
  +             label: 'dialogue.aldric_debt.on_time',
  +             narration: 'narration.aldric_debt.on_time',
  +             payment: [Object: null prototype] {
  +               amount: 10,
  +               from: 'aldric',
  +               resource: [Object: null prototype] {
  +                 cartridge_id: 'ashmere_missing_child',
  +                 cartridge_version: '0.0.31',
  +                 key: 'pennies',
  +                 kind: 'resource'
  +               }
  +             },
  +             sequence: [
  +               [Object: null prototype] {
  +                 fact: [Object: null prototype] {
  +                   cartridge_id: 'ashmere_missing_child',
  +                   cartridge_version: '0.0.31',
  +                   key: 'priory_tithe_delivered',
  +                   kind: 'fact'
  +                 },
  +                 op: 'fact.assign',
  +                 value: 'on_time'
  +               },
  +               [Object: null prototype] {
  +                 amount: 2,
  +                 fact: [Object: null prototype] {
  +                   cartridge_id: 'ashmere_missing_child',
  +                   cartridge_version: '0.0.31',
  +                   key: 'priory_fen_axis',
  +                   kind: 'fact'
  +                 },
  +                 op: 'fact.adjust'
  +               }
  +             ]
  +           }
  +         },
  +         key: 'a_aldric_debt',
  +         npc: [Object: null prototype] {
  +           cartridge_id: 'ashmere_missing_child',
  +           cartridge_version: '0.0.31',
  +           key: 'aldric',
  +           kind: 'npc'
  +         },
  +         policy: [Object: null prototype] {
  +           policy_version: 1,
  +           root: [Object: null prototype] {
  +             items: [
  +               [Object: null prototype] {
  +                 op: 'quest_state',
  +                 quest: [Object: null prototype] {
  +                   cartridge_id: 'ashmere_missing_child',
  +                   cartridge_version: '0.0.31',
  +                   key: 'chandlers_debt',
  +                   kind: 'quest'
  +                 },
  +                 state: 'active'
  +               },
  +               [Object: null prototype] {
  +                 op: 'quest_state',
  +                 quest: [Object: null prototype] {
  +                   cartridge_id: 'ashmere_missing_child',
  +                   cartridge_version: '0.0.31',
  +                   key: 'chandlers_debt',
  +                   kind: 'quest'
  +                 },
  +                 state: 'objectives_complete'
  +               }
  +             ],
  +             op: 'any'
  +           }
  +         },
  +         prompt: 'dialogue.aldric_debt.prompt',
  +         quest: [Object: null prototype] {
  +           cartridge_id: 'ashmere_missing_child',
  +           cartridge_version: '0.0.31',
  +           key: 'chandlers_debt',
  +           kind: 'quest'
  +         },
  +         roles: [Object: null prototype] {
  +           aldric: [Object: null prototype] {
  +             npc: [Object: null prototype] {
  +               cartridge_id: 'ashmere_missing_child',
  +               cartridge_version: '0.0.31',
  +               key: 'aldric',
  +               kind: 'npc'
  +             },
  +             role: 'npc'
  +           },
  +           ledger: [Object: null prototype] {
  +             item: [Object: null prototype] {
  +               cartridge_id: 'ashmere_missing_child',
  +               cartridge_version: '0.0.31',
  +               key: 'tithe_ledger',
  +               kind: 'item'
  +             },
  +             role: 'item'
  +           }
  +         }
  +       },
  +       'ashmere_missing_child@0.0.31:dialogue/a_aldric_offer': [Object: null prototype] {
  +         choices: [Object: null prototype] {
  +           accept: [Object: null prototype] {
  +             accept: [Object: null prototype] {
  +               cartridge_id: 'ashmere_missing_child',
  +               cartridge_version: '0.0.31',
  +               key: 'bell_of_ashmere',
  +               kind: 'quest'
  +             },
  +             label: 'dialogue.aldric.offer.accept',
  +             narration: 'narration.aldric.accept'
  +           }
  +         },
  +         key: 'a_aldric_offer',
  +         npc: [Object: null prototype] {
  +           cartridge_id: 'ashmere_missing_child',
  +           cartridge_version: '0.0.31',
  +           key: 'aldric',
  +           kind: 'npc'
  +         },
  +         policy: [Object: null prototype] {
  +           policy_version: 1,
  +           root: [Object: null prototype] {
  +             items: [
  +               [Object: null prototype] {
  +                 items: [
  +                   [Object: null prototype] {
  +                     items: [
  +                       [Object: null prototype] {
  +                         op: 'quest_state',
  +                         quest: [Object: null prototype] {
  +                           cartridge_id: 'ashmere_missing_child',
  +                           cartridge_version: '0.0.31',
  +                           key: 'missing_child',
  +                           kind: 'quest'
  +                         },
  +                         state: 'active'
  +                       },
  +                       [Object: null prototype] {
  +                         equals: true,
  +                         fact: [Object: null prototype] {
  +                           cartridge_id: 'ashmere_missing_child',
  +                           cartridge_version: '0.0.31',
  +                           key: 'fen_tracks_found',
  +                           kind: 'fact'
  +                         },
  +                         op: 'fact_compare'
  +                       }
  +                     ],
  +                     op: 'all'
  +                   },
  +                   [Object: null prototype] {
  +                     items: [
  +                       [Object: null prototype] {
  +                         op: 'quest_state',
  +                         quest: [Object: null prototype] {
  +                           cartridge_id: 'ashmere_missing_child',
  +                           cartridge_version: '0.0.31',
  +                           key: 'missing_child',
  +                           kind: 'quest'
  +                         },
  +                         state: 'resolved'
  +                       },
  +                       [Object: null prototype] {
  +                         items: [
  +                           [Object: null prototype] {
  +                             equals: 'rescued',
  +                             fact: [Object: null prototype] {
  +                               cartridge_id: 'ashmere_missing_child',
  +                               cartridge_version: '0.0.31',
  +                               key: 'village_child_status',
  +                               kind: 'fact'
  +                             },
  +                             op: 'fact_compare'
  +                           },
  +                           [Object: null prototype] {
  +                             equals: 'stays',
  +                             fact: [Object: null prototype] {
  +                               cartridge_id: 'ashmere_missing_child',
  +                               cartridge_version: '0.0.31',
  +                               key: 'village_child_status',
  +                               kind: 'fact'
  +                             },
  +                             op: 'fact_compare'
  +                           }
  +                         ],
  +                         op: 'any'
  +                       }
  +                     ],
  +                     op: 'all'
  +                   }
  +                 ],
  +                 op: 'any'
  +               },
  +               [Object: null prototype] {
  +                 item: [Object: null prototype] {
  +                   items: [
  +                     [Object: null prototype] {
  +                       op: 'quest_state',
  +                       quest: [Object: null prototype] {
  +                         cartridge_id: 'ashmere_missing_child',
  +                         cartridge_version: '0.0.31',
  +                         key: 'bell_of_ashmere',
  +                         kind: 'quest'
  +                       },
  +                       state: 'active'
  +                     },
  +                     [Object: null prototype] {
  +                       op: 'quest_state',
  +                       quest: [Object: null prototype] {
  +                         cartridge_id: 'ashmere_missing_child',
  +                         cartridge_version: '0.0.31',
  +                         key: 'bell_of_ashmere',
  +                         kind: 'quest'
  +                       },
  +                       state: 'objectives_complete'
  +                     },
  +                     [Object: null prototype] {
  +                       op: 'quest_state',
  +                       quest: [Object: null prototype] {
  +                         cartridge_id: 'ashmere_missing_child',
  +                         cartridge_version: '0.0.31',
  +                         key: 'bell_of_ashmere',
  +                         kind: 'quest'
  +                       },
  +                       state: 'resolved'
  +                     },
  +                     [Object: null prototype] {
  +                       op: 'quest_state',
  +                       quest: [Object: null prototype] {
  +                         cartridge_id: 'ashmere_missing_child',
  +                         cartridge_version: '0.0.31',
  +                         key: 'bell_of_ashmere',
  +                         kind: 'quest'
  +                       },
  +                       state: 'failed'
  +                     }
  +                   ],
  +                   op: 'any'
  +                 },
  +                 op: 'not'
  +               }
  +             ],
  +             op: 'all'
  +           }
  +         },
  +         prompt: 'dialogue.aldric.offer.prompt',
  +         roles: [Object: null prototype] {
  +           aldric: [Object: null prototype] {
  +             npc: [Object: null prototype] {
  +               cartridge_id: 'ashmere_missing_child',
  +               cartridge_version: '0.0.31',
  +               key: 'aldric',
  +               kind: 'npc'
  +             },
  +             role: 'npc'
  +           }
  +         }
  +       },
  +       'ashmere_missing_child@0.0.31:dialogue/a_elspeth_lost': [Object: null prototype] {
  +         choices: [Object: null prototype] {
  +           acknowledge: [Object: null prototype] {
  +             label: 'dialogue.elspeth_lost.acknowledge',
  +             narration: 'narration.elspeth_lost'
  +           },
  +           directions: [Object: null prototype] {
  +             label: 'dialogue.elspeth.directions',
  +             narration: 'narration.elspeth.directions'
  +           }
  +         },
  +         key: 'a_elspeth_lost',
  +         npc: [Object: null prototype] {
  +           cartridge_id: 'ashmere_missing_child',
  +           cartridge_version: '0.0.31',
  +           key: 'elspeth',
  +           kind: 'npc'
  +         },
  +         policy: [Object: null prototype] {
  +           policy_version: 1,
  +           root: [Object: null prototype] {
  +             equals: 'lost',
  +             fact: [Object: null prototype] {
  +               cartridge_id: 'ashmere_missing_child',
  +               cartridge_version: '0.0.31',
  +               key: 'village_child_status',
  +               kind: 'fact'
  +             },
  +             op: 'fact_compare'
  +           }
  +         },
  +         prompt: 'dialogue.elspeth_lost.prompt',
  +         roles: [Object: null prototype] {
  +           elspeth: [Object: null prototype] {
  +             npc: [Object: null prototype] {
  +               cartridge_id: 'ashmere_missing_child',
  +               cartridge_version: '0.0.31',
  +               key: 'elspeth',
  +               kind: 'npc'
  +             },
  +             role: 'npc'
  +           }
  +         }
  +       },
  +       'ashmere_missing_child@0.0.31:dialogue/a_elspeth_report': [Object: null prototype] {
  +         choices: [Object: null prototype] {
  +           report: [Object: null prototype] {
  +             label: 'dialogue.elspeth_report.report',
  +             narration: 'narration.elspeth.report'
  +           }
  +         },
  +         key: 'a_elspeth_report',
  +         npc: [Object: null prototype] {
  +           cartridge_id: 'ashmere_missing_child',
  +           cartridge_version: '0.0.31',
  +           key: 'elspeth',
  +           kind: 'npc'
  +         },
  +         policy: [Object: null prototype] {
  +           policy_version: 1,
  +           root: [Object: null prototype] {
  +             items: [
  +               [Object: null prototype] {
  +                 op: 'quest_state',
  +                 quest: [Object: null prototype] {
  +                   cartridge_id: 'ashmere_missing_child',
  +                   cartridge_version: '0.0.31',
  +                   key: 'first_lead',
  +                   kind: 'quest'
  +                 },
  +                 state: 'active'
  +               },
  +               [Object: null prototype] {
  +                 item: [Object: null prototype] {
  +                   cartridge_id: 'ashmere_missing_child',
  +                   cartridge_version: '0.0.31',
  +                   key: 'fox_drawing',
  +                   kind: 'item'
  +                 },
  +                 op: 'has_item'
  +               }
  +             ],
  +             op: 'all'
  +           }
  +         },
  +         prompt: 'dialogue.elspeth_report.prompt',
  +         quest: [Object: null prototype] {
  +           cartridge_id: 'ashmere_missing_child',
  +           cartridge_version: '0.0.31',
  +           key: 'first_lead',
  +           kind: 'quest'
  +         },
  +         roles: [Object: null prototype] {
  +           elspeth: [Object: null prototype] {
  +             npc: [Object: null prototype] {
  +               cartridge_id: 'ashmere_missing_child',
  +               cartridge_version: '0.0.31',
  +               key: 'elspeth',
  +               kind: 'npc'
  +             },
  +             role: 'npc'
  +           }
  +         }
  +       },
  +       'ashmere_missing_child@0.0.31:dialogue/a_elspeth_rescue': [Object: null prototype] {
  +         choices: [Object: null prototype] {
  +           rescued: [Object: null prototype] {
  +             escort: [Object: null prototype] {
  +               npc: 'wren',
  +               quest: [Object: null prototype] {
  +                 cartridge_id: 'ashmere_missing_child',
  +                 cartridge_version: '0.0.31',
  +                 key: 'missing_child',
  +                 kind: 'quest'
  +               },
  +               transition: 'complete'
  +             },
  +             label: 'dialogue.elspeth_rescue.rescued',
  +             narration: 'narration.elspeth_rescue',
  +             sequence: [
  +               [Object: null prototype] {
  +                 fact: [Object: null prototype] {
  +                   cartridge_id: 'ashmere_missing_child',
  +                   cartridge_version: '0.0.31',
  +                   key: 'village_child_status',
  +                   kind: 'fact'
  +                 },
  +                 op: 'fact.assign',
  +                 value: 'rescued'
  +               }
  +             ]
  +           }
  +         },
  +         key: 'a_elspeth_rescue',
  +         npc: [Object: null prototype] {
  +           cartridge_id: 'ashmere_missing_child',
  +           cartridge_version: '0.0.31',
  +           key: 'elspeth',
  +           kind: 'npc'
  +         },
  +         policy: [Object: null prototype] {
  +           policy_version: 1,
  +           root: [Object: null prototype] {
  +             items: [
  +               [Object: null prototype] {
  +                 op: 'quest_state',
  +                 quest: [Object: null prototype] {
  +                   cartridge_id: 'ashmere_missing_child',
  +                   cartridge_version: '0.0.31',
  +                   key: 'missing_child',
  +                   kind: 'quest'
  +                 },
  +                 state: 'active'
  +               },
  +               [Object: null prototype] {
  +                 equals: true,
  +                 fact: [Object: null prototype] {
  +                   cartridge_id: 'ashmere_missing_child',
  +                   cartridge_version: '0.0.31',
  +                   key: 'fen_vesper_riddle_answered',
  +                   kind: 'fact'
  +                 },
  +                 op: 'fact_compare'
  +               },
  +               [Object: null prototype] {
  +                 equals: 'rescue',
  +                 fact: [Object: null prototype] {
  +                   cartridge_id: 'ashmere_missing_child',
  +                   cartridge_version: '0.0.31',
  +                   key: 'fen_return_branch',
  +                   kind: 'fact'
  +                 },
  +                 op: 'fact_compare'
  +               },
  +               [Object: null prototype] {
  +                 equals: 'missing',
  +                 fact: [Object: null prototype] {
  +                   cartridge_id: 'ashmere_missing_child',
  +                   cartridge_version: '0.0.31',
  +                   key: 'village_child_status',
  +                   kind: 'fact'
  +                 },
  +                 op: 'fact_compare'
  +               },
  +               [Object: null prototype] {
  +                 op: 'escort_state',
  +                 quest: [Object: null prototype] {
  +                   cartridge_id: 'ashmere_missing_child',
  +                   cartridge_version: '0.0.31',
  +                   key: 'missing_child',
  +                   kind: 'quest'
  +                 },
  +                 state: 'following'
  +               }
  +             ],
  +             op: 'all'
  +           }
  +         },
  +         prompt: 'dialogue.elspeth_rescue.prompt',
  +         quest: [Object: null prototype] {
  +           cartridge_id: 'ashmere_missing_child',
  +           cartridge_version: '0.0.31',
  +           key: 'missing_child',
  +           kind: 'quest'
  +         },
  +         roles: [Object: null prototype] {
  +           elspeth: [Object: null prototype] {
  +             npc: [Object: null prototype] {
  +               cartridge_id: 'ashmere_missing_child',
  +               cartridge_version: '0.0.31',
  +               key: 'elspeth',
  +               kind: 'npc'
  +             },
  +             role: 'npc'
  +           },
  +           wren: [Object: null prototype] {
  +             npc: [Object: null prototype] {
  +               cartridge_id: 'ashmere_missing_child',
  +               cartridge_version: '0.0.31',
  +               key: 'wren',
  +               kind: 'npc'
  +             },
  +             role: 'npc'
  +           }
  +         }
  +       },
  +       'ashmere_missing_child@0.0.31:dialogue/a_elspeth_return': [Object: null prototype] {
  +         choices: [Object: null prototype] {
  +           stays: [Object: null prototype] {
  +             hand_over: [Object: null prototype] {
  +               item: 'message',
  +               to: 'elspeth'
  +             },
  +             label: 'dialogue.elspeth_return.stays',
  +             narration: 'narration.elspeth_return',
  +             sequence: [
  +               [Object: null prototype] {
  +                 fact: [Object: null prototype] {
  +                   cartridge_id: 'ashmere_missing_child',
  +                   cartridge_version: '0.0.31',
  +                   key: 'village_child_status',
  +                   kind: 'fact'
  +                 },
  +                 op: 'fact.assign',
  +                 value: 'stays'
  +               }
  +             ]
  +           }
  +         },
  +         key: 'a_elspeth_return',
  +         npc: [Object: null prototype] {
  +           cartridge_id: 'ashmere_missing_child',
  +           cartridge_version: '0.0.31',
  +           key: 'elspeth',
  +           kind: 'npc'
  +         },
  +         policy: [Object: null prototype] {
  +           policy_version: 1,
  +           root: [Object: null prototype] {
  +             items: [
  +               [Object: null prototype] {
  +                 op: 'quest_state',
  +                 quest: [Object: null prototype] {
  +                   cartridge_id: 'ashmere_missing_child',
  +                   cartridge_version: '0.0.31',
  +                   key: 'missing_child',
  +                   kind: 'quest'
  +                 },
  +                 state: 'active'
  +               },
  +               [Object: null prototype] {
  +                 equals: true,
  +                 fact: [Object: null prototype] {
  +                   cartridge_id: 'ashmere_missing_child',
  +                   cartridge_version: '0.0.31',
  +                   key: 'fen_vesper_riddle_answered',
  +                   kind: 'fact'
  +                 },
  +                 op: 'fact_compare'
  +               },
  +               [Object: null prototype] {
  +                 equals: 'stays',
  +                 fact: [Object: null prototype] {
  +                   cartridge_id: 'ashmere_missing_child',
  +                   cartridge_version: '0.0.31',
  +                   key: 'fen_return_branch',
  +                   kind: 'fact'
  +                 },
  +                 op: 'fact_compare'
  +               },
  +               [Object: null prototype] {
  +                 equals: 'missing',
  +                 fact: [Object: null prototype] {
  +                   cartridge_id: 'ashmere_missing_child',
  +                   cartridge_version: '0.0.31',
  +                   key: 'village_child_status',
  +                   kind: 'fact'
  +                 },
  +                 op: 'fact_compare'
  +               },
  +               [Object: null prototype] {
  +                 item: [Object: null prototype] {
  +                   cartridge_id: 'ashmere_missing_child',
  +                   cartridge_version: '0.0.31',
  +                   key: 'vesper_message',
  +                   kind: 'item'
  +                 },
  +                 op: 'has_item'
  +               }
  +             ],
  +             op: 'all'
  +           }
  +         },
  +         prompt: 'dialogue.elspeth_return.prompt',
  +         quest: [Object: null prototype] {
  +           cartridge_id: 'ashmere_missing_child',
  +           cartridge_version: '0.0.31',
  +           key: 'missing_child',
  +           kind: 'quest'
  +         },
  +         roles: [Object: null prototype] {
  +           elspeth: [Object: null prototype] {
  +             npc: [Object: null prototype] {
  +               cartridge_id: 'ashmere_missing_child',
  +               cartridge_version: '0.0.31',
  +               key: 'elspeth',
  +               kind: 'npc'
  +             },
  +             role: 'npc'
  +           },
  +           message: [Object: null prototype] {
  +             item: [Object: null prototype] {
  +               cartridge_id: 'ashmere_missing_child',
  +               cartridge_version: '0.0.31',
  +               key: 'vesper_message',
  +               kind: 'item'
  +             },
  +             role: 'item'
  +           }
  +         }
  +       },
  +       'ashmere_missing_child@0.0.31:dialogue/a_peg_debt': [Object: null prototype] {
  +         choices: [Object: null prototype] {
  +           accept_late: [Object: null prototype] {
  +             accept: [Object: null prototype] {
  +               cartridge_id: 'ashmere_missing_child',
  +               cartridge_version: '0.0.31',
  +               key: 'chandlers_debt',
  +               kind: 'quest'
  +             },
  +             availability: [Object: null prototype] {
  +               from: 151201,
  +               through: 237600
  +             },
  +             label: 'dialogue.peg_debt.accept_late',
  +             narration: 'narration.peg_debt.accept_late',
  +             receive: [Object: null prototype] {
  +               from: 'peg',
  +               item: 'ledger'
  +             },
  +             sequence: [
  +               [Object: null prototype] {
  +                 fact: [Object: null prototype] {
  +                   cartridge_id: 'ashmere_missing_child',
  +                   cartridge_version: '0.0.31',
  +                   key: 'priory_tithe_delivered',
  +                   kind: 'fact'
  +                 },
  +                 op: 'fact.assign',
  +                 value: 'pending'
  +               }
  +             ]
  +           },
  +           accept_on_time: [Object: null prototype] {
  +             accept: [Object: null prototype] {
  +               cartridge_id: 'ashmere_missing_child',
  +               cartridge_version: '0.0.31',
  +               key: 'chandlers_debt',
  +               kind: 'quest'
  +             },
  +             availability: [Object: null prototype] {
  +               through: 151200
  +             },
  +             label: 'dialogue.peg_debt.accept_on_time',
  +             narration: 'narration.peg_debt.accept_on_time',
  +             receive: [Object: null prototype] {
  +               from: 'peg',
  +               item: 'ledger'
  +             },
  +             sequence: [
  +               [Object: null prototype] {
  +                 fact: [Object: null prototype] {
  +                   cartridge_id: 'ashmere_missing_child',
  +                   cartridge_version: '0.0.31',
  +                   key: 'priory_tithe_delivered',
  +                   kind: 'fact'
  +                 },
  +                 op: 'fact.assign',
  +                 value: 'pending'
  +               }
  +             ]
  +           },
  +           elapsed: [Object: null prototype] {
  +             availability: [Object: null prototype] {
  +               from: 237601
  +             },
  +             label: 'dialogue.peg_debt.elapsed',
  +             narration: 'narration.peg_debt.elapsed'
  +           }
  +         },
  +         key: 'a_peg_debt',
  +         npc: [Object: null prototype] {
  +           cartridge_id: 'ashmere_missing_child',
  +           cartridge_version: '0.0.31',
  +           key: 'peg',
  +           kind: 'npc'
  +         },
  +         policy: [Object: null prototype] {
  +           policy_version: 1,
  +           root: [Object: null prototype] {
  +             item: [Object: null prototype] {
  +               items: [
  +                 [Object: null prototype] {
  +                   op: 'quest_state',
  +                   quest: [Object: null prototype] {
  +                     cartridge_id: 'ashmere_missing_child',
  +                     cartridge_version: '0.0.31',
  +                     key: 'chandlers_debt',
  +                     kind: 'quest'
  +                   },
  +                   state: 'active'
  +                 },
  +                 [Object: null prototype] {
  +                   op: 'quest_state',
  +                   quest: [Object: null prototype] {
  +                     cartridge_id: 'ashmere_missing_child',
  +                     cartridge_version: '0.0.31',
  +                     key: 'chandlers_debt',
  +                     kind: 'quest'
  +                   },
  +                   state: 'objectives_complete'
  +                 },
  +                 [Object: null prototype] {
  +                   op: 'quest_state',
  +                   quest: [Object: null prototype] {
  +                     cartridge_id: 'ashmere_missing_child',
  +                     cartridge_version: '0.0.31',
  +                     key: 'chandlers_debt',
  +                     kind: 'quest'
  +                   },
  +                   state: 'resolved'
  +                 },
  +                 [Object: null prototype] {
  +                   op: 'quest_state',
  +                   quest: [Object: null prototype] {
  +                     cartridge_id: 'ashmere_missing_child',
  +                     cartridge_version: '0.0.31',
  +                     key: 'chandlers_debt',
  +                     kind: 'quest'
  +                   },
  +                   state: 'failed'
  +                 },
  +                 [Object: null prototype] {
  +                   op: 'quest_state',
  +                   quest: [Object: null prototype] {
  +                     cartridge_id: 'ashmere_missing_child',
  +                     cartridge_version: '0.0.31',
  +                     key: 'chandlers_debt',
  +                     kind: 'quest'
  +                   },
  +                   state: 'abandoned'
  +                 }
  +               ],
  +               op: 'any'
  +             },
  +             op: 'not'
  +           }
  +         },
  +         prompt: 'dialogue.peg_debt.prompt',
  +         roles: [Object: null prototype] {
  +           aldric: [Object: null prototype] {
  +             npc: [Object: null prototype] {
  +               cartridge_id: 'ashmere_missing_child',
  +               cartridge_version: '0.0.31',
  +               key: 'aldric',
  +               kind: 'npc'
  +             },
  +             role: 'npc'
  +           },
  +           ledger: [Object: null prototype] {
  +             item: [Object: null prototype] {
  +               cartridge_id: 'ashmere_missing_child',
  +               cartridge_version: '0.0.31',
  +               key: 'tithe_ledger',
  +               kind: 'item'
  +             },
  +             role: 'item'
  +           },
  +           peg: [Object: null prototype] {
  +             npc: [Object: null prototype] {
  +               cartridge_id: 'ashmere_missing_child',
  +               cartridge_version: '0.0.31',
  +               key: 'peg',
  +               kind: 'npc'
  +             },
  +             role: 'npc'
  +           }
  +         }
  +       },
  +       'ashmere_missing_child@0.0.31:dialogue/a_vesper_meeting': [Object: null prototype] {
  +         choices: [Object: null prototype] {
  +           meet_wren: [Object: null prototype] {
  +             label: 'dialogue.a_vesper_meeting.meet_wren',
  +             narration: 'narration.a_vesper_meeting',
  +             sequence: [
  +               [Object: null prototype] {
  +                 fact: [Object: null prototype] {
  +                   cartridge_id: 'ashmere_missing_child',
  +                   cartridge_version: '0.0.31',
  +                   key: 'fen_wren_met',
  +                   kind: 'fact'
  +                 },
  +                 op: 'fact.assign',
  +                 value: true
  +               }
  +             ]
  +           }
  +         },
  +         key: 'a_vesper_meeting',
  +         npc: [Object: null prototype] {
  +           cartridge_id: 'ashmere_missing_child',
  +           cartridge_version: '0.0.31',
  +           key: 'vesper',
  +           kind: 'npc'
  +         },
  +         policy: [Object: null prototype] {
  +           policy_version: 1,
  +           root: [Object: null prototype] {
  +             items: [
  +               [Object: null prototype] {
  +                 op: 'quest_state',
  +                 quest: [Object: null prototype] {
  +                   cartridge_id: 'ashmere_missing_child',
  +                   cartridge_version: '0.0.31',
  +                   key: 'missing_child',
  +                   kind: 'quest'
  +                 },
  +                 state: 'active'
  +               },
  +               [Object: null prototype] {
  +                 equals: true,
  +                 fact: [Object: null prototype] {
  +                   cartridge_id: 'ashmere_missing_child',
  +                   cartridge_version: '0.0.31',
  +                   key: 'fen_tracks_found',
  +                   kind: 'fact'
  +                 },
  +                 op: 'fact_compare'
  +               },
  +               [Object: null prototype] {
  +                 equals: false,
  +                 fact: [Object: null prototype] {
  +                   cartridge_id: 'ashmere_missing_child',
  +                   cartridge_version: '0.0.31',
  +                   key: 'fen_wren_met',
  +                   kind: 'fact'
  +                 },
  +                 op: 'fact_compare'
  +               }
  +             ],
  +             op: 'all'
  +           }
  +         },
  +         prompt: 'dialogue.a_vesper_meeting.prompt',
  +         roles: [Object: null prototype] {
  +           vesper: [Object: null prototype] {
  +             npc: [Object: null prototype] {
  +               cartridge_id: 'ashmere_missing_child',
  +               cartridge_version: '0.0.31',
  +               key: 'vesper',
  +               kind: 'npc'
  +             },
  +             role: 'npc'
  +           },
  +           wren: [Object: null prototype] {
  +             npc: [Object: null prototype] {
  +               cartridge_id: 'ashmere_missing_child',
  +               cartridge_version: '0.0.31',
  +               key: 'wren',
  +               kind: 'npc'
  +             },
  +             role: 'npc'
  +           }
  +         }
  +       },
  +       'ashmere_missing_child@0.0.31:dialogue/a_wick_offer': [Object: null prototype] {
  +         choices: [Object: null prototype] {
  +           accept: [Object: null prototype] {
  +             accept: [Object: null prototype] {
  +               cartridge_id: 'ashmere_missing_child',
  +               cartridge_version: '0.0.31',
  +               key: 'infirmary_herbs',
  +               kind: 'quest'
  +             },
  +             label: 'quest.infirmary_herbs.accept',
  +             narration: 'narration.wick.accept'
  +           }
  +         },
  +         key: 'a_wick_offer',
  +         npc: [Object: null prototype] {
  +           cartridge_id: 'ashmere_missing_child',
  +           cartridge_version: '0.0.31',
  +           key: 'wick',
  +           kind: 'npc'
  +         },
  +         policy: [Object: null prototype] {
  +           policy_version: 1,
  +           root: [Object: null prototype] {
  +             item: [Object: null prototype] {
  +               items: [
  +                 [Object: null prototype] {
  +                   op: 'quest_state',
  +                   quest: [Object: null prototype] {
  +                     cartridge_id: 'ashmere_missing_child',
  +                     cartridge_version: '0.0.31',
  +                     key: 'infirmary_herbs',
  +                     kind: 'quest'
  +                   },
  +                   state: 'active'
  +                 },
  +                 [Object: null prototype] {
  +                   op: 'quest_state',
  +                   quest: [Object: null prototype] {
  +                     cartridge_id: 'ashmere_missing_child',
  +                     cartridge_version: '0.0.31',
  +                     key: 'infirmary_herbs',
  +                     kind: 'quest'
  +                   },
  +                   state: 'objectives_complete'
  +                 }
  +               ],
  +               op: 'any'
  +             },
  +             op: 'not'
  +           }
  +         },
  +         prompt: 'dialogue.a_wick_offer.prompt',
  +         roles: [Object: null prototype] {
  +           wick: [Object: null prototype] {
  +             npc: [Object: null prototype] {
  +               cartridge_id: 'ashmere_missing_child',
  +               cartridge_version: '0.0.31',
  +               key: 'wick',
  +               kind: 'npc'
  +             },
  +             role: 'npc'
  +           }
  +         }
  +       },
  +       'ashmere_missing_child@0.0.31:dialogue/a_wisp_offer': [Object: null prototype] {
  +         choices: [Object: null prototype] {
  +           accept: [Object: null prototype] {
  +             accept: [Object: null prototype] {
  +               cartridge_id: 'ashmere_missing_child',
  +               cartridge_version: '0.0.31',
  +               key: 'wisp_ward',
  +               kind: 'quest'
  +             },
  +             label: 'dialogue.wisp.accept',
  +             narration: 'narration.wisp.accept'
  +           }
  +         },
  +         key: 'a_wisp_offer',
  +         label: 'actions.accept_wisp',
  +         npc: [Object: null prototype] {
  +           cartridge_id: 'ashmere_missing_child',
  +           cartridge_version: '0.0.31',
  +           key: 'wisp',
  +           kind: 'npc'
  +         },
  +         policy: [Object: null prototype] {
  +           policy_version: 1,
  +           root: [Object: null prototype] {
  +             items: [
  +               [Object: null prototype] {
  +                 op: 'light_off'
  +               },
  +               [Object: null prototype] {
  +                 equals: true,
  +                 fact: [Object: null prototype] {
  +                   cartridge_id: 'ashmere_missing_child',
  +                   cartridge_version: '0.0.31',
  +                   key: 'fen_wisp_discovered',
  +                   kind: 'fact'
  +                 },
  +                 op: 'fact_compare'
  +               },
  +               [Object: null prototype] {
  +                 item: [Object: null prototype] {
  +                   items: [
  +                     [Object: null prototype] {
  +                       op: 'quest_state',
  +                       quest: [Object: null prototype] {
  +                         cartridge_id: 'ashmere_missing_child',
  +                         cartridge_version: '0.0.31',
  +                         key: 'wisp_ward',
  +                         kind: 'quest'
  +                       },
  +                       state: 'active'
  +                     },
  +                     [Object: null prototype] {
  +                       op: 'quest_state',
  +                       quest: [Object: null prototype] {
  +                         cartridge_id: 'ashmere_missing_child',
  +                         cartridge_version: '0.0.31',
  +                         key: 'wisp_ward',
  +                         kind: 'quest'
  +                       },
  +                       state: 'objectives_complete'
  +                     },
  +                     [Object: null prototype] {
  +                       op: 'quest_state',
  +                       quest: [Object: null prototype] {
  +                         cartridge_id: 'ashmere_missing_child',
  +                         cartridge_version: '0.0.31',
  +                         key: 'wisp_ward',
  +                         kind: 'quest'
  +                       },
  +                       state: 'resolved'
  +                     },
  +                     [Object: null prototype] {
  +                       op: 'quest_state',
  +                       quest: [Object: null prototype] {
  +                         cartridge_id: 'ashmere_missing_child',
  +                         cartridge_version: '0.0.31',
  +                         key: 'wisp_ward',
  +                         kind: 'quest'
  +                       },
  +                       state: 'failed'
  +                     },
  +                     [Object: null prototype] {
  +                       op: 'quest_state',
  +                       quest: [Object: null prototype] {
  +                         cartridge_id: 'ashmere_missing_child',
  +                         cartridge_version: '0.0.31',
  +                         key: 'wisp_ward',
  +                         kind: 'quest'
  +                       },
  +                       state: 'abandoned'
  +                     }
  +                   ],
  +                   op: 'any'
  +                 },
  +                 op: 'not'
  +               }
  +             ],
  +             op: 'all'
  +           }
  +         },
  +         prompt: 'dialogue.wisp.offer',
  +         roles: [Object: null prototype] {
  +           wisp: [Object: null prototype] {
  +             npc: [Object: null prototype] {
  +               cartridge_id: 'ashmere_missing_child',
  +               cartridge_version: '0.0.31',
  +               key: 'wisp',
  +               kind: 'npc'
  +             },
  +             role: 'npc'
  +           }
  +         }
  +       },
  +       'ashmere_missing_child@0.0.31:dialogue/a_wren_escort': [Object: null prototype] {
  +         choices: [Object: null prototype] {
  +           rescue: [Object: null prototype] {
  +             escort: [Object: null prototype] {
  +               npc: 'wren',
  +               quest: [Object: null prototype] {
  +                 cartridge_id: 'ashmere_missing_child',
  +                 cartridge_version: '0.0.31',
  +                 key: 'missing_child',
  +                 kind: 'quest'
  +               },
  +               transition: 'start'
  +             },
  +             label: 'dialogue.wren_escort.rescue',
  +             narration: 'narration.wren_escort',
  +             sequence: [
  +               [Object: null prototype] {
  +                 fact: [Object: null prototype] {
  +                   cartridge_id: 'ashmere_missing_child',
  +                   cartridge_version: '0.0.31',
  +                   key: 'fen_return_branch',
  +                   kind: 'fact'
  +                 },
  +                 op: 'fact.assign',
  +                 value: 'rescue'
  +               }
  +             ]
  +           }
  +         },
  +         key: 'a_wren_escort',
  +         npc: [Object: null prototype] {
  +           cartridge_id: 'ashmere_missing_child',
  +           cartridge_version: '0.0.31',
  +           key: 'wren',
  +           kind: 'npc'
  +         },
  +         policy: [Object: null prototype] {
  +           policy_version: 1,
  +           root: [Object: null prototype] {
  +             items: [
  +               [Object: null prototype] {
  +                 op: 'quest_state',
  +                 quest: [Object: null prototype] {
  +                   cartridge_id: 'ashmere_missing_child',
  +                   cartridge_version: '0.0.31',
  +                   key: 'missing_child',
  +                   kind: 'quest'
  +                 },
  +                 state: 'active'
  +               },
  +               [Object: null prototype] {
  +                 equals: true,
  +                 fact: [Object: null prototype] {
  +                   cartridge_id: 'ashmere_missing_child',
  +                   cartridge_version: '0.0.31',
  +                   key: 'fen_vesper_riddle_answered',
  +                   kind: 'fact'
  +                 },
  +                 op: 'fact_compare'
  +               },
  +               [Object: null prototype] {
  +                 equals: 'unselected',
  +                 fact: [Object: null prototype] {
  +                   cartridge_id: 'ashmere_missing_child',
  +                   cartridge_version: '0.0.31',
  +                   key: 'fen_return_branch',
  +                   kind: 'fact'
  +                 },
  +                 op: 'fact_compare'
  +               },
  +               [Object: null prototype] {
  +                 equals: 'missing',
  +                 fact: [Object: null prototype] {
  +                   cartridge_id: 'ashmere_missing_child',
  +                   cartridge_version: '0.0.31',
  +                   key: 'village_child_status',
  +                   kind: 'fact'
  +                 },
  +                 op: 'fact_compare'
  +               }
  +             ],
  +             op: 'all'
  +           }
  +         },
  +         prompt: 'dialogue.wren_escort.prompt',
  +         roles: [Object: null prototype] {
  +           vesper: [Object: null prototype] {
  +             npc: [Object: null prototype] {
  +               cartridge_id: 'ashmere_missing_child',
  +               cartridge_version: '0.0.31',
  +               key: 'vesper',
  +               kind: 'npc'
  +             },
  +             role: 'npc'
  +           },
  +           wren: [Object: null prototype] {
  +             npc: [Object: null prototype] {
  +               cartridge_id: 'ashmere_missing_child',
  +               cartridge_version: '0.0.31',
  +               key: 'wren',
  +               kind: 'npc'
  +             },
  +             role: 'npc'
  +           }
  +         }
  +       },
  +       'ashmere_missing_child@0.0.31:dialogue/ada': [Object: null prototype] {
  +         choices: [Object: null prototype] {
  +           leave: [Object: null prototype] {
  +             label: 'dialogue.ada.leave',
  +             narration: 'dialogue.ada.leave_narration'
  +           }
  +         },
  +         key: 'ada',
  +         npc: [Object: null prototype] {
  +           cartridge_id: 'ashmere_missing_child',
  +           cartridge_version: '0.0.31',
  +           key: 'ada',
  +           kind: 'npc'
  +         },
  +         policy: [Object: null prototype] {
  +           policy_version: 1,
  +           root: [Object: null prototype] {
  +             items: [],
  +             op: 'all'
  +           }
  +         },
  +         prompt: 'dialogue.ada.prompt',
  +         roles: [Object: null prototype] {
  +           ada: [Object: null prototype] {
  +             npc: [Object: null prototype] {
  +               cartridge_id: 'ashmere_missing_child',
  +               cartridge_version: '0.0.31',
  +               key: 'ada',
  +               kind: 'npc'
  +             },
  +             role: 'npc'
  +           }
  +         }
  +       },
  +       'ashmere_missing_child@0.0.31:dialogue/ash': [Object: null prototype] {
  +         choices: [Object: null prototype] {
  +           leave: [Object: null prototype] {
  +             label: 'dialogue.ash.leave',
  +             narration: 'dialogue.ash.prompt'
  +           }
  +         },
  +         key: 'ash',
  +         npc: [Object: null prototype] {
  +           cartridge_id: 'ashmere_missing_child',
  +           cartridge_version: '0.0.31',
  +           key: 'ash',
  +           kind: 'npc'
  +         },
  +         policy: [Object: null prototype] {
  +           policy_version: 1,
  +           root: [Object: null prototype] {
  +             items: [],
  +             op: 'all'
  +           }
  +         },
  +         prompt: 'dialogue.ash.prompt',
  +         roles: [Object: null prototype] {
  +           ash: [Object: null prototype] {
  +             npc: [Object: null prototype] {
  +               cartridge_id: 'ashmere_missing_child',
  +               cartridge_version: '0.0.31',
  +               key: 'ash',
  +               kind: 'npc'
  +             },
  +             role: 'npc'
  +           }
  +         }
  +       },
  +       'ashmere_missing_child@0.0.31:dialogue/b_aldric': [Object: null prototype] {
  +         choices: [Object: null prototype] {
  +           bell: [Object: null prototype] {
  +             label: 'dialogue.aldric.bell',
  +             narration: 'narration.aldric.bell'
  +           },
  +           leave: [Object: null prototype] {
  +             label: 'dialogue.aldric.leave',
  +             narration: 'narration.aldric.leave'
  +           }
  +         },
  +         key: 'b_aldric',
  +         npc: [Object: null prototype] {
  +           cartridge_id: 'ashmere_missing_child',
  +           cartridge_version: '0.0.31',
  +           key: 'aldric',
  +           kind: 'npc'
  +         },
  +         policy: [Object: null prototype] {
  +           policy_version: 1,
  +           root: [Object: null prototype] {
  +             items: [],
  +             op: 'all'
  +           }
  +         },
  +         prompt: 'dialogue.aldric.prompt',
  +         roles: [Object: null prototype] {
  +           aldric: [Object: null prototype] {
  +             npc: [Object: null prototype] {
  +               cartridge_id: 'ashmere_missing_child',
  +               cartridge_version: '0.0.31',
  +               key: 'aldric',
  +               kind: 'npc'
  +             },
  +             role: 'npc'
  +           }
  +         }
  +       },
  +       'ashmere_missing_child@0.0.31:dialogue/b_elspeth_rescued': [Object: null prototype] {
  +         choices: [Object: null prototype] {
  +           acknowledge: [Object: null prototype] {
  +             label: 'dialogue.elspeth_rescued.acknowledge',
  +             narration: 'narration.elspeth_rescued'
  +           },
  +           directions: [Object: null prototype] {
  +             label: 'dialogue.elspeth.directions',
  +             narration: 'narration.elspeth.directions'
  +           },
  +           inn: [Object: null prototype] {
  +             label: 'dialogue.elspeth.inn',
  +             narration: 'narration.elspeth.inn'
  +           }
  +         },
  +         key: 'b_elspeth_rescued',
  +         npc: [Object: null prototype] {
  +           cartridge_id: 'ashmere_missing_child',
  +           cartridge_version: '0.0.31',
  +           key: 'elspeth',
  +           kind: 'npc'
  +         },
  +         policy: [Object: null prototype] {
  +           policy_version: 1,
  +           root: [Object: null prototype] {
  +             items: [
  +               [Object: null prototype] {
  +                 equals: 'rescued',
  +                 fact: [Object: null prototype] {
  +                   cartridge_id: 'ashmere_missing_child',
  +                   cartridge_version: '0.0.31',
  +                   key: 'village_child_status',
  +                   kind: 'fact'
  +                 },
  +                 op: 'fact_compare'
  +               }
  +             ],
  +             op: 'all'
  +           }
  +         },
  +         prompt: 'dialogue.elspeth_rescued.prompt',
  +         roles: [Object: null prototype] {
  +           elspeth: [Object: null prototype] {
  +             npc: [Object: null prototype] {
  +               cartridge_id: 'ashmere_missing_child',
  +               cartridge_version: '0.0.31',
  +               key: 'elspeth',
  +               kind: 'npc'
  +             },
  +             role: 'npc'
  +           }
  +         }
  +       },
  +       'ashmere_missing_child@0.0.31:dialogue/b_elspeth_stays': [Object: null prototype] {
  +         choices: [Object: null prototype] {
  +           acknowledge: [Object: null prototype] {
  +             label: 'dialogue.elspeth_stays.acknowledge',
  +             narration: 'narration.elspeth_stays'
  +           },
  +           directions: [Object: null prototype] {
  +             label: 'dialogue.elspeth.directions',
  +             narration: 'narration.elspeth.directions'
  +           },
  +           inn: [Object: null prototype] {
  +             label: 'dialogue.elspeth.inn',
  +             narration: 'narration.elspeth.inn'
  +           }
  +         },
  +         key: 'b_elspeth_stays',
  +         npc: [Object: null prototype] {
  +           cartridge_id: 'ashmere_missing_child',
  +           cartridge_version: '0.0.31',
  +           key: 'elspeth',
  +           kind: 'npc'
  +         },
  +         policy: [Object: null prototype] {
  +           policy_version: 1,
  +           root: [Object: null prototype] {
  +             items: [
  +               [Object: null prototype] {
  +                 equals: 'stays',
  +                 fact: [Object: null prototype] {
  +                   cartridge_id: 'ashmere_missing_child',
  +                   cartridge_version: '0.0.31',
  +                   key: 'village_child_status',
  +                   kind: 'fact'
  +                 },
  +                 op: 'fact_compare'
  +               }
  +             ],
  +             op: 'all'
  +           }
  +         },
  +         prompt: 'dialogue.elspeth_stays.prompt',
  +         roles: [Object: null prototype] {
  +           elspeth: [Object: null prototype] {
  +             npc: [Object: null prototype] {
  +               cartridge_id: 'ashmere_missing_child',
  +               cartridge_version: '0.0.31',
  +               key: 'elspeth',
  +               kind: 'npc'
  +             },
  +             role: 'npc'
  +           }
  +         }
  +       },
  +       'ashmere_missing_child@0.0.31:dialogue/b_vesper_riddle': [Object: null prototype] {
  +         choices: [Object: null prototype] {
  +           answer: [Object: null prototype] {
  +             label: 'dialogue.b_vesper_riddle.answer',
  +             narration: 'narration.b_vesper_riddle',
  +             sequence: [
  +               [Object: null prototype] {
  +                 fact: [Object: null prototype] {
  +                   cartridge_id: 'ashmere_missing_child',
  +                   cartridge_version: '0.0.31',
  +                   key: 'fen_vesper_riddle_answered',
  +                   kind: 'fact'
  +                 },
  +                 op: 'fact.assign',
  +                 value: true
  +               }
  +             ]
  +           }
  +         },
  +         key: 'b_vesper_riddle',
  +         npc: [Object: null prototype] {
  +           cartridge_id: 'ashmere_missing_child',
  +           cartridge_version: '0.0.31',
  +           key: 'vesper',
  +           kind: 'npc'
  +         },
  +         policy: [Object: null prototype] {
  +           policy_version: 1,
  +           root: [Object: null prototype] {
  +             items: [
  +               [Object: null prototype] {
  +                 op: 'quest_state',
  +                 quest: [Object: null prototype] {
  +                   cartridge_id: 'ashmere_missing_child',
  +                   cartridge_version: '0.0.31',
  +                   key: 'missing_child',
  +                   kind: 'quest'
  +                 },
  +                 state: 'active'
  +               },
  +               [Object: null prototype] {
  +                 equals: true,
  +                 fact: [Object: null prototype] {
  +                   cartridge_id: 'ashmere_missing_child',
  +                   cartridge_version: '0.0.31',
  +                   key: 'fen_wren_met',
  +                   kind: 'fact'
  +                 },
  +                 op: 'fact_compare'
  +               },
  +               [Object: null prototype] {
  +                 equals: false,
  +                 fact: [Object: null prototype] {
  +                   cartridge_id: 'ashmere_missing_child',
  +                   cartridge_version: '0.0.31',
  +                   key: 'fen_vesper_riddle_answered',
  +                   kind: 'fact'
  +                 },
  +                 op: 'fact_compare'
  +               }
  +             ],
  +             op: 'all'
  +           }
  +         },
  +         prompt: 'dialogue.b_vesper_riddle.prompt',
  +         riddle: [Object: null prototype] {
  +           answer: 'lantern',
  +           bank: [
  +             'R',
  +             'N',
  +             'A',
  +             'O',
  +             'L',
  +             'T',
  +             'E',
  +             'N',
  +             'S'
  +           ],
  +           choice_id: 'answer',
  +           wrong: 'narration.vesper_wrong'
  +         },
  +         roles: [Object: null prototype] {
  +           vesper: [Object: null prototype] {
  +             npc: [Object: null prototype] {
  +               cartridge_id: 'ashmere_missing_child',
  +               cartridge_version: '0.0.31',
  +               key: 'vesper',
  +               kind: 'npc'
  +             },
  +             role: 'npc'
  +           },
  +           wren: [Object: null prototype] {
  +             npc: [Object: null prototype] {
  +               cartridge_id: 'ashmere_missing_child',
  +               cartridge_version: '0.0.31',
  +               key: 'wren',
  +               kind: 'npc'
  +             },
  +             role: 'npc'
  +           }
  +         }
  +       },
  +       'ashmere_missing_child@0.0.31:dialogue/b_wick_turn_in': [Object: null prototype] {
  +         choices: [Object: null prototype] {
  +           exchange: [Object: null prototype] {
  +             exchange: true,
  +             label: 'quest.infirmary_herbs.turn_in',
  +             narration: 'narration.wick.exchange'
  +           }
  +         },
  +         key: 'b_wick_turn_in',
  +         npc: [Object: null prototype] {
  +           cartridge_id: 'ashmere_missing_child',
  +           cartridge_version: '0.0.31',
  +           key: 'wick',
  +           kind: 'npc'
  +         },
  +         policy: [Object: null prototype] {
  +           policy_version: 1,
  +           root: [Object: null prototype] {
  +             items: [
  +               [Object: null prototype] {
  +                 op: 'quest_state',
  +                 quest: [Object: null prototype] {
  +                   cartridge_id: 'ashmere_missing_child',
  +                   cartridge_version: '0.0.31',
  +                   key: 'infirmary_herbs',
  +                   kind: 'quest'
  +                 },
  +                 state: 'active'
  +               },
  +               [Object: null prototype] {
  +                 op: 'quest_state',
  +                 quest: [Object: null prototype] {
  +                   cartridge_id: 'ashmere_missing_child',
  +                   cartridge_version: '0.0.31',
  +                   key: 'infirmary_herbs',
  +                   kind: 'quest'
  +                 },
  +                 state: 'objectives_complete'
  +               }
  +             ],
  +             op: 'any'
  +           }
  +         },
  +         prompt: 'dialogue.b_wick_turn_in.prompt',
  +         quest: [Object: null prototype] {
  +           cartridge_id: 'ashmere_missing_child',
  +           cartridge_version: '0.0.31',
  +           key: 'infirmary_herbs',
  +           kind: 'quest'
  +         },
  +         roles: [Object: null prototype] {
  +           wick: [Object: null prototype] {
  +             npc: [Object: null prototype] {
  +               cartridge_id: 'ashmere_missing_child',
  +               cartridge_version: '0.0.31',
  +               key: 'wick',
  +               kind: 'npc'
  +             },
  +             role: 'npc'
  +           }
  +         }
  +       },
  +       'ashmere_missing_child@0.0.31:dialogue/b_wisp_riddle': [Object: null prototype] {
  +         choices: [Object: null prototype] {
  +           answer: [Object: null prototype] {
  +             label: 'dialogue.wisp.answer',
  +             narration: 'narration.wisp.correct',
  +             sequence: [
  +               [Object: null prototype] {
  +                 fact: [Object: null prototype] {
  +                   cartridge_id: 'ashmere_missing_child',
  +                   cartridge_version: '0.0.31',
  +                   key: 'fen_wisp_answered',
  +                   kind: 'fact'
  +                 },
  +                 op: 'fact.assign',
  +                 value: true
  +               },
  +               [Object: null prototype] {
  +                 op: 'topic.grant',
  +                 topic: [Object: null prototype] {
  +                   cartridge_id: 'ashmere_missing_child',
  +                   cartridge_version: '0.0.31',
  +                   key: 'ward',
  +                   kind: 'topic'
  +                 }
  +               }
  +             ]
  +           }
  +         },
  +         key: 'b_wisp_riddle',
  +         label: 'actions.ask_wisp',
  +         npc: [Object: null prototype] {
  +           cartridge_id: 'ashmere_missing_child',
  +           cartridge_version: '0.0.31',
  +           key: 'wisp',
  +           kind: 'npc'
  +         },
  +         policy: [Object: null prototype] {
  +           policy_version: 1,
  +           root: [Object: null prototype] {
  +             items: [
  +               [Object: null prototype] {
  +                 op: 'light_off'
  +               },
  +               [Object: null prototype] {
  +                 equals: true,
  +                 fact: [Object: null prototype] {
  +                   cartridge_id: 'ashmere_missing_child',
  +                   cartridge_version: '0.0.31',
  +                   key: 'fen_wisp_discovered',
  +                   kind: 'fact'
  +                 },
  +                 op: 'fact_compare'
  +               },
  +               [Object: null prototype] {
  +                 op: 'quest_state',
  +                 quest: [Object: null prototype] {
  +                   cartridge_id: 'ashmere_missing_child',
  +                   cartridge_version: '0.0.31',
  +                   key: 'wisp_ward',
  +                   kind: 'quest'
  +                 },
  +                 state: 'active'
  +               }
  +             ],
  +             op: 'all'
  +           }
  +         },
  +         prompt: 'dialogue.wisp.riddle',
  +         quest: [Object: null prototype] {
  +           cartridge_id: 'ashmere_missing_child',
  +           cartridge_version: '0.0.31',
  +           key: 'wisp_ward',
  +           kind: 'quest'
  +         },
  +         riddle: [Object: null prototype] {
  +           answer: 'tide',
  +           bank: [
  +             'T',
  +             'I',
  +             'D',
  +             'E'
  +           ],
  +           choice_id: 'answer',
  +           wrong: 'narration.wisp.wrong',
  +           wrong_limit: 3
  +         },
  +         roles: [Object: null prototype] {
  +           wisp: [Object: null prototype] {
  +             npc: [Object: null prototype] {
  +               cartridge_id: 'ashmere_missing_child',
  +               cartridge_version: '0.0.31',
  +               key: 'wisp',
  +               kind: 'npc'
  +             },
  +             role: 'npc'
  +           }
  +         }
  +       },
  +       'ashmere_missing_child@0.0.31:dialogue/b_wren_rejoin': [Object: null prototype] {
  +         choices: [Object: null prototype] {
  +           rejoin: [Object: null prototype] {
  +             escort: [Object: null prototype] {
  +               npc: 'wren',
  +               quest: [Object: null prototype] {
  +                 cartridge_id: 'ashmere_missing_child',
  +                 cartridge_version: '0.0.31',
  +                 key: 'missing_child',
  +                 kind: 'quest'
  +               },
  +               transition: 'rejoin'
  +             },
  +             label: 'dialogue.wren_rejoin.rejoin',
  +             narration: 'narration.wren_rejoin'
  +           }
  +         },
  +         key: 'b_wren_rejoin',
  +         npc: [Object: null prototype] {
  +           cartridge_id: 'ashmere_missing_child',
  +           cartridge_version: '0.0.31',
  +           key: 'wren',
  +           kind: 'npc'
  +         },
  +         policy: [Object: null prototype] {
  +           policy_version: 1,
  +           root: [Object: null prototype] {
  +             items: [
  +               [Object: null prototype] {
  +                 op: 'quest_state',
  +                 quest: [Object: null prototype] {
  +                   cartridge_id: 'ashmere_missing_child',
  +                   cartridge_version: '0.0.31',
  +                   key: 'missing_child',
  +                   kind: 'quest'
  +                 },
  +                 state: 'active'
  +               },
  +               [Object: null prototype] {
  +                 equals: true,
  +                 fact: [Object: null prototype] {
  +                   cartridge_id: 'ashmere_missing_child',
  +                   cartridge_version: '0.0.31',
  +                   key: 'fen_vesper_riddle_answered',
  +                   kind: 'fact'
  +                 },
  +                 op: 'fact_compare'
  +               },
  +               [Object: null prototype] {
  +                 equals: 'rescue',
  +                 fact: [Object: null prototype] {
  +                   cartridge_id: 'ashmere_missing_child',
  +                   cartridge_version: '0.0.31',
  +                   key: 'fen_return_branch',
  +                   kind: 'fact'
  +                 },
  +                 op: 'fact_compare'
  +               },
  +               [Object: null prototype] {
  +                 equals: 'missing',
  +                 fact: [Object: null prototype] {
  +                   cartridge_id: 'ashmere_missing_child',
  +                   cartridge_version: '0.0.31',
  +                   key: 'village_child_status',
  +                   kind: 'fact'
  +                 },
  +                 op: 'fact_compare'
  +               },
  +               [Object: null prototype] {
  +                 op: 'escort_state',
  +                 quest: [Object: null prototype] {
  +                   cartridge_id: 'ashmere_missing_child',
  +                   cartridge_version: '0.0.31',
  +                   key: 'missing_child',
  +                   kind: 'quest'
  +                 },
  +                 state: 'separated'
  +               }
  +             ],
  +             op: 'all'
  +           }
  +         },
  +         prompt: 'dialogue.wren_rejoin.prompt',
  +         roles: [Object: null prototype] {
  +           wren: [Object: null prototype] {
  +             npc: [Object: null prototype] {
  +               cartridge_id: 'ashmere_missing_child',
  +               cartridge_version: '0.0.31',
  +               key: 'wren',
  +               kind: 'npc'
  +             },
  +             role: 'npc'
  +           }
  +         }
  +       },
  +       'ashmere_missing_child@0.0.31:dialogue/c_aldric_ward': [Object: null prototype] {
  +         choices: [Object: null prototype] {
  +           ward: [Object: null prototype] {
  +             label: 'dialogue.aldric.ward.ask',
  +             narration: 'narration.aldric.ward'
  +           }
  +         },
  +         key: 'c_aldric_ward',
  +         label: 'actions.ask_ward',
  +         npc: [Object: null prototype] {
  +           cartridge_id: 'ashmere_missing_child',
  +           cartridge_version: '0.0.31',
  +           key: 'aldric',
  +           kind: 'npc'
  +         },
  +         policy: [Object: null prototype] {
  +           policy_version: 1,
  +           root: [Object: null prototype] {
  +             items: [
  +               [Object: null prototype] {
  +                 equals: true,
  +                 fact: [Object: null prototype] {
  +                   cartridge_id: 'ashmere_missing_child',
  +                   cartridge_version: '0.0.31',
  +                   key: 'topic_ward_known',
  +                   kind: 'fact'
  +                 },
  +                 op: 'fact_compare'
  +               }
  +             ],
  +             op: 'all'
  +           }
  +         },
  +         prompt: 'dialogue.aldric.ward',
  +         roles: [Object: null prototype] {
  +           aldric: [Object: null prototype] {
  +             npc: [Object: null prototype] {
  +               cartridge_id: 'ashmere_missing_child',
  +               cartridge_version: '0.0.31',
  +               key: 'aldric',
  +               kind: 'npc'
  +             },
  +             role: 'npc'
  +           }
  +         }
  +       },
  +       'ashmere_missing_child@0.0.31:dialogue/c_vesper_answered': [Object: null prototype] {
  +         choices: [Object: null prototype] {
  +           carry_message: [Object: null prototype] {
  +             label: 'dialogue.c_vesper_answered.carry_message',
  +             narration: 'narration.c_vesper_answered',
  +             receive: [Object: null prototype] {
  +               from: 'vesper',
  +               item: 'message'
  +             },
  +             sequence: [
  +               [Object: null prototype] {
  +                 fact: [Object: null prototype] {
  +                   cartridge_id: 'ashmere_missing_child',
  +                   cartridge_version: '0.0.31',
  +                   key: 'fen_return_branch',
  +                   kind: 'fact'
  +                 },
  +                 op: 'fact.assign',
  +                 value: 'stays'
  +               }
  +             ]
  +           }
  +         },
  +         key: 'c_vesper_answered',
  +         npc: [Object: null prototype] {
  +           cartridge_id: 'ashmere_missing_child',
  +           cartridge_version: '0.0.31',
  +           key: 'vesper',
  +           kind: 'npc'
  +         },
  +         policy: [Object: null prototype] {
  +           policy_version: 1,
  +           root: [Object: null prototype] {
  +             items: [
  +               [Object: null prototype] {
  +                 op: 'quest_state',
  +                 quest: [Object: null prototype] {
  +                   cartridge_id: 'ashmere_missing_child',
  +                   cartridge_version: '0.0.31',
  +                   key: 'missing_child',
  +                   kind: 'quest'
  +                 },
  +                 state: 'active'
  +               },
  +               [Object: null prototype] {
  +                 equals: true,
  +                 fact: [Object: null prototype] {
  +                   cartridge_id: 'ashmere_missing_child',
  +                   cartridge_version: '0.0.31',
  +                   key: 'fen_vesper_riddle_answered',
  +                   kind: 'fact'
  +                 },
  +                 op: 'fact_compare'
  +               },
  +               [Object: null prototype] {
  +                 equals: 'unselected',
  +                 fact: [Object: null prototype] {
  +                   cartridge_id: 'ashmere_missing_child',
  +                   cartridge_version: '0.0.31',
  +                   key: 'fen_return_branch',
  +                   kind: 'fact'
  +                 },
  +                 op: 'fact_compare'
  +               },
  +               [Object: null prototype] {
  +                 equals: 'missing',
  +                 fact: [Object: null prototype] {
  +                   cartridge_id: 'ashmere_missing_child',
  +                   cartridge_version: '0.0.31',
  +                   key: 'village_child_status',
  +                   kind: 'fact'
  +                 },
  +                 op: 'fact_compare'
  +               }
  +             ],
  +             op: 'all'
  +           }
  +         },
  +         prompt: 'dialogue.c_vesper_answered.prompt',
  +         roles: [Object: null prototype] {
  +           message: [Object: null prototype] {
  +             item: [Object: null prototype] {
  +               cartridge_id: 'ashmere_missing_child',
  +               cartridge_version: '0.0.31',
  +               key: 'vesper_message',
  +               kind: 'item'
  +             },
  +             role: 'item'
  +           },
  +           vesper: [Object: null prototype] {
  +             npc: [Object: null prototype] {
  +               cartridge_id: 'ashmere_missing_child',
  +               cartridge_version: '0.0.31',
  +               key: 'vesper',
  +               kind: 'npc'
  +             },
  +             role: 'npc'
  +           },
  +           wren: [Object: null prototype] {
  +             npc: [Object: null prototype] {
  +               cartridge_id: 'ashmere_missing_child',
  +               cartridge_version: '0.0.31',
  +               key: 'wren',
  +               kind: 'npc'
  +             },
  +             role: 'npc'
  +           }
  +         }
  +       },
  +       'ashmere_missing_child@0.0.31:dialogue/elspeth': [Object: null prototype] {
  +         choices: [Object: null prototype] {
  +           accept: [Object: null prototype] {
  +             accept: [Object: null prototype] {
  +               cartridge_id: 'ashmere_missing_child',
  +               cartridge_version: '0.0.31',
  +               key: 'first_lead',
  +               kind: 'quest'
  +             },
  +             label: 'dialogue.elspeth.accept',
  +             narration: 'narration.elspeth.accept'
  +           },
  +           directions: [Object: null prototype] {
  +             label: 'dialogue.elspeth.directions',
  +             narration: 'narration.elspeth.directions'
  +           },
  +           inn: [Object: null prototype] {
  +             label: 'dialogue.elspeth.inn',
  +             narration: 'narration.elspeth.inn'
  +           },
  +           wren: [Object: null prototype] {
  +             label: 'dialogue.elspeth.wren',
  +             narration: 'narration.elspeth.wren'
  +           }
  +         },
  +         key: 'elspeth',
  +         npc: [Object: null prototype] {
  +           cartridge_id: 'ashmere_missing_child',
  +           cartridge_version: '0.0.31',
  +           key: 'elspeth',
  +           kind: 'npc'
  +         },
  +         policy: [Object: null prototype] {
  +           policy_version: 1,
  +           root: [Object: null prototype] {
  +             items: [],
  +             op: 'all'
  +           }
  +         },
  +         prompt: 'dialogue.elspeth.prompt',
  +         roles: [Object: null prototype] {
  +           elspeth: [Object: null prototype] {
  +             npc: [Object: null prototype] {
  +               cartridge_id: 'ashmere_missing_child',
  +               cartridge_version: '0.0.31',
  +               key: 'elspeth',
  +               kind: 'npc'
  +             },
  +             role: 'npc'
  +           }
  +         }
  +       },
  +       'ashmere_missing_child@0.0.31:dialogue/gareth': [Object: null prototype] {
  +         choices: [Object: null prototype] {
  +           leave: [Object: null prototype] {
  +             label: 'dialogue.gareth.leave',
  +             narration: 'dialogue.gareth.leave_narration'
  +           }
  +         },
  +         key: 'gareth',
  +         npc: [Object: null prototype] {
  +           cartridge_id: 'ashmere_missing_child',
  +           cartridge_version: '0.0.31',
  +           key: 'gareth',
  +           kind: 'npc'
  +         },
  +         policy: [Object: null prototype] {
  +           policy_version: 1,
  +           root: [Object: null prototype] {
  +             items: [],
  +             op: 'all'
  +           }
  +         },
  +         prompt: 'dialogue.gareth.prompt',
  +         roles: [Object: null prototype] {
  +           gareth: [Object: null prototype] {
  +             npc: [Object: null prototype] {
  +               cartridge_id: 'ashmere_missing_child',
  +               cartridge_version: '0.0.31',
  +               key: 'gareth',
  +               kind: 'npc'
  +             },
  +             role: 'npc'
  +           }
  +         }
  +       },
  +       'ashmere_missing_child@0.0.31:dialogue/hale': [Object: null prototype] {
  +         choices: [Object: null prototype] {
  +           leave: [Object: null prototype] {
  +             label: 'dialogue.hale.leave',
  +             narration: 'dialogue.hale.prompt'
  +           }
  +         },
  +         key: 'hale',
  +         npc: [Object: null prototype] {
  +           cartridge_id: 'ashmere_missing_child',
  +           cartridge_version: '0.0.31',
  +           key: 'hale',
  +           kind: 'npc'
  +         },
  +         policy: [Object: null prototype] {
  +           policy_version: 1,
  +           root: [Object: null prototype] {
  +             items: [],
  +             op: 'all'
  +           }
  +         },
  +         prompt: 'dialogue.hale.prompt',
  +         roles: [Object: null prototype] {
  +           hale: [Object: null prototype] {
  +             npc: [Object: null prototype] {
  +               cartridge_id: 'ashmere_missing_child',
  +               cartridge_version: '0.0.31',
  +               key: 'hale',
  +               kind: 'npc'
  +             },
  +             role: 'npc'
  +           }
  +         }
  +       },
  +       'ashmere_missing_child@0.0.31:dialogue/maud_offer': [Object: null prototype] {
  +         choices: [Object: null prototype] {
  +           accept: [Object: null prototype] {
  +             accept: [Object: null prototype] {
  +               cartridge_id: 'ashmere_missing_child',
  +               cartridge_version: '0.0.31',
  +               key: 'mauds_cellar',
  +               kind: 'quest'
  +             },
  +             label: 'quest.mauds_cellar.accept',
  +             narration: 'narration.maud.accept'
  +           }
  +         },
  +         key: 'maud_offer',
  +         npc: [Object: null prototype] {
  +           cartridge_id: 'ashmere_missing_child',
  +           cartridge_version: '0.0.31',
  +           key: 'maud',
  +           kind: 'npc'
  +         },
  +         policy: [Object: null prototype] {
  +           policy_version: 1,
  +           root: [Object: null prototype] {
  +             item: [Object: null prototype] {
  +               items: [
  +                 [Object: null prototype] {
  +                   op: 'quest_state',
  +                   quest: [Object: null prototype] {
  +                     cartridge_id: 'ashmere_missing_child',
  +                     cartridge_version: '0.0.31',
  +                     key: 'mauds_cellar',
  +                     kind: 'quest'
  +                   },
  +                   state: 'active'
  +                 },
  +                 [Object: null prototype] {
  +                   op: 'quest_state',
  +                   quest: [Object: null prototype] {
  +                     cartridge_id: 'ashmere_missing_child',
  +                     cartridge_version: '0.0.31',
  +                     key: 'mauds_cellar',
  +                     kind: 'quest'
  +                   },
  +                   state: 'objectives_complete'
  +                 },
  +                 [Object: null prototype] {
  +                   op: 'quest_state',
  +                   quest: [Object: null prototype] {
  +                     cartridge_id: 'ashmere_missing_child',
  +                     cartridge_version: '0.0.31',
  +                     key: 'mauds_cellar',
  +                     kind: 'quest'
  +                   },
  +                   state: 'resolved'
  +                 },
  +                 [Object: null prototype] {
  +                   op: 'quest_state',
  +                   quest: [Object: null prototype] {
  +                     cartridge_id: 'ashmere_missing_child',
  +                     cartridge_version: '0.0.31',
  +                     key: 'mauds_cellar',
  +                     kind: 'quest'
  +                   },
  +                   state: 'failed'
  +                 },
  +                 [Object: null prototype] {
  +                   op: 'quest_state',
  +                   quest: [Object: null prototype] {
  +                     cartridge_id: 'ashmere_missing_child',
  +                     cartridge_version: '0.0.31',
  +                     key: 'mauds_cellar',
  +                     kind: 'quest'
  +                   },
  +                   state: 'abandoned'
  +                 }
  +               ],
  +               op: 'any'
  +             },
  +             op: 'not'
  +           }
  +         },
  +         prompt: 'dialogue.maud_offer.prompt',
  +         roles: [Object: null prototype] {
  +           maud: [Object: null prototype] {
  +             npc: [Object: null prototype] {
  +               cartridge_id: 'ashmere_missing_child',
  +               cartridge_version: '0.0.31',
  +               key: 'maud',
  +               kind: 'npc'
  +             },
  +             role: 'npc'
  +           }
  +         }
  +       },
  +       'ashmere_missing_child@0.0.31:dialogue/maud_turn_in': [Object: null prototype] {
  +         choices: [Object: null prototype] {
  +           done: [Object: null prototype] {
  +             label: 'dialogue.maud_turn_in.done',
  +             narration: 'narration.maud.done',
  +             receive: [Object: null prototype] {
  +               from: 'maud',
  +               item: 'key'
  +             },
  +             sequence: [
  +               [Object: null prototype] {
  +                 amount: 5,
  +                 fact: [Object: null prototype] {
  +                   cartridge_id: 'ashmere_missing_child',
  +                   cartridge_version: '0.0.31',
  +                   key: 'maud_trust',
  +                   kind: 'fact'
  +                 },
  +                 op: 'fact.adjust'
  +               },
  +               [Object: null prototype] {
  +                 fact: [Object: null prototype] {
  +                   cartridge_id: 'ashmere_missing_child',
  +                   cartridge_version: '0.0.31',
  +                   key: 'inn_cellar_cleared',
  +                   kind: 'fact'
  +                 },
  +                 op: 'fact.assign',
  +                 value: true
  +               }
  +             ]
  +           }
  +         },
  +         key: 'maud_turn_in',
  +         npc: [Object: null prototype] {
  +           cartridge_id: 'ashmere_missing_child',
  +           cartridge_version: '0.0.31',
  +           key: 'maud',
  +           kind: 'npc'
  +         },
  +         policy: [Object: null prototype] {
  +           policy_version: 1,
  +           root: [Object: null prototype] {
  +             op: 'quest_state',
  +             quest: [Object: null prototype] {
  +               cartridge_id: 'ashmere_missing_child',
  +               cartridge_version: '0.0.31',
  +               key: 'mauds_cellar',
  +               kind: 'quest'
  +             },
  +             state: 'active'
  +           }
  +         },
  +         prompt: 'dialogue.maud_turn_in.prompt',
  +         quest: [Object: null prototype] {
  +           cartridge_id: 'ashmere_missing_child',
  +           cartridge_version: '0.0.31',
  +           key: 'mauds_cellar',
  +           kind: 'quest'
  +         },
  +         roles: [Object: null prototype] {
  +           key: [Object: null prototype] {
  +             item: [Object: null prototype] {
  +               cartridge_id: 'ashmere_missing_child',
  +               cartridge_version: '0.0.31',
  +               key: 'cellar_key',
  +               kind: 'item'
  +             },
  +             role: 'item'
  +           },
  +           maud: [Object: null prototype] {
  +             npc: [Object: null prototype] {
  +               cartridge_id: 'ashmere_missing_child',
  +               cartridge_version: '0.0.31',
  +               key: 'maud',
  +               kind: 'npc'
  +             },
  +             role: 'npc'
  +           }
  +         }
  +       },
  +       'ashmere_missing_child@0.0.31:dialogue/sedge_swim': [Object: null prototype] {
  +         choices: [Object: null prototype] {
  +           learn: [Object: null prototype] {
  +             label: 'sedge.swim.choice',
  +             narration: 'sedge.swim.learned',
  +             sequence: [
  +               [Object: null prototype] {
  +                 op: 'skill.acquire',
  +                 skill: [Object: null prototype] {
  +                   cartridge_id: 'ashmere_missing_child',
  +                   cartridge_version: '0.0.31',
  +                   key: 'swim',
  +                   kind: 'skill'
  +                 }
  +               }
  +             ]
  +           }
  +         },
  +         key: 'sedge_swim',
  +         label: 'sedge.swim.choice',
  +         npc: [Object: null prototype] {
  +           cartridge_id: 'ashmere_missing_child',
  +           cartridge_version: '0.0.31',
  +           key: 'sedge',
  +           kind: 'npc'
  +         },
  +         policy: [Object: null prototype] {
  +           policy_version: 1,
  +           root: [Object: null prototype] {
  +             equals: false,
  +             fact: [Object: null prototype] {
  +               cartridge_id: 'ashmere_missing_child',
  +               cartridge_version: '0.0.31',
  +               key: 'skill_swim',
  +               kind: 'fact'
  +             },
  +             op: 'fact_compare'
  +           }
  +         },
  +         prompt: 'sedge.swim.prompt',
  +         roles: [Object: null prototype] {
  +           teacher: [Object: null prototype] {
  +             npc: [Object: null prototype] {
  +               cartridge_id: 'ashmere_missing_child',
  +               cartridge_version: '0.0.31',
  +               key: 'sedge',
  +               kind: 'npc'
  +             },
  +             role: 'npc'
  +           }
  +         }
  +       },
  +       'ashmere_missing_child@0.0.31:dialogue/tobin_dodge': [Object: null prototype] {
  +         choices: [Object: null prototype] {
  +           learn: [Object: null prototype] {
  +             label: 'tobin.dodge.choice',
  +             lesson_payment: [Object: null prototype] {
  +               amount: 2,
  +               resource: [Object: null prototype] {
  +                 cartridge_id: 'ashmere_missing_child',
  +                 cartridge_version: '0.0.31',
  +                 key: 'pennies',
  +                 kind: 'resource'
  +               },
  +               to: 'teacher'
  +             },
  +             narration: 'tobin.dodge.learned',
  +             sequence: [
  +               [Object: null prototype] {
  +                 op: 'skill.acquire',
  +                 skill: [Object: null prototype] {
  +                   cartridge_id: 'ashmere_missing_child',
  +                   cartridge_version: '0.0.31',
  +                   key: 'dodge',
  +                   kind: 'skill'
  +                 }
  +               }
  +             ]
  +           }
  +         },
  +         key: 'tobin_dodge',
  +         npc: [Object: null prototype] {
  +           cartridge_id: 'ashmere_missing_child',
  +           cartridge_version: '0.0.31',
  +           key: 'tobin',
  +           kind: 'npc'
  +         },
  +         policy: [Object: null prototype] {
  +           policy_version: 1,
  +           root: [Object: null prototype] {
  +             items: [
  +               [Object: null prototype] {
  +                 equals: true,
  +                 fact: [Object: null prototype] {
  +                   cartridge_id: 'ashmere_missing_child',
  +                   cartridge_version: '0.0.31',
  +                   key: 'skill_swords',
  +                   kind: 'fact'
  +                 },
  +                 op: 'fact_compare'
  +               },
  +               [Object: null prototype] {
  +                 equals: false,
  +                 fact: [Object: null prototype] {
  +                   cartridge_id: 'ashmere_missing_child',
  +                   cartridge_version: '0.0.31',
  +                   key: 'skill_dodge',
  +                   kind: 'fact'
  +                 },
  +                 op: 'fact_compare'
  +               }
  +             ],
  +             op: 'all'
  +           }
  +         },
  +         prompt: 'tobin.dodge.prompt',
  +         roles: [Object: null prototype] {
  +           teacher: [Object: null prototype] {
  +             npc: [Object: null prototype] {
  +               cartridge_id: 'ashmere_missing_child',
  +               cartridge_version: '0.0.31',
  +               key: 'tobin',
  +               kind: 'npc'
  +             },
  +             role: 'npc'
  +           }
  +         }
  +       },
  +       'ashmere_missing_child@0.0.31:dialogue/tobin_swords': [Object: null prototype] {
  +         choices: [Object: null prototype] {
  +           learn: [Object: null prototype] {
  +             label: 'tobin.swords.choice',
  +             lesson_payment: [Object: null prototype] {
  +               amount: 2,
  +               resource: [Object: null prototype] {
  +                 cartridge_id: 'ashmere_missing_child',
  +                 cartridge_version: '0.0.31',
  +                 key: 'pennies',
  +                 kind: 'resource'
  +               },
  +               to: 'teacher'
  +             },
  +             narration: 'tobin.swords.learned',
  +             receive: [Object: null prototype] {
  +               from: 'teacher',
  +               item: 'sword'
  +             },
  +             sequence: [
  +               [Object: null prototype] {
  +                 op: 'skill.acquire',
  +                 skill: [Object: null prototype] {
  +                   cartridge_id: 'ashmere_missing_child',
  +                   cartridge_version: '0.0.31',
  +                   key: 'swords',
  +                   kind: 'skill'
  +                 }
  +               }
  +             ]
  +           }
  +         },
  +         key: 'tobin_swords',
  +         npc: [Object: null prototype] {
  +           cartridge_id: 'ashmere_missing_child',
  +           cartridge_version: '0.0.31',
  +           key: 'tobin',
  +           kind: 'npc'
  +         },
  +         policy: [Object: null prototype] {
  +           policy_version: 1,
  +           root: [Object: null prototype] {
  +             equals: false,
  +             fact: [Object: null prototype] {
  +               cartridge_id: 'ashmere_missing_child',
  +               cartridge_version: '0.0.31',
  +               key: 'skill_swords',
  +               kind: 'fact'
  +             },
  +             op: 'fact_compare'
  +           }
  +         },
  +         prompt: 'tobin.swords.prompt',
  +         roles: [Object: null prototype] {
  +           sword: [Object: null prototype] {
  +             item: [Object: null prototype] {
  +               cartridge_id: 'ashmere_missing_child',
  +               cartridge_version: '0.0.31',
  +               key: 'rusty_sword',
  +               kind: 'item'
  +             },
  +             role: 'item'
  +           },
  +           teacher: [Object: null prototype] {
  +             npc: [Object: null prototype] {
  +               cartridge_id: 'ashmere_missing_child',
  +               cartridge_version: '0.0.31',
  +               key: 'tobin',
  +               kind: 'npc'
  +             },
  +             role: 'npc'
  +           }
  +         }
  +       },
  +       'ashmere_missing_child@0.0.31:dialogue/tobin_watch': [Object: null prototype] {
  +         choices: [Object: null prototype] {
  +           continue: [Object: null prototype] {
  +             label: 'watch.continue',
  +             narration: 'watch.departed',
  +             patrol: [Object: null prototype] {
  +               npc: 'leader',
  +               quest: [Object: null prototype] {
  +                 cartridge_id: 'ashmere_missing_child',
  +                 cartridge_version: '0.0.31',
  +                 key: 'watch_rounds',
  +                 kind: 'quest'
  +               },
  +               transition: 'continue'
  +             }
  +           },
  +           rejoin: [Object: null prototype] {
  +             label: 'watch.rejoin',
  +             narration: 'watch.rejoined',
  +             patrol: [Object: null prototype] {
  +               npc: 'leader',
  +               quest: [Object: null prototype] {
  +                 cartridge_id: 'ashmere_missing_child',
  +                 cartridge_version: '0.0.31',
  +                 key: 'watch_rounds',
  +                 kind: 'quest'
  +               },
  +               transition: 'rejoin'
  +             }
  +           },
  +           restart: [Object: null prototype] {
  +             label: 'watch.restart',
  +             narration: 'watch.restarted',
  +             patrol: [Object: null prototype] {
  +               npc: 'leader',
  +               quest: [Object: null prototype] {
  +                 cartridge_id: 'ashmere_missing_child',
  +                 cartridge_version: '0.0.31',
  +                 key: 'watch_rounds',
  +                 kind: 'quest'
  +               },
  +               transition: 'restart'
  +             }
  +           },
  +           start: [Object: null prototype] {
  +             accept: [Object: null prototype] {
  +               cartridge_id: 'ashmere_missing_child',
  +               cartridge_version: '0.0.31',
  +               key: 'watch_rounds',
  +               kind: 'quest'
  +             },
  +             label: 'watch.start',
  +             narration: 'watch.started',
  +             patrol: [Object: null prototype] {
  +               npc: 'leader',
  +               quest: [Object: null prototype] {
  +                 cartridge_id: 'ashmere_missing_child',
  +                 cartridge_version: '0.0.31',
  +                 key: 'watch_rounds',
  +                 kind: 'quest'
  +               },
  +               transition: 'start'
  +             }
  +           }
  +         },
  +         key: 'tobin_watch',
  +         label: 'watch.talk',
  +         npc: [Object: null prototype] {
  +           cartridge_id: 'ashmere_missing_child',
  +           cartridge_version: '0.0.31',
  +           key: 'tobin',
  +           kind: 'npc'
  +         },
  +         policy: [Object: null prototype] {
  +           policy_version: 1,
  +           root: [Object: null prototype] {
  +             items: [],
  +             op: 'all'
  +           }
  +         },
  +         prompt: 'watch.prompt',
  +         roles: [Object: null prototype] {
  +           leader: [Object: null prototype] {
  +             npc: [Object: null prototype] {
  +               cartridge_id: 'ashmere_missing_child',
  +               cartridge_version: '0.0.31',
  +               key: 'tobin',
  +               kind: 'npc'
  +             },
  +             role: 'npc'
  +           }
  +         }
  +       },
  +       'ashmere_missing_child@0.0.31:dialogue/vesper': [Object: null prototype] {
  +         choices: [Object: null prototype] {
  +           greet: [Object: null prototype] {
  +             label: 'dialogue.vesper.greet',
  +             narration: 'narration.vesper'
  +           }
  +         },
  +         key: 'vesper',
  +         npc: [Object: null prototype] {
  +           cartridge_id: 'ashmere_missing_child',
  +           cartridge_version: '0.0.31',
  +           key: 'vesper',
  +           kind: 'npc'
  +         },
  +         policy: [Object: null prototype] {
  +           policy_version: 1,
  +           root: [Object: null prototype] {
  +             items: [],
  +             op: 'all'
  +           }
  +         },
  +         prompt: 'dialogue.vesper.prompt',
  +         roles: [Object: null prototype] {
  +           vesper: [Object: null prototype] {
  +             npc: [Object: null prototype] {
  +               cartridge_id: 'ashmere_missing_child',
  +               cartridge_version: '0.0.31',
  +               key: 'vesper',
  +               kind: 'npc'
  +             },
  +             role: 'npc'
  +           },
  +           wren: [Object: null prototype] {
  +             npc: [Object: null prototype] {
  +               cartridge_id: 'ashmere_missing_child',
  +               cartridge_version: '0.0.31',
  +               key: 'wren',
  +               kind: 'npc'
  +             },
  +             role: 'npc'
  +           }
  +         }
  +       },
  +       'ashmere_missing_child@0.0.31:dialogue/wren': [Object: null prototype] {
  +         choices: [Object: null prototype] {
  +           greet: [Object: null prototype] {
  +             label: 'dialogue.wren.greet',
  +             narration: 'narration.wren'
  +           }
  +         },
  +         key: 'wren',
  +         npc: [Object: null prototype] {
  +           cartridge_id: 'ashmere_missing_child',
  +           cartridge_version: '0.0.31',
  +           key: 'wren',
  +           kind: 'npc'
  +         },
  +         policy: [Object: null prototype] {
  +           policy_version: 1,
  +           root: [Object: null prototype] {
  +             items: [],
  +             op: 'all'
  +           }
  +         },
  +         prompt: 'dialogue.wren.prompt',
  +         roles: [Object: null prototype] {
  +           wren: [Object: null prototype] {
  +             npc: [Object: null prototype] {
  +               cartridge_id: 'ashmere_missing_child',
  +               cartridge_version: '0.0.31',
  +               key: 'wren',
  +               kind: 'npc'
  +             },
  +             role: 'npc'
  +           }
  +         }
  +       }
  +     },
  +     entry: [Object: null prototype] {
  +       cartridge_id: 'ashmere_missing_child',
  +       cartridge_version: '0.0.31',
  +       key: 'orchard',
  +       kind: 'room'
  +     },
  +     facts: [Object: null prototype] {
  +       'ashmere_missing_child@0.0.31:fact/chapel_allegiance': [Object: null prototype] {
  +         key: 'chapel_allegiance',
  +         meaning: "The player's committed chapel allegiance; first set by Ring or Silence.",
  +         scopes: [
  +           'player'
  +         ],
  +         value_type: [Object: null prototype] {
  +           default: 'unknown',
  +           type: 'enum',
  +           values: [
  +             'unknown',
  +             'prior',
  +             'fox'
  +           ]
  +         },
  +         version: 1
  +       },
  +       'ashmere_missing_child@0.0.31:fact/chapel_bell_rung': [Object: null prototype] {
  +         key: 'chapel_bell_rung',
  +         meaning: 'The player rang the Belfry bell for the priory in the accepted Q3 action.',
  +         scopes: [
  +           'player'
  +         ],
  +         value_type: [Object: null prototype] {
  +           default: false,
  +           type: 'bool'
  +         },
  +         version: 1
  +       },
  +       'ashmere_missing_child@0.0.31:fact/dream_seen': [Object: null prototype] {
  +         key: 'dream_seen',
  +         meaning: 'Local continuity memory player.dream_seen; only the acknowledged dream end writes it.',
  +         scopes: [
  +           'player'
  +         ],
  +         value_type: [Object: null prototype] {
  +           default: false,
  +           type: 'bool'
  +         },
  +         version: 1
  +       },
  +       'ashmere_missing_child@0.0.31:fact/fen_return_branch': [Object: null prototype] {
  +         key: 'fen_return_branch',
  +         meaning: 'The player’s chosen return: Vesper’s message while Wren stays, or escorting Wren to Elspeth.',
  +         scopes: [
  +           'player'
  +         ],
  +         value_type: [Object: null prototype] {
  +           default: 'unselected',
  +           type: 'enum',
  +           values: [
  +             'unselected',
  +             'stays',
  +             'rescue'
  +           ]
  +         },
  +         version: 1
  +       },
  +       'ashmere_missing_child@0.0.31:fact/fen_tracks_found': [Object: null prototype] {
  +         key: 'fen_tracks_found',
  +         meaning: 'The player studied the Reed Bank tracks during the search for Wren.',
  +         scopes: [
  +           'player'
  +         ],
  +         value_type: [Object: null prototype] {
  +           default: false,
  +           type: 'bool'
  +         },
  +         version: 1
  +       },
  +       'ashmere_missing_child@0.0.31:fact/fen_vesper_riddle_answered': [Object: null prototype] {
  +         key: 'fen_vesper_riddle_answered',
  +         meaning: 'Vesper accepted the player’s letter-bank answer.',
  +         scopes: [
  +           'player'
  +         ],
  +         value_type: [Object: null prototype] {
  +           default: false,
  +           type: 'bool'
  +         },
  +         version: 1
  +       },
  +       'ashmere_missing_child@0.0.31:fact/fen_wisp_answered': [Object: null prototype] {
  +         key: 'fen_wisp_answered',
  +         meaning: 'The actor solved the wisp riddle.',
  +         scopes: [
  +           'player'
  +         ],
  +         value_type: [Object: null prototype] {
  +           default: false,
  +           type: 'bool'
  +         },
  +         version: 1
  +       },
  +       'ashmere_missing_child@0.0.31:fact/fen_wisp_discovered': [Object: null prototype] {
  +         key: 'fen_wisp_discovered',
  +         meaning: 'The actor found the original marsh wisp.',
  +         scopes: [
  +           'player'
  +         ],
  +         value_type: [Object: null prototype] {
  +           default: false,
  +           type: 'bool'
  +         },
  +         version: 1
  +       },
  +       'ashmere_missing_child@0.0.31:fact/fen_wren_met': [Object: null prototype] {
  +         key: 'fen_wren_met',
  +         meaning: 'The player accepted the bound meeting with Wren and Vesper.',
  +         scopes: [
  +           'player'
  +         ],
  +         value_type: [Object: null prototype] {
  +           default: false,
  +           type: 'bool'
  +         },
  +         version: 1
  +       },
  +       'ashmere_missing_child@0.0.31:fact/infirmary_contribution': [Object: null prototype] {
  +         key: 'infirmary_contribution',
  +         meaning: 'Cumulative Priory gain actually awarded by Infirmary Herbs; unrelated faction changes never reset it.',
  +         scopes: [
  +           'player'
  +         ],
  +         value_type: [Object: null prototype] {
  +           default: 0,
  +           maximum: 3,
  +           minimum: 0,
  +           type: 'int'
  +         },
  +         version: 1
  +       },
  +       'ashmere_missing_child@0.0.31:fact/inn_cellar_cleared': [Object: null prototype] {
  +         key: 'inn_cellar_cleared',
  +         meaning: 'Maud’s cellar quest has been completed.',
  +         scopes: [
  +           'instance'
  +         ],
  +         value_type: [Object: null prototype] {
  +           default: false,
  +           type: 'bool'
  +         },
  +         version: 1
  +       },
  +       'ashmere_missing_child@0.0.31:fact/lantern_bed_paid': [Object: null prototype] {
  +         key: 'lantern_bed_paid',
  +         meaning: 'The player paid Maud for the Inn Rooms bed in this lineage.',
  +         scopes: [
  +           'player'
  +         ],
  +         value_type: [Object: null prototype] {
  +           default: false,
  +           type: 'bool'
  +         },
  +         version: 1
  +       },
  +       'ashmere_missing_child@0.0.31:fact/maud_trust': [Object: null prototype] {
  +         key: 'maud_trust',
  +         meaning: 'Maud’s trust in the player.',
  +         scopes: [
  +           'player'
  +         ],
  +         value_type: [Object: null prototype] {
  +           default: 0,
  +           maximum: 100,
  +           minimum: -100,
  +           type: 'int'
  +         },
  +         version: 1
  +       },
  +       'ashmere_missing_child@0.0.31:fact/memory_chapter_1_guild_tilt': [Object: null prototype] {
  +         key: 'memory_chapter_1_guild_tilt',
  +         meaning: 'The acknowledged Green epilogue continuity value for memory.chapter_1_guild_tilt.',
  +         scopes: [
  +           'player'
  +         ],
  +         value_type: [Object: null prototype] {
  +           default: 'unreached',
  +           type: 'enum',
  +           values: [
  +             'unreached',
  +             'prior',
  +             'fox'
  +           ]
  +         },
  +         version: 1
  +       },
  +       'ashmere_missing_child@0.0.31:fact/memory_fox_fate': [Object: null prototype] {
  +         key: 'memory_fox_fate',
  +         meaning: 'The acknowledged Green epilogue continuity value for memory.fox_fate.',
  +         scopes: [
  +           'player'
  +         ],
  +         value_type: [Object: null prototype] {
  +           default: 'unreached',
  +           type: 'enum',
  +           values: [
  +             'unreached',
  +             'stilled',
  +             'free'
  +           ]
  +         },
  +         version: 1
  +       },
  +       'ashmere_missing_child@0.0.31:fact/memory_village_ending': [Object: null prototype] {
  +         key: 'memory_village_ending',
  +         meaning: 'The acknowledged Green epilogue continuity value for memory.village_ending.',
  +         scopes: [
  +           'player'
  +         ],
  +         value_type: [Object: null prototype] {
  +           default: 'unreached',
  +           type: 'enum',
  +           values: [
  +             'unreached',
  +             'rescued',
  +             'stays',
  +             'lost'
  +           ]
  +         },
  +         version: 1
  +       },
  +       'ashmere_missing_child@0.0.31:fact/peg_trust': [Object: null prototype] {
  +         key: 'peg_trust',
  +         meaning: 'Peg’s trust in the player.',
  +         scopes: [
  +           'player'
  +         ],
  +         value_type: [Object: null prototype] {
  +           default: 0,
  +           maximum: 100,
  +           minimum: -100,
  +           type: 'int'
  +         },
  +         version: 1
  +       },
  +       'ashmere_missing_child@0.0.31:fact/position': [Object: null prototype] {
  +         key: 'position',
  +         meaning: "The character's position (position@1): only its rule writes it.",
  +         scopes: [
  +           'player'
  +         ],
  +         value_type: [Object: null prototype] {
  +           default: 'standing',
  +           type: 'enum',
  +           values: [
  +             'standing',
  +             'sitting',
  +             'resting',
  +             'sleeping'
  +           ]
  +         },
  +         version: 1
  +       },
  +       'ashmere_missing_child@0.0.31:fact/priory_fen_axis': [Object: null prototype] {
  +         key: 'priory_fen_axis',
  +         meaning: 'The player’s standing between Priory and Fen.',
  +         scopes: [
  +           'player'
  +         ],
  +         value_type: [Object: null prototype] {
  +           default: 0,
  +           maximum: 10,
  +           minimum: -10,
  +           type: 'int'
  +         },
  +         version: 1
  +       },
  +       'ashmere_missing_child@0.0.31:fact/priory_tithe_delivered': [Object: null prototype] {
  +         key: 'priory_tithe_delivered',
  +         meaning: 'The outcome of the original bound tithe ledger obligation.',
  +         scopes: [
  +           'instance'
  +         ],
  +         value_type: [Object: null prototype] {
  +           default: 'unoffered',
  +           type: 'enum',
  +           values: [
  +             'unoffered',
  +             'pending',
  +             'on_time',
  +             'late',
  +             'never'
  +           ]
  +         },
  +         version: 1
  +       },
  +       'ashmere_missing_child@0.0.31:fact/rat_1_killed': [Object: null prototype] {
  +         key: 'rat_1_killed',
  +         meaning: 'The player defeated the authored cellar rat 1 in the lantern cellar.',
  +         scopes: [
  +           'player'
  +         ],
  +         value_type: [Object: null prototype] {
  +           default: false,
  +           type: 'bool'
  +         },
  +         version: 1
  +       },
  +       'ashmere_missing_child@0.0.31:fact/rat_2_killed': [Object: null prototype] {
  +         key: 'rat_2_killed',
  +         meaning: 'The player defeated the authored cellar rat 2 in the lantern cellar.',
  +         scopes: [
  +           'player'
  +         ],
  +         value_type: [Object: null prototype] {
  +           default: false,
  +           type: 'bool'
  +         },
  +         version: 1
  +       },
  +       'ashmere_missing_child@0.0.31:fact/rat_3_killed': [Object: null prototype] {
  +         key: 'rat_3_killed',
  +         meaning: 'The player defeated the authored cellar rat 3 in the lantern cellar.',
  +         scopes: [
  +           'player'
  +         ],
  +         value_type: [Object: null prototype] {
  +           default: false,
  +           type: 'bool'
  +         },
  +         version: 1
  +       },
  +       'ashmere_missing_child@0.0.31:fact/rat_4_killed': [Object: null prototype] {
  +         key: 'rat_4_killed',
  +         meaning: 'The player defeated the authored cellar rat 4 in the lantern cellar.',
  +         scopes: [
  +           'player'
  +         ],
  +         value_type: [Object: null prototype] {
  +           default: false,
  +           type: 'bool'
  +         },
  +         version: 1
  +       },
  +       'ashmere_missing_child@0.0.31:fact/rat_5_killed': [Object: null prototype] {
  +         key: 'rat_5_killed',
  +         meaning: 'The player defeated the authored cellar rat 5 in the lantern cellar.',
  +         scopes: [
  +           'player'
  +         ],
  +         value_type: [Object: null prototype] {
  +           default: false,
  +           type: 'bool'
  +         },
  +         version: 1
  +       },
  +       'ashmere_missing_child@0.0.31:fact/scene_bell_rung': [Object: null prototype] {
  +         key: 'scene_bell_rung',
  +         meaning: "Scene bell_rung's line (scene@1): 0 not started, 1..n shown, -1 ended; only scene@1 writes it.",
  +         scopes: [
  +           'player'
  +         ],
  +         value_type: [Object: null prototype] {
  +           default: 0,
  +           maximum: 3,
  +           minimum: -1,
  +           type: 'int'
  +         },
  +         version: 1
  +       },
  +       'ashmere_missing_child@0.0.31:fact/scene_bell_silenced': [Object: null prototype] {
  +         key: 'scene_bell_silenced',
  +         meaning: "Scene bell_silenced's line (scene@1): 0 not started, 1..n shown, -1 ended; only scene@1 writes it.",
  +         scopes: [
  +           'player'
  +         ],
  +         value_type: [Object: null prototype] {
  +           default: 0,
  +           maximum: 2,
  +           minimum: -1,
  +           type: 'int'
  +         },
  +         version: 1
  +       },
  +       'ashmere_missing_child@0.0.31:fact/scene_dream_of_the_fen': [Object: null prototype] {
  +         key: 'scene_dream_of_the_fen',
  +         meaning: "Scene dream_of_the_fen's line (scene@1): 0 not started, 1..n shown, -1 ended; only scene@1 writes it.",
  +         scopes: [
  +           'player'
  +         ],
  +         value_type: [Object: null prototype] {
  +           default: 0,
  +           maximum: 5,
  +           minimum: -1,
  +           type: 'int'
  +         },
  +         version: 1
  +       },
  +       'ashmere_missing_child@0.0.31:fact/scene_epilogue_lost_prior': [Object: null prototype] {
  +         key: 'scene_epilogue_lost_prior',
  +         meaning: "Scene epilogue_lost_prior's line (scene@1): 0 not started, 1..n shown, -1 ended; only scene@1 writes it.",
  +         scopes: [
  +           'player'
  +         ],
  +         value_type: [Object: null prototype] {
  +           default: 0,
  +           maximum: 3,
  +           minimum: -1,
  +           type: 'int'
  +         },
  +         version: 1
  +       },
  +       'ashmere_missing_child@0.0.31:fact/scene_epilogue_rescued_fox': [Object: null prototype] {
  +         key: 'scene_epilogue_rescued_fox',
  +         meaning: "Scene epilogue_rescued_fox's line (scene@1): 0 not started, 1..n shown, -1 ended; only scene@1 writes it.",
  +         scopes: [
  +           'player'
  +         ],
  +         value_type: [Object: null prototype] {
  +           default: 0,
  +           maximum: 3,
  +           minimum: -1,
  +           type: 'int'
  +         },
  +         version: 1
  +       },
  +       'ashmere_missing_child@0.0.31:fact/scene_epilogue_rescued_prior': [Object: null prototype] {
  +         key: 'scene_epilogue_rescued_prior',
  +         meaning: "Scene epilogue_rescued_prior's line (scene@1): 0 not started, 1..n shown, -1 ended; only scene@1 writes it.",
  +         scopes: [
  +           'player'
  +         ],
  +         value_type: [Object: null prototype] {
  +           default: 0,
  +           maximum: 3,
  +           minimum: -1,
  +           type: 'int'
  +         },
  +         version: 1
  +       },
  +       'ashmere_missing_child@0.0.31:fact/scene_epilogue_stays_fox': [Object: null prototype] {
  +         key: 'scene_epilogue_stays_fox',
  +         meaning: "Scene epilogue_stays_fox's line (scene@1): 0 not started, 1..n shown, -1 ended; only scene@1 writes it.",
  +         scopes: [
  +           'player'
  +         ],
  +         value_type: [Object: null prototype] {
  +           default: 0,
  +           maximum: 3,
  +           minimum: -1,
  +           type: 'int'
  +         },
  +         version: 1
  +       },
  +       'ashmere_missing_child@0.0.31:fact/scene_epilogue_stays_prior': [Object: null prototype] {
  +         key: 'scene_epilogue_stays_prior',
  +         meaning: "Scene epilogue_stays_prior's line (scene@1): 0 not started, 1..n shown, -1 ended; only scene@1 writes it.",
  +         scopes: [
  +           'player'
  +         ],
  +         value_type: [Object: null prototype] {
  +           default: 0,
  +           maximum: 3,
  +           minimum: -1,
  +           type: 'int'
  +         },
  +         version: 1
  +       },
  +       'ashmere_missing_child@0.0.31:fact/skill_dodge': [Object: null prototype] {
  +         key: 'skill_dodge',
  +         meaning: "Skill dodge's acquisition (skills@1): only skills@1 writes it.",
  +         scopes: [
  +           'player'
  +         ],
  +         value_type: [Object: null prototype] {
  +           default: false,
  +           type: 'bool'
  +         },
  +         version: 1
  +       },
  +       'ashmere_missing_child@0.0.31:fact/skill_swim': [Object: null prototype] {
  +         key: 'skill_swim',
  +         meaning: "Skill swim's acquisition (skills@1): only skills@1 writes it.",
  +         scopes: [
  +           'player'
  +         ],
  +         value_type: [Object: null prototype] {
  +           default: false,
  +           type: 'bool'
  +         },
  +         version: 1
  +       },
  +       'ashmere_missing_child@0.0.31:fact/skill_swords': [Object: null prototype] {
  +         key: 'skill_swords',
  +         meaning: "Skill swords's acquisition (skills@1): only skills@1 writes it.",
  +         scopes: [
  +           'player'
  +         ],
  +         value_type: [Object: null prototype] {
  +           default: false,
  +           type: 'bool'
  +         },
  +         version: 1
  +       },
  +       'ashmere_missing_child@0.0.31:fact/slept_at_lantern': [Object: null prototype] {
  +         key: 'slept_at_lantern',
  +         meaning: 'First actual paid Lantern Rest; only its declared Rest reaction grants this credit.',
  +         scopes: [
  +           'player'
  +         ],
  +         value_type: [Object: null prototype] {
  +           default: false,
  +           type: 'bool'
  +         },
  +         version: 1
  +       },
  +       'ashmere_missing_child@0.0.31:fact/story_point_prologue_completed': [Object: null prototype] {
  +         key: 'story_point_prologue_completed',
  +         meaning: "Story point prologue_completed's reached outcome (scene@1): only scene@1 writes it.",
  +         scopes: [
  +           'player'
  +         ],
  +         value_type: [Object: null prototype] {
  +           default: 'unreached',
  +           type: 'enum',
  +           values: [
  +             'unreached',
  +             'lost_prior',
  +             'rescued_fox',
  +             'rescued_prior',
  +             'stays_fox',
  +             'stays_prior'
  +           ]
  +         },
  +         version: 1
  +       },
  +       'ashmere_missing_child@0.0.31:fact/topic_bell_known': [Object: null prototype] {
  +         key: 'topic_bell_known',
  +         meaning: 'The player deliberately read Bell Rites while lawfully holding its original book.',
  +         scopes: [
  +           'player'
  +         ],
  +         value_type: [Object: null prototype] {
  +           default: false,
  +           type: 'bool'
  +         },
  +         version: 1
  +       },
  +       'ashmere_missing_child@0.0.31:fact/topic_ward_known': [Object: null prototype] {
  +         key: 'topic_ward_known',
  +         meaning: 'The actor learned the ward topic.',
  +         scopes: [
  +           'player'
  +         ],
  +         value_type: [Object: null prototype] {
  +           default: false,
  +           type: 'bool'
  +         },
  +         version: 1
  +       },
  +       'ashmere_missing_child@0.0.31:fact/village_child_status': [Object: null prototype] {
  +         key: 'village_child_status',
  +         meaning: 'The committed outcome of the search for Wren.',
  +         scopes: [
  +           'instance'
  +         ],
  +         value_type: [Object: null prototype] {
  +           default: 'missing',
  +           type: 'enum',
  +           values: [
  +             'missing',
  +             'rescued',
  +             'stays',
  +             'lost'
  +           ]
  +         },
  +         version: 1
  +       },
  +       'ashmere_missing_child@0.0.31:fact/watch_gate_trusts_player': [Object: null prototype] {
  +         key: 'watch_gate_trusts_player',
  +         meaning: 'Watch recognition: only successful patrol completion writes it.',
  +         scopes: [
  +           'player'
  +         ],
  +         value_type: [Object: null prototype] {
  +           default: false,
  +           type: 'bool'
  +         },
  +         version: 1
  +       }
  +     },
  +     format: 'loka-cartridge-v2',
  +     items: [Object: null prototype] {
  +       'ashmere_missing_child@0.0.31:item/apple_01': [Object: null prototype] {
  +         description: 'item.apple.description',
  +         edible: [Object: null prototype] {
  +           amount: 6,
  +           label: 'action.eat',
  +           narration: 'narration.eat_apple',
  +           resource: [Object: null prototype] {
  +             cartridge_id: 'ashmere_missing_child',
  +             cartridge_version: '0.0.31',
  +             key: 'mv',
  +             kind: 'resource'
  +           }
  +         },
  +         key: 'apple_01',
  +         keywords: [
  +           'apple',
  +           'apple_01'
  +         ],
  +         location: [Object: null prototype] {
  +           in: 'room',
  +           room: [Object: null prototype] {
  +             cartridge_id: 'ashmere_missing_child',
  +             cartridge_version: '0.0.31',
  +             key: 'orchard',
  +             kind: 'room'
  +           }
  +         },
  +         mass_grams: 100,
  +         room_line: 'item.apple_01.room',
  +         short: 'item.apple.short'
  +       },
  +       'ashmere_missing_child@0.0.31:item/apple_02': [Object: null prototype] {
  +         description: 'item.apple.description',
  +         edible: [Object: null prototype] {
  +           amount: 6,
  +           label: 'action.eat',
  +           narration: 'narration.eat_apple',
  +           resource: [Object: null prototype] {
  +             cartridge_id: 'ashmere_missing_child',
  +             cartridge_version: '0.0.31',
  +             key: 'mv',
  +             kind: 'resource'
  +           }
  +         },
  +         key: 'apple_02',
  +         keywords: [
  +           'apple',
  +           'apple_02'
  +         ],
  +         location: [Object: null prototype] {
  +           in: 'room',
  +           room: [Object: null prototype] {
  +             cartridge_id: 'ashmere_missing_child',
  +             cartridge_version: '0.0.31',
  +             key: 'orchard',
  +             kind: 'room'
  +           }
  +         },
  +         mass_grams: 100,
  +         room_line: 'item.apple_02.room',
  +         short: 'item.apple.short'
  +       },
  +       'ashmere_missing_child@0.0.31:item/apple_03': [Object: null prototype] {
  +         description: 'item.apple.description',
  +         edible: [Object: null prototype] {
  +           amount: 6,
  +           label: 'action.eat',
  +           narration: 'narration.eat_apple',
  +           resource: [Object: null prototype] {
  +             cartridge_id: 'ashmere_missing_child',
  +             cartridge_version: '0.0.31',
  +             key: 'mv',
  +             kind: 'resource'
  +           }
  +         },
  +         key: 'apple_03',
  +         keywords: [
  +           'apple',
  +           'apple_03'
  +         ],
  +         location: [Object: null prototype] {
  +           in: 'room',
  +           room: [Object: null prototype] {
  +             cartridge_id: 'ashmere_missing_child',
  +             cartridge_version: '0.0.31',
  +             key: 'orchard',
  +             kind: 'room'
  +           }
  +         },
  +         mass_grams: 100,
  +         room_line: 'item.apple_03.room',
  +         short: 'item.apple.short'
  +       },
  +       'ashmere_missing_child@0.0.31:item/bandage_01': [Object: null prototype] {
  +         description: 'item.bandage.description',
  +         key: 'bandage_01',
  +         keywords: [
  +           'bandage',
  +           'bandage_01'
  +         ],
  +         location: [Object: null prototype] {
  +           in: 'npc',
  +           npc: [Object: null prototype] {
  +             cartridge_id: 'ashmere_missing_child',
  +             cartridge_version: '0.0.31',
  +             key: 'wick',
  +             kind: 'npc'
  +           }
  +         },
  +         mass_grams: 10,
  +         room_line: 'item.bandage.room',
  +         short: 'item.bandage.short'
  +       },
  +       'ashmere_missing_child@0.0.31:item/bandage_02': [Object: null prototype] {
  +         description: 'item.bandage.description',
  +         key: 'bandage_02',
  +         keywords: [
  +           'bandage',
  +           'bandage_02'
  +         ],
  +         location: [Object: null prototype] {
  +           in: 'npc',
  +           npc: [Object: null prototype] {
  +             cartridge_id: 'ashmere_missing_child',
  +             cartridge_version: '0.0.31',
  +             key: 'wick',
  +             kind: 'npc'
  +           }
  +         },
  +         mass_grams: 10,
  +         room_line: 'item.bandage.room',
  +         short: 'item.bandage.short'
  +       },
  +       'ashmere_missing_child@0.0.31:item/bandage_03': [Object: null prototype] {
  +         description: 'item.bandage.description',
  +         key: 'bandage_03',
  +         keywords: [
  +           'bandage',
  +           'bandage_03'
  +         ],
  +         location: [Object: null prototype] {
  +           in: 'npc',
  +           npc: [Object: null prototype] {
  +             cartridge_id: 'ashmere_missing_child',
  +             cartridge_version: '0.0.31',
  +             key: 'wick',
  +             kind: 'npc'
  +           }
  +         },
  +         mass_grams: 10,
  +         room_line: 'item.bandage.room',
  +         short: 'item.bandage.short'
  +       },
  +       'ashmere_missing_child@0.0.31:item/bandage_04': [Object: null prototype] {
  +         description: 'item.bandage.description',
  +         key: 'bandage_04',
  +         keywords: [
  +           'bandage',
  +           'bandage_04'
  +         ],
  +         location: [Object: null prototype] {
  +           in: 'npc',
  +           npc: [Object: null prototype] {
  +             cartridge_id: 'ashmere_missing_child',
  +             cartridge_version: '0.0.31',
  +             key: 'wick',
  +             kind: 'npc'
  +           }
  +         },
  +         mass_grams: 10,
  +         room_line: 'item.bandage.room',
  +         short: 'item.bandage.short'
  +       },
  +       'ashmere_missing_child@0.0.31:item/bandage_05': [Object: null prototype] {
  +         description: 'item.bandage.description',
  +         key: 'bandage_05',
  +         keywords: [
  +           'bandage',
  +           'bandage_05'
  +         ],
  +         location: [Object: null prototype] {
  +           in: 'npc',
  +           npc: [Object: null prototype] {
  +             cartridge_id: 'ashmere_missing_child',
  +             cartridge_version: '0.0.31',
  +             key: 'wick',
  +             kind: 'npc'
  +           }
  +         },
  +         mass_grams: 10,
  +         room_line: 'item.bandage.room',
  +         short: 'item.bandage.short'
  +       },
  +       'ashmere_missing_child@0.0.31:item/bandage_06': [Object: null prototype] {
  +         description: 'item.bandage.description',
  +         key: 'bandage_06',
  +         keywords: [
  +           'bandage',
  +           'bandage_06'
  +         ],
  +         location: [Object: null prototype] {
  +           in: 'npc',
  +           npc: [Object: null prototype] {
  +             cartridge_id: 'ashmere_missing_child',
  +             cartridge_version: '0.0.31',
  +             key: 'wick',
  +             kind: 'npc'
  +           }
  +         },
  +         mass_grams: 10,
  +         room_line: 'item.bandage.room',
  +         short: 'item.bandage.short'
  +       },
  +       'ashmere_missing_child@0.0.31:item/bandage_07': [Object: null prototype] {
  +         description: 'item.bandage.description',
  +         key: 'bandage_07',
  +         keywords: [
  +           'bandage',
  +           'bandage_07'
  +         ],
  +         location: [Object: null prototype] {
  +           in: 'npc',
  +           npc: [Object: null prototype] {
  +             cartridge_id: 'ashmere_missing_child',
  +             cartridge_version: '0.0.31',
  +             key: 'wick',
  +             kind: 'npc'
  +           }
  +         },
  +         mass_grams: 10,
  +         room_line: 'item.bandage.room',
  +         short: 'item.bandage.short'
  +       },
  +       'ashmere_missing_child@0.0.31:item/bandage_08': [Object: null prototype] {
  +         description: 'item.bandage.description',
  +         key: 'bandage_08',
  +         keywords: [
  +           'bandage',
  +           'bandage_08'
  +         ],
  +         location: [Object: null prototype] {
  +           in: 'npc',
  +           npc: [Object: null prototype] {
  +             cartridge_id: 'ashmere_missing_child',
  +             cartridge_version: '0.0.31',
  +             key: 'wick',
  +             kind: 'npc'
  +           }
  +         },
  +         mass_grams: 10,
  +         room_line: 'item.bandage.room',
  +         short: 'item.bandage.short'
  +       },
  +       'ashmere_missing_child@0.0.31:item/bandage_09': [Object: null prototype] {
  +         description: 'item.bandage.description',
  +         key: 'bandage_09',
  +         keywords: [
  +           'bandage',
  +           'bandage_09'
  +         ],
  +         location: [Object: null prototype] {
  +           in: 'npc',
  +           npc: [Object: null prototype] {
  +             cartridge_id: 'ashmere_missing_child',
  +             cartridge_version: '0.0.31',
  +             key: 'wick',
  +             kind: 'npc'
  +           }
  +         },
  +         mass_grams: 10,
  +         room_line: 'item.bandage.room',
  +         short: 'item.bandage.short'
  +       },
  +       'ashmere_missing_child@0.0.31:item/bandage_10': [Object: null prototype] {
  +         description: 'item.bandage.description',
  +         key: 'bandage_10',
  +         keywords: [
  +           'bandage',
  +           'bandage_10'
  +         ],
  +         location: [Object: null prototype] {
  +           in: 'npc',
  +           npc: [Object: null prototype] {
  +             cartridge_id: 'ashmere_missing_child',
  +             cartridge_version: '0.0.31',
  +             key: 'wick',
  +             kind: 'npc'
  +           }
  +         },
  +         mass_grams: 10,
  +         room_line: 'item.bandage.room',
  +         short: 'item.bandage.short'
  +       },
  +       'ashmere_missing_child@0.0.31:item/bandage_11': [Object: null prototype] {
  +         description: 'item.bandage.description',
  +         key: 'bandage_11',
  +         keywords: [
  +           'bandage',
  +           'bandage_11'
  +         ],
  +         location: [Object: null prototype] {
  +           in: 'npc',
  +           npc: [Object: null prototype] {
  +             cartridge_id: 'ashmere_missing_child',
  +             cartridge_version: '0.0.31',
  +             key: 'wick',
  +             kind: 'npc'
  +           }
  +         },
  +         mass_grams: 10,
  +         room_line: 'item.bandage.room',
  +         short: 'item.bandage.short'
  +       },
  +       'ashmere_missing_child@0.0.31:item/bandage_12': [Object: null prototype] {
  +         description: 'item.bandage.description',
  +         key: 'bandage_12',
  +         keywords: [
  +           'bandage',
  +           'bandage_12'
  +         ],
  +         location: [Object: null prototype] {
  +           in: 'npc',
  +           npc: [Object: null prototype] {
  +             cartridge_id: 'ashmere_missing_child',
  +             cartridge_version: '0.0.31',
  +             key: 'wick',
  +             kind: 'npc'
  +           }
  +         },
  +         mass_grams: 10,
  +         room_line: 'item.bandage.room',
  +         short: 'item.bandage.short'
  +       },
  +       'ashmere_missing_child@0.0.31:item/bell_rites': [Object: null prototype] {
  +         description: 'item.bell_rites.description',
  +         key: 'bell_rites',
  +         keywords: [
  +           'bell_rites',
  +           'book'
  +         ],
  +         location: [Object: null prototype] {
  +           in: 'room',
  +           room: [Object: null prototype] {
  +             cartridge_id: 'ashmere_missing_child',
  +             cartridge_version: '0.0.31',
  +             key: 'scriptorium',
  +             kind: 'room'
  +           }
  +         },
  +         mass_grams: 100,
  +         readable: [Object: null prototype] {
  +           label: 'actions.read_book',
  +           text: 'readable.bell_rites',
  +           topic: [Object: null prototype] {
  +             cartridge_id: 'ashmere_missing_child',
  +             cartridge_version: '0.0.31',
  +             key: 'bell',
  +             kind: 'topic'
  +           }
  +         },
  +         room_line: 'item.bell_rites.room',
  +         short: 'item.bell_rites.short'
  +       },
  +       'ashmere_missing_child@0.0.31:item/brass_key': [Object: null prototype] {
  +         description: 'item.brass_key.description',
  +         key: 'brass_key',
  +         keywords: [
  +           'key',
  +           'brass_key'
  +         ],
  +         location: [Object: null prototype] {
  +           in: 'room',
  +           room: [Object: null prototype] {
  +             cartridge_id: 'ashmere_missing_child',
  +             cartridge_version: '0.0.31',
  +             key: 'inn_rooms',
  +             kind: 'room'
  +           }
  +         },
  +         mass_grams: 100,
  +         room_line: 'item.brass_key.room',
  +         short: 'item.brass_key.short'
  +       },
  +       'ashmere_missing_child@0.0.31:item/cellar_key': [Object: null prototype] {
  +         description: 'item.cellar_key.description',
  +         key: 'cellar_key',
  +         keywords: [
  +           'key',
  +           'storage_key',
  +           'cellar_key'
  +         ],
  +         location: [Object: null prototype] {
  +           in: 'npc',
  +           npc: [Object: null prototype] {
  +             cartridge_id: 'ashmere_missing_child',
  +             cartridge_version: '0.0.31',
  +             key: 'maud',
  +             kind: 'npc'
  +           }
  +         },
  +         mass_grams: 100,
  +         room_line: 'item.cellar_key.room',
  +         short: 'item.cellar_key.short'
  +       },
  +       'ashmere_missing_child@0.0.31:item/fenwort_01': [Object: null prototype] {
  +         description: 'item.fenwort.description',
  +         key: 'fenwort_01',
  +         keywords: [
  +           'fenwort',
  +           'fenwort_01'
  +         ],
  +         location: [Object: null prototype] {
  +           in: 'room',
  +           room: [Object: null prototype] {
  +             cartridge_id: 'ashmere_missing_child',
  +             cartridge_version: '0.0.31',
  +             key: 'willow_shade',
  +             kind: 'room'
  +           }
  +         },
  +         mass_grams: 20,
  +         room_line: 'item.fenwort.room',
  +         short: 'item.fenwort.short'
  +       },
  +       'ashmere_missing_child@0.0.31:item/fenwort_02': [Object: null prototype] {
  +         description: 'item.fenwort.description',
  +         key: 'fenwort_02',
  +         keywords: [
  +           'fenwort',
  +           'fenwort_02'
  +         ],
  +         location: [Object: null prototype] {
  +           in: 'room',
  +           room: [Object: null prototype] {
  +             cartridge_id: 'ashmere_missing_child',
  +             cartridge_version: '0.0.31',
  +             key: 'willow_shade',
  +             kind: 'room'
  +           }
  +         },
  +         mass_grams: 20,
  +         room_line: 'item.fenwort.room',
  +         short: 'item.fenwort.short'
  +       },
  +       'ashmere_missing_child@0.0.31:item/fenwort_03': [Object: null prototype] {
  +         description: 'item.fenwort.description',
  +         key: 'fenwort_03',
  +         keywords: [
  +           'fenwort',
  +           'fenwort_03'
  +         ],
  +         location: [Object: null prototype] {
  +           in: 'room',
  +           room: [Object: null prototype] {
  +             cartridge_id: 'ashmere_missing_child',
  +             cartridge_version: '0.0.31',
  +             key: 'willow_shade',
  +             kind: 'room'
  +           }
  +         },
  +         mass_grams: 20,
  +         room_line: 'item.fenwort.room',
  +         short: 'item.fenwort.short'
  +       },
  +       'ashmere_missing_child@0.0.31:item/fenwort_04': [Object: null prototype] {
  +         description: 'item.fenwort.description',
  +         key: 'fenwort_04',
  +         keywords: [
  +           'fenwort',
  +           'fenwort_04'
  +         ],
  +         location: [Object: null prototype] {
  +           in: 'room',
  +           room: [Object: null prototype] {
  +             cartridge_id: 'ashmere_missing_child',
  +             cartridge_version: '0.0.31',
  +             key: 'willow_shade',
  +             kind: 'room'
  +           }
  +         },
  +         mass_grams: 20,
  +         room_line: 'item.fenwort.room',
  +         short: 'item.fenwort.short'
  +       },
  +       'ashmere_missing_child@0.0.31:item/fenwort_05': [Object: null prototype] {
  +         description: 'item.fenwort.description',
  +         key: 'fenwort_05',
  +         keywords: [
  +           'fenwort',
  +           'fenwort_05'
  +         ],
  +         location: [Object: null prototype] {
  +           in: 'room',
  +           room: [Object: null prototype] {
  +             cartridge_id: 'ashmere_missing_child',
  +             cartridge_version: '0.0.31',
  +             key: 'willow_shade',
  +             kind: 'room'
  +           }
  +         },
  +         mass_grams: 20,
  +         room_line: 'item.fenwort.room',
  +         short: 'item.fenwort.short'
  +       },
  +       'ashmere_missing_child@0.0.31:item/fenwort_06': [Object: null prototype] {
  +         description: 'item.fenwort.description',
  +         key: 'fenwort_06',
  +         keywords: [
  +           'fenwort',
  +           'fenwort_06'
  +         ],
  +         location: [Object: null prototype] {
  +           in: 'room',
  +           room: [Object: null prototype] {
  +             cartridge_id: 'ashmere_missing_child',
  +             cartridge_version: '0.0.31',
  +             key: 'willow_shade',
  +             kind: 'room'
  +           }
  +         },
  +         mass_grams: 20,
  +         room_line: 'item.fenwort.room',
  +         short: 'item.fenwort.short'
  +       },
  +       'ashmere_missing_child@0.0.31:item/fenwort_07': [Object: null prototype] {
  +         description: 'item.fenwort.description',
  +         key: 'fenwort_07',
  +         keywords: [
  +           'fenwort',
  +           'fenwort_07'
  +         ],
  +         location: [Object: null prototype] {
  +           in: 'room',
  +           room: [Object: null prototype] {
  +             cartridge_id: 'ashmere_missing_child',
  +             cartridge_version: '0.0.31',
  +             key: 'willow_shade',
  +             kind: 'room'
  +           }
  +         },
  +         mass_grams: 20,
  +         room_line: 'item.fenwort.room',
  +         short: 'item.fenwort.short'
  +       },
  +       'ashmere_missing_child@0.0.31:item/fenwort_08': [Object: null prototype] {
  +         description: 'item.fenwort.description',
  +         key: 'fenwort_08',
  +         keywords: [
  +           'fenwort',
  +           'fenwort_08'
  +         ],
  +         location: [Object: null prototype] {
  +           in: 'room',
  +           room: [Object: null prototype] {
  +             cartridge_id: 'ashmere_missing_child',
  +             cartridge_version: '0.0.31',
  +             key: 'willow_shade',
  +             kind: 'room'
  +           }
  +         },
  +         mass_grams: 20,
  +         room_line: 'item.fenwort.room',
  +         short: 'item.fenwort.short'
  +       },
  +       'ashmere_missing_child@0.0.31:item/fenwort_09': [Object: null prototype] {
  +         description: 'item.fenwort.description',
  +         key: 'fenwort_09',
  +         keywords: [
  +           'fenwort',
  +           'fenwort_09'
  +         ],
  +         location: [Object: null prototype] {
  +           in: 'room',
  +           room: [Object: null prototype] {
  +             cartridge_id: 'ashmere_missing_child',
  +             cartridge_version: '0.0.31',
  +             key: 'willow_shade',
  +             kind: 'room'
  +           }
  +         },
  +         mass_grams: 20,
  +         room_line: 'item.fenwort.room',
  +         short: 'item.fenwort.short'
  +       },
  +       'ashmere_missing_child@0.0.31:item/fenwort_10': [Object: null prototype] {
  +         description: 'item.fenwort.description',
  +         key: 'fenwort_10',
  +         keywords: [
  +           'fenwort',
  +           'fenwort_10'
  +         ],
  +         location: [Object: null prototype] {
  +           in: 'room',
  +           room: [Object: null prototype] {
  +             cartridge_id: 'ashmere_missing_child',
  +             cartridge_version: '0.0.31',
  +             key: 'willow_shade',
  +             kind: 'room'
  +           }
  +         },
  +         mass_grams: 20,
  +         room_line: 'item.fenwort.room',
  +         short: 'item.fenwort.short'
  +       },
  +       'ashmere_missing_child@0.0.31:item/fenwort_11': [Object: null prototype] {
  +         description: 'item.fenwort.description',
  +         key: 'fenwort_11',
  +         keywords: [
  +           'fenwort',
  +           'fenwort_11'
  +         ],
  +         location: [Object: null prototype] {
  +           in: 'room',
  +           room: [Object: null prototype] {
  +             cartridge_id: 'ashmere_missing_child',
  +             cartridge_version: '0.0.31',
  +             key: 'willow_shade',
  +             kind: 'room'
  +           }
  +         },
  +         mass_grams: 20,
  +         room_line: 'item.fenwort.room',
  +         short: 'item.fenwort.short'
  +       },
  +       'ashmere_missing_child@0.0.31:item/fenwort_12': [Object: null prototype] {
  +         description: 'item.fenwort.description',
  +         key: 'fenwort_12',
  +         keywords: [
  +           'fenwort',
  +           'fenwort_12'
  +         ],
  +         location: [Object: null prototype] {
  +           in: 'room',
  +           room: [Object: null prototype] {
  +             cartridge_id: 'ashmere_missing_child',
  +             cartridge_version: '0.0.31',
  +             key: 'willow_shade',
  +             kind: 'room'
  +           }
  +         },
  +         mass_grams: 20,
  +         room_line: 'item.fenwort.room',
  +         short: 'item.fenwort.short'
  +       },
  +       'ashmere_missing_child@0.0.31:item/fox_drawing': [Object: null prototype] {
  +         description: 'item.fox_drawing.description',
  +         key: 'fox_drawing',
  +         keywords: [
  +           'drawing',
  +           'fox_drawing'
  +         ],
  +         location: [Object: null prototype] {
  +           in: 'room',
  +           room: [Object: null prototype] {
  +             cartridge_id: 'ashmere_missing_child',
  +             cartridge_version: '0.0.31',
  +             key: 'village_green',
  +             kind: 'room'
  +           }
  +         },
  +         mass_grams: 20,
  +         room_line: 'item.fox_drawing.room',
  +         short: 'item.fox_drawing.short'
  +       },
  +       'ashmere_missing_child@0.0.31:item/hound_corpse': [Object: null prototype] {
  +         container: true,
  +         description: 'item.hound_corpse.description',
  +         key: 'hound_corpse',
  +         keywords: [
  +           'corpse',
  +           'hound_corpse'
  +         ],
  +         location: [Object: null prototype] {
  +           in: 'template'
  +         },
  +         mass_grams: 0,
  +         room_line: 'item.hound_corpse.room',
  +         short: 'item.hound_corpse.short'
  +       },
  +       'ashmere_missing_child@0.0.31:item/hound_pelt': [Object: null prototype] {
  +         description: 'item.hound_pelt.description',
  +         key: 'hound_pelt',
  +         keywords: [
  +           'pelt',
  +           'hound_pelt'
  +         ],
  +         location: [Object: null prototype] {
  +           in: 'template'
  +         },
  +         mass_grams: 250,
  +         room_line: 'item.hound_pelt.room',
  +         short: 'item.hound_pelt.short'
  +       },
  +       'ashmere_missing_child@0.0.31:item/iron_sword': [Object: null prototype] {
  +         description: 'item.iron_sword.description',
  +         key: 'iron_sword',
  +         keywords: [
  +           'iron_sword',
  +           'sword'
  +         ],
  +         location: [Object: null prototype] {
  +           in: 'npc',
  +           npc: [Object: null prototype] {
  +             cartridge_id: 'ashmere_missing_child',
  +             cartridge_version: '0.0.31',
  +             key: 'peg',
  +             kind: 'npc'
  +           }
  +         },
  +         mass_grams: 600,
  +         room_line: 'item.iron_sword.room',
  +         short: 'item.iron_sword.short',
  +         slot: 'wield',
  +         weapon: [Object: null prototype] {
  +           attack: [Object: null prototype] {
  +             chance: 95,
  +             damage_max: 4,
  +             damage_min: 4
  +           },
  +           skill: [Object: null prototype] {
  +             cartridge_id: 'ashmere_missing_child',
  +             cartridge_version: '0.0.31',
  +             key: 'swords',
  +             kind: 'skill'
  +           }
  +         }
  +       },
  +       'ashmere_missing_child@0.0.31:item/lamp_oil': [Object: null prototype] {
  +         description: 'item.lamp_oil.description',
  +         fuel: [Object: null prototype] {
  +           capacity: 7200,
  +           initial: 7200,
  +           kind: 'supply',
  +           unit: 'oil'
  +         },
  +         key: 'lamp_oil',
  +         keywords: [
  +           'lamp_oil',
  +           'oil'
  +         ],
  +         location: [Object: null prototype] {
  +           in: 'npc',
  +           npc: [Object: null prototype] {
  +             cartridge_id: 'ashmere_missing_child',
  +             cartridge_version: '0.0.31',
  +             key: 'peg',
  +             kind: 'npc'
  +           }
  +         },
  +         mass_grams: 200,
  +         room_line: 'item.lamp_oil.room',
  +         short: 'item.lamp_oil.short'
  +       },
  +       'ashmere_missing_child@0.0.31:item/lantern_ale_cask': [Object: null prototype] {
  +         description: 'item.ale_cask.description',
  +         key: 'lantern_ale_cask',
  +         keywords: [
  +           'cask',
  +           'ale'
  +         ],
  +         location: [Object: null prototype] {
  +           in: 'npc',
  +           npc: [Object: null prototype] {
  +             cartridge_id: 'ashmere_missing_child',
  +             cartridge_version: '0.0.31',
  +             key: 'maud',
  +             kind: 'npc'
  +           }
  +         },
  +         mass_grams: 500,
  +         room_line: 'item.ale_cask.room',
  +         short: 'item.ale_cask.short',
  +         vessel: [Object: null prototype] {
  +           capacity: 4,
  +           initial: [Object: null prototype] {
  +             kind: [Object: null prototype] {
  +               cartridge_id: 'ashmere_missing_child',
  +               cartridge_version: '0.0.31',
  +               key: 'ale',
  +               kind: 'liquid'
  +             },
  +             quantity: 4
  +           },
  +           unit_label: 'liquid.units'
  +         }
  +       },
  +       'ashmere_missing_child@0.0.31:item/player_corpse': [Object: null prototype] {
  +         container: true,
  +         description: 'item.player_corpse.description',
  +         key: 'player_corpse',
  +         keywords: [
  +           'corpse',
  +           'player_corpse'
  +         ],
  +         location: [Object: null prototype] {
  +           in: 'template'
  +         },
  +         mass_grams: 0,
  +         room_line: 'item.player_corpse.room',
  +         short: 'item.player_corpse.short'
  +       },
  +       'ashmere_missing_child@0.0.31:item/rat_corpse': [Object: null prototype] {
  +         container: true,
  +         description: 'item.rat_corpse.description',
  +         key: 'rat_corpse',
  +         keywords: [
  +           'corpse',
  +           'rat_corpse'
  +         ],
  +         location: [Object: null prototype] {
  +           in: 'template'
  +         },
  +         mass_grams: 0,
  +         room_line: 'item.rat_corpse.room',
  +         short: 'item.rat_corpse.short'
  +       },
  +       'ashmere_missing_child@0.0.31:item/rusty_sword': [Object: null prototype] {
  +         description: 'item.rusty_sword.description',
  +         key: 'rusty_sword',
  +         keywords: [
  +           'rusty_sword',
  +           'sword'
  +         ],
  +         location: [Object: null prototype] {
  +           in: 'npc',
  +           npc: [Object: null prototype] {
  +             cartridge_id: 'ashmere_missing_child',
  +             cartridge_version: '0.0.31',
  +             key: 'tobin',
  +             kind: 'npc'
  +           }
  +         },
  +         mass_grams: 500,
  +         room_line: 'item.rusty_sword.room',
  +         short: 'item.rusty_sword.short',
  +         slot: 'wield',
  +         weapon: [Object: null prototype] {
  +           attack: [Object: null prototype] {
  +             chance: 95,
  +             damage_max: 3,
  +             damage_min: 3
  +           },
  +           skill: [Object: null prototype] {
  +             cartridge_id: 'ashmere_missing_child',
  +             cartridge_version: '0.0.31',
  +             key: 'swords',
  +             kind: 'skill'
  +           }
  +         }
  +       },
  +       'ashmere_missing_child@0.0.31:item/satchel': [Object: null prototype] {
  +         capacity: 4,
  +         container: true,
  +         description: 'item.satchel.description',
  +         key: 'satchel',
  +         keywords: [
  +           'satchel',
  +           'satchel'
  +         ],
  +         location: [Object: null prototype] {
  +           in: 'npc',
  +           npc: [Object: null prototype] {
  +             cartridge_id: 'ashmere_missing_child',
  +             cartridge_version: '0.0.31',
  +             key: 'peg',
  +             kind: 'npc'
  +           }
  +         },
  +         mass_grams: 100,
  +         room_line: 'item.satchel.room',
  +         short: 'item.satchel.short'
  +       },
  +       'ashmere_missing_child@0.0.31:item/spare_waterskin': [Object: null prototype] {
  +         description: 'item.spare_waterskin.description',
  +         key: 'spare_waterskin',
  +         keywords: [
  +           'spare',
  +           'waterskin',
  +           'skin'
  +         ],
  +         location: [Object: null prototype] {
  +           in: 'npc',
  +           npc: [Object: null prototype] {
  +             cartridge_id: 'ashmere_missing_child',
  +             cartridge_version: '0.0.31',
  +             key: 'peg',
  +             kind: 'npc'
  +           }
  +         },
  +         mass_grams: 500,
  +         room_line: 'item.spare_waterskin.room',
  +         short: 'item.spare_waterskin.short',
  +         vessel: [Object: null prototype] {
  +           capacity: 4,
  +           initial: [Object: null prototype] {
  +             kind: null,
  +             quantity: 0
  +           },
  +           unit_label: 'liquid.units'
  +         }
  +       },
  +       'ashmere_missing_child@0.0.31:item/storage_chest': [Object: null prototype] {
  +         barrier: [Object: null prototype] {
  +           cartridge_id: 'ashmere_missing_child',
  +           cartridge_version: '0.0.31',
  +           key: 'storage_chest_lid',
  +           kind: 'barrier'
  +         },
  +         capacity: 12,
  +         container: true,
  +         description: 'item.storage_chest.description',
  +         key: 'storage_chest',
  +         keywords: [
  +           'chest',
  +           'storage_chest'
  +         ],
  +         location: [Object: null prototype] {
  +           in: 'room',
  +           room: [Object: null prototype] {
  +             cartridge_id: 'ashmere_missing_child',
  +             cartridge_version: '0.0.31',
  +             key: 'inn_rooms',
  +             kind: 'room'
  +           }
  +         },
  +         mass_grams: 8000,
  +         room_line: 'item.storage_chest.room',
  +         short: 'item.storage_chest.short'
  +       },
  +       'ashmere_missing_child@0.0.31:item/tin_whistle': [Object: null prototype] {
  +         description: 'item.tin_whistle.description',
  +         key: 'tin_whistle',
  +         keywords: [
  +           'whistle',
  +           'tin_whistle'
  +         ],
  +         location: [Object: null prototype] {
  +           in: 'item',
  +           item: [Object: null prototype] {
  +             cartridge_id: 'ashmere_missing_child',
  +             cartridge_version: '0.0.31',
  +             key: 'trunk',
  +             kind: 'item'
  +           }
  +         },
  +         mass_grams: 200,
  +         room_line: 'item.tin_whistle.room',
  +         short: 'item.tin_whistle.short'
  +       },
  +       'ashmere_missing_child@0.0.31:item/tithe_ledger': [Object: null prototype] {
  +         description: 'item.tithe_ledger.description',
  +         key: 'tithe_ledger',
  +         keywords: [
  +           'ledger',
  +           'tithe_ledger'
  +         ],
  +         location: [Object: null prototype] {
  +           in: 'npc',
  +           npc: [Object: null prototype] {
  +             cartridge_id: 'ashmere_missing_child',
  +             cartridge_version: '0.0.31',
  +             key: 'peg',
  +             kind: 'npc'
  +           }
  +         },
  +         mass_grams: 200,
  +         room_line: 'item.tithe_ledger.room',
  +         short: 'item.tithe_ledger.short'
  +       },
  +       'ashmere_missing_child@0.0.31:item/torch': [Object: null prototype] {
  +         description: 'item.torch.description',
  +         fuel: [Object: null prototype] {
  +           capacity: 7200,
  +           doused: 'light.doused',
  +           ignited: 'light.ignited',
  +           initial: 7200,
  +           kind: 'source',
  +           rate: 1,
  +           refueled: 'light.refueled',
  +           supply: [Object: null prototype] {
  +             cartridge_id: 'ashmere_missing_child',
  +             cartridge_version: '0.0.31',
  +             key: 'lamp_oil',
  +             kind: 'item'
  +           },
  +           unit: 'oil'
  +         },
  +         key: 'torch',
  +         keywords: [
  +           'torch',
  +           'torch'
  +         ],
  +         location: [Object: null prototype] {
  +           in: 'npc',
  +           npc: [Object: null prototype] {
  +             cartridge_id: 'ashmere_missing_child',
  +             cartridge_version: '0.0.31',
  +             key: 'peg',
  +             kind: 'npc'
  +           }
  +         },
  +         mass_grams: 100,
  +         room_line: 'item.torch.room',
  +         short: 'item.torch.short',
  +         slot: 'light'
  +       },
  +       'ashmere_missing_child@0.0.31:item/trunk': [Object: null prototype] {
  +         barrier: [Object: null prototype] {
  +           cartridge_id: 'ashmere_missing_child',
  +           cartridge_version: '0.0.31',
  +           key: 'trunk_lid',
  +           kind: 'barrier'
  +         },
  +         container: true,
  +         description: 'item.trunk.description',
  +         key: 'trunk',
  +         keywords: [
  +           'trunk'
  +         ],
  +         location: [Object: null prototype] {
  +           in: 'room',
  +           room: [Object: null prototype] {
  +             cartridge_id: 'ashmere_missing_child',
  +             cartridge_version: '0.0.31',
  +             key: 'inn_attic',
  +             kind: 'room'
  +           }
  +         },
  +         mass_grams: 8000,
  +         room_line: 'item.trunk.room',
  +         short: 'item.trunk.short'
  +       },
  +       'ashmere_missing_child@0.0.31:item/vesper_message': [Object: null prototype] {
  +         description: 'item.vesper_message.description',
  +         give_allowed: false,
  +         key: 'vesper_message',
  +         keywords: [
  +           'message',
  +           'vesper_message'
  +         ],
  +         location: [Object: null prototype] {
  +           in: 'npc',
  +           npc: [Object: null prototype] {
  +             cartridge_id: 'ashmere_missing_child',
  +             cartridge_version: '0.0.31',
  +             key: 'vesper',
  +             kind: 'npc'
  +           }
  +         },
  +         mass_grams: 20,
  +         room_line: 'item.vesper_message.room',
  +         short: 'item.vesper_message.short'
  +       },
  +       'ashmere_missing_child@0.0.31:item/ward_of_the_fen': [Object: null prototype] {
  +         description: 'item.ward_of_the_fen.description',
  +         key: 'ward_of_the_fen',
  +         keywords: [
  +           'ward_of_the_fen',
  +           'book'
  +         ],
  +         location: [Object: null prototype] {
  +           in: 'room',
  +           room: [Object: null prototype] {
  +             cartridge_id: 'ashmere_missing_child',
  +             cartridge_version: '0.0.31',
  +             key: 'scriptorium',
  +             kind: 'room'
  +           }
  +         },
  +         mass_grams: 100,
  +         readable: [Object: null prototype] {
  +           label: 'actions.read_book',
  +           text: 'readable.ward_of_the_fen',
  +           topic: [Object: null prototype] {
  +             cartridge_id: 'ashmere_missing_child',
  +             cartridge_version: '0.0.31',
  +             key: 'ward',
  +             kind: 'topic'
  +           }
  +         },
  +         room_line: 'item.ward_of_the_fen.room',
  +         short: 'item.ward_of_the_fen.short'
  +       },
  +       'ashmere_missing_child@0.0.31:item/waterskin': [Object: null prototype] {
  +         description: 'item.waterskin.description',
  +         key: 'waterskin',
  +         keywords: [
  +           'waterskin',
  +           'waterskin'
  +         ],
  +         location: [Object: null prototype] {
  +           in: 'npc',
  +           npc: [Object: null prototype] {
  +             cartridge_id: 'ashmere_missing_child',
  +             cartridge_version: '0.0.31',
  +             key: 'peg',
  +             kind: 'npc'
  +           }
  +         },
  +         mass_grams: 500,
  +         room_line: 'item.waterskin.room',
  +         short: 'item.waterskin.short',
  +         vessel: [Object: null prototype] {
  +           capacity: 4,
  +           initial: [Object: null prototype] {
  +             kind: null,
  +             quantity: 0
  +           },
  +           unit_label: 'liquid.units'
  +         }
  +       },
  +       'ashmere_missing_child@0.0.31:item/wooden_shield': [Object: null prototype] {
  +         block_chance: 25,
  +         description: 'item.wooden_shield.description',
  +         key: 'wooden_shield',
  +         keywords: [
  +           'wooden_shield',
  +           'shield'
  +         ],
  +         location: [Object: null prototype] {
  +           in: 'npc',
  +           npc: [Object: null prototype] {
  +             cartridge_id: 'ashmere_missing_child',
  +             cartridge_version: '0.0.31',
  +             key: 'peg',
  +             kind: 'npc'
  +           }
  +         },
  +         mass_grams: 400,
  +         room_line: 'item.wooden_shield.room',
  +         short: 'item.wooden_shield.short',
  +         slot: 'off_hand'
  +       },
  +       'ashmere_missing_child@0.0.31:item/wool_cloak': [Object: null prototype] {
  +         description: 'item.wool_cloak.description',
  +         key: 'wool_cloak',
  +         keywords: [
  +           'cloak',
  +           'wool_cloak'
  +         ],
  +         location: [Object: null prototype] {
  +           in: 'room',
  +           room: [Object: null prototype] {
  +             cartridge_id: 'ashmere_missing_child',
  +             cartridge_version: '0.0.31',
  +             key: 'inn_rooms',
  +             kind: 'room'
  +           }
  +         },
  +         mass_grams: 3000,
  +         room_line: 'item.wool_cloak.room',
  +         short: 'item.wool_cloak.short',
  +         slot: 'cloak'
  +       }
  +     },
  +     liquids: [Object: null prototype] {
  +       'ashmere_missing_child@0.0.31:liquid/ale': [Object: null prototype] {
  +         drink_amount: 1,
  +         grams_per_unit: 250,
  +         key: 'ale',
  +         label: 'liquid.ale',
  +         unit_label: 'liquid.units'
  +       },
  +       'ashmere_missing_child@0.0.31:liquid/water': [Object: null prototype] {
  +         drink_amount: 1,
  +         grams_per_unit: 250,
  +         key: 'water',
  +         label: 'liquid.water',
  +         unit_label: 'liquid.units'
  +       }
  +     },
  +     lock: [Object: null prototype] {
  +       capabilities: [Object: null prototype] {
  +         action_recipe: 1,
  +         attributes: 1,
  +         barrier: 1,
  +         behavior: 1,
  +         calendar: 1,
  +         check: 1,
  +         combat: 1,
  +         commerce: 1,
  +         containment: 1,
  +         death: 1,
  +         description_variant: 1,
  +         dialogue: 1,
  +         equipment: 1,
  +         escort: 1,
  +         fact: 1,
  +         food: 1,
  +         inspectable_detail: 1,
  +         light: 1,
  +         liquid: 1,
  +         movement: 1,
  +         patrol: 1,
  +         policy: 1,
  +         population: 1,
  +         position: 1,
  +         quest: 1,
  +         reaction: 1,
  +         readable: 1,
  +         resource: 1,
  +         scene: 1,
  +         schedule: 1,
  +         service: 1,
  +         skills: 1,
  +         topics: 1,
  +         transport: 1
  +       },
  +       format: 'loka-capability-lock-v1'
  +     },
  +     manifest: [Object: null prototype] {
  +       api_version: 'loka/v3',
  +       id: 'ashmere_missing_child',
  +       requires: [Object: null prototype] {
  +         capabilities: [Object: null prototype] {
  +           action_recipe: 1,
  +           attributes: 1,
  +           barrier: 1,
  +           behavior: 1,
  +           calendar: 1,
  +           check: 1,
  +           combat: 1,
  +           commerce: 1,
  +           containment: 1,
  +           death: 1,
  +           description_variant: 1,
  +           dialogue: 1,
  +           equipment: 1,
  +           escort: 1,
  +           fact: 1,
  +           food: 1,
  +           inspectable_detail: 1,
  +           light: 1,
  +           liquid: 1,
  +           movement: 1,
  +           patrol: 1,
  +           policy: 1,
  +           population: 1,
  +           position: 1,
  +           quest: 1,
  +           reaction: 1,
  +           readable: 1,
  +           resource: 1,
  +           scene: 1,
  +           schedule: 1,
  +           service: 1,
  +           skills: 1,
  +           topics: 1,
  +           transport: 1
  +         },
  +         client_features: [],
  +         content_schema: 1,
  +         kernel_api: [Object: null prototype] {
  +           at_least: '1.27',
  +           below: '2.0'
  +         },
  +         rule_ir: 1
  +       },
  +       supported_profiles: [
  +         'offline_private'
  +       ],
  +       time_policy: [Object: null prototype] {
  +         profile: 'real_elapsed',
  +         rate: 50
  +       },
  +       title: 'Ashmere — The Missing Child',
  +       version: '0.0.31'
  +     },
  +     npcs: [Object: null prototype] {
  +       'ashmere_missing_child@0.0.31:npc/ada': [Object: null prototype] {
  +         daily_schedule: [Object: null prototype] {
  +           '17': [Object: null prototype] {
  +             cartridge_id: 'ashmere_missing_child',
  +             cartridge_version: '0.0.31',
  +             key: 'elspeth_cottage',
  +             kind: 'room'
  +           },
  +           '7': [Object: null prototype] {
  +             cartridge_id: 'ashmere_missing_child',
  +             cartridge_version: '0.0.31',
  +             key: 'orchard',
  +             kind: 'room'
  +           }
  +         },
  +         description: 'npc.ada.description',
  +         key: 'ada',
  +         keywords: [
  +           'ada'
  +         ],
  +         room: [Object: null prototype] {
  +           cartridge_id: 'ashmere_missing_child',
  +           cartridge_version: '0.0.31',
  +           key: 'elspeth_cottage',
  +           kind: 'room'
  +         },
  +         room_line: 'npc.ada.room',
  +         short: 'npc.ada.short'
  +       },
  +       'ashmere_missing_child@0.0.31:npc/aldric': [Object: null prototype] {
  +         description: 'npc.aldric.description',
  +         key: 'aldric',
  +         keywords: [
  +           'aldric',
  +           'prior'
  +         ],
  +         resource_starts: [Object: null prototype] {
  +           pennies: 10
  +         },
  +         room: [Object: null prototype] {
  +           cartridge_id: 'ashmere_missing_child',
  +           cartridge_version: '0.0.31',
  +           key: 'chapel_nave',
  +           kind: 'room'
  +         },
  +         room_line: 'npc.aldric.room',
  +         short: 'npc.aldric.short'
  +       },
  +       'ashmere_missing_child@0.0.31:npc/ash': [Object: null prototype] {
  +         daily_schedule: [Object: null prototype] {
  +           '12': [Object: null prototype] {
  +             cartridge_id: 'ashmere_missing_child',
  +             cartridge_version: '0.0.31',
  +             key: 'cloister',
  +             kind: 'room'
  +           },
  +           '20': [Object: null prototype] {
  +             cartridge_id: 'ashmere_missing_child',
  +             cartridge_version: '0.0.31',
  +             key: 'scriptorium',
  +             kind: 'room'
  +           },
  +           '6': [Object: null prototype] {
  +             cartridge_id: 'ashmere_missing_child',
  +             cartridge_version: '0.0.31',
  +             key: 'scriptorium',
  +             kind: 'room'
  +           }
  +         },
  +         description: 'npc.ash.description',
  +         key: 'ash',
  +         keywords: [
  +           'ash',
  +           'novice_ash',
  +           'novice'
  +         ],
  +         room: [Object: null prototype] {
  +           cartridge_id: 'ashmere_missing_child',
  +           cartridge_version: '0.0.31',
  +           key: 'cloister',
  +           kind: 'room'
  +         },
  +         room_line: 'npc.ash.room',
  +         short: 'npc.ash.short'
  +       },
  +       'ashmere_missing_child@0.0.31:npc/cellar_rat_1': [Object: null prototype] {
  +         attack: [Object: null prototype] {
  +           chance: 50,
  +           damage_max: 1,
  +           damage_min: 1
  +         },
  +         description: 'npc.cellar_rat.description',
  +         hp: [Object: null prototype] {
  +           gain: 0,
  +           maximum: 6,
  +           minimum: 0,
  +           start: 6
  +         },
  +         key: 'cellar_rat_1',
  +         keywords: [
  +           'rat',
  +           'cellar_rat_1'
  +         ],
  +         room: [Object: null prototype] {
  +           cartridge_id: 'ashmere_missing_child',
  +           cartridge_version: '0.0.31',
  +           key: 'lantern_cellar',
  +           kind: 'room'
  +         },
  +         room_line: 'npc.cellar_rat_1.room',
  +         short: 'npc.cellar_rat.short'
  +       },
  +       'ashmere_missing_child@0.0.31:npc/cellar_rat_2': [Object: null prototype] {
  +         attack: [Object: null prototype] {
  +           chance: 50,
  +           damage_max: 1,
  +           damage_min: 1
  +         },
  +         description: 'npc.cellar_rat.description',
  +         hp: [Object: null prototype] {
  +           gain: 0,
  +           maximum: 6,
  +           minimum: 0,
  +           start: 6
  +         },
  +         key: 'cellar_rat_2',
  +         keywords: [
  +           'rat',
  +           'cellar_rat_2'
  +         ],
  +         room: [Object: null prototype] {
  +           cartridge_id: 'ashmere_missing_child',
  +           cartridge_version: '0.0.31',
  +           key: 'lantern_cellar',
  +           kind: 'room'
  +         },
  +         room_line: 'npc.cellar_rat_2.room',
  +         short: 'npc.cellar_rat.short'
  +       },
  +       'ashmere_missing_child@0.0.31:npc/cellar_rat_3': [Object: null prototype] {
  +         attack: [Object: null prototype] {
  +           chance: 50,
  +           damage_max: 1,
  +           damage_min: 1
  +         },
  +         description: 'npc.cellar_rat.description',
  +         hp: [Object: null prototype] {
  +           gain: 0,
  +           maximum: 6,
  +           minimum: 0,
  +           start: 6
  +         },
  +         key: 'cellar_rat_3',
  +         keywords: [
  +           'rat',
  +           'cellar_rat_3'
  +         ],
  +         room: [Object: null prototype] {
  +           cartridge_id: 'ashmere_missing_child',
  +           cartridge_version: '0.0.31',
  +           key: 'lantern_cellar',
  +           kind: 'room'
  +         },
  +         room_line: 'npc.cellar_rat_3.room',
  +         short: 'npc.cellar_rat.short'
  +       },
  +       'ashmere_missing_child@0.0.31:npc/cellar_rat_4': [Object: null prototype] {
  +         attack: [Object: null prototype] {
  +           chance: 50,
  +           damage_max: 1,
  +           damage_min: 1
  +         },
  +         description: 'npc.cellar_rat.description',
  +         hp: [Object: null prototype] {
  +           gain: 0,
  +           maximum: 6,
  +           minimum: 0,
  +           start: 6
  +         },
  +         key: 'cellar_rat_4',
  +         keywords: [
  +           'rat',
  +           'cellar_rat_4'
  +         ],
  +         room: [Object: null prototype] {
  +           cartridge_id: 'ashmere_missing_child',
  +           cartridge_version: '0.0.31',
  +           key: 'lantern_cellar',
  +           kind: 'room'
  +         },
  +         room_line: 'npc.cellar_rat_4.room',
  +         short: 'npc.cellar_rat.short'
  +       },
  +       'ashmere_missing_child@0.0.31:npc/cellar_rat_5': [Object: null prototype] {
  +         attack: [Object: null prototype] {
  +           chance: 50,
  +           damage_max: 1,
  +           damage_min: 1
  +         },
  +         description: 'npc.cellar_rat.description',
  +         hp: [Object: null prototype] {
  +           gain: 0,
  +           maximum: 6,
  +           minimum: 0,
  +           start: 6
  +         },
  +         key: 'cellar_rat_5',
  +         keywords: [
  +           'rat',
  +           'cellar_rat_5'
  +         ],
  +         room: [Object: null prototype] {
  +           cartridge_id: 'ashmere_missing_child',
  +           cartridge_version: '0.0.31',
  +           key: 'lantern_cellar',
  +           kind: 'room'
  +         },
  +         room_line: 'npc.cellar_rat_5.room',
  +         short: 'npc.cellar_rat.short'
  +       },
  +       'ashmere_missing_child@0.0.31:npc/elspeth': [Object: null prototype] {
  +         description: 'npc.elspeth.description',
  +         key: 'elspeth',
  +         keywords: [
  +           'elspeth',
  +           'mother'
  +         ],
  +         room: [Object: null prototype] {
  +           cartridge_id: 'ashmere_missing_child',
  +           cartridge_version: '0.0.31',
  +           key: 'ferry_landing',
  +           kind: 'room'
  +         },
  +         room_line: 'npc.elspeth.room',
  +         short: 'npc.elspeth.short'
  +       },
  +       'ashmere_missing_child@0.0.31:npc/fen_hound': [Object: null prototype] {
  +         attack: [Object: null prototype] {
  +           chance: 80,
  +           damage_max: 1,
  +           damage_min: 1
  +         },
  +         description: 'npc.fen_hound.description',
  +         hp: [Object: null prototype] {
  +           gain: 0,
  +           maximum: 8,
  +           minimum: 0,
  +           start: 8
  +         },
  +         key: 'fen_hound',
  +         keywords: [
  +           'hound',
  +           'fen_hound'
  +         ],
  +         room: [Object: null prototype] {
  +           cartridge_id: 'ashmere_missing_child',
  +           cartridge_version: '0.0.31',
  +           key: 'hound_run',
  +           kind: 'room'
  +         },
  +         room_line: 'npc.fen_hound.room',
  +         short: 'npc.fen_hound.short',
  +         spawn_template: true
  +       },
  +       'ashmere_missing_child@0.0.31:npc/gareth': [Object: null prototype] {
  +         daily_schedule: [Object: null prototype] {
  +           '18': [Object: null prototype] {
  +             cartridge_id: 'ashmere_missing_child',
  +             cartridge_version: '0.0.31',
  +             key: 'drowned_lantern',
  +             kind: 'room'
  +           },
  +           '22': [Object: null prototype] {
  +             cartridge_id: 'ashmere_missing_child',
  +             cartridge_version: '0.0.31',
  +             key: 'smithy',
  +             kind: 'room'
  +           },
  +           '8': [Object: null prototype] {
  +             cartridge_id: 'ashmere_missing_child',
  +             cartridge_version: '0.0.31',
  +             key: 'smithy',
  +             kind: 'room'
  +           }
  +         },
  +         description: 'npc.gareth.description',
  +         key: 'gareth',
  +         keywords: [
  +           'gareth'
  +         ],
  +         room: [Object: null prototype] {
  +           cartridge_id: 'ashmere_missing_child',
  +           cartridge_version: '0.0.31',
  +           key: 'drowned_lantern',
  +           kind: 'room'
  +         },
  +         room_line: 'npc.gareth.room',
  +         short: 'npc.gareth.short'
  +       },
  +       'ashmere_missing_child@0.0.31:npc/hale': [Object: null prototype] {
  +         daily_schedule: [Object: null prototype] {
  +           '18': [Object: null prototype] {
  +             cartridge_id: 'ashmere_missing_child',
  +             cartridge_version: '0.0.31',
  +             key: 'cloister',
  +             kind: 'room'
  +           },
  +           '6': [Object: null prototype] {
  +             cartridge_id: 'ashmere_missing_child',
  +             cartridge_version: '0.0.31',
  +             key: 'kitchen_garden',
  +             kind: 'room'
  +           }
  +         },
  +         description: 'npc.hale.description',
  +         key: 'hale',
  +         keywords: [
  +           'hale',
  +           'novice_hale',
  +           'novice'
  +         ],
  +         room: [Object: null prototype] {
  +           cartridge_id: 'ashmere_missing_child',
  +           cartridge_version: '0.0.31',
  +           key: 'cloister',
  +           kind: 'room'
  +         },
  +         room_line: 'npc.hale.room',
  +         short: 'npc.hale.short'
  +       },
  +       'ashmere_missing_child@0.0.31:npc/maud': [Object: null prototype] {
  +         description: 'npc.maud.description',
  +         key: 'maud',
  +         keywords: [
  +           'maud',
  +           'widow',
  +           'innkeeper'
  +         ],
  +         resource_starts: [Object: null prototype] {
  +           lantern_meals: 4,
  +           pennies: 10
  +         },
  +         room: [Object: null prototype] {
  +           cartridge_id: 'ashmere_missing_child',
  +           cartridge_version: '0.0.31',
  +           key: 'drowned_lantern',
  +           kind: 'room'
  +         },
  +         room_line: 'npc.maud.room',
  +         services: [
  +           [Object: null prototype] {
  +             cartridge_id: 'ashmere_missing_child',
  +             cartridge_version: '0.0.31',
  +             key: 'lantern_room',
  +             kind: 'service'
  +           },
  +           [Object: null prototype] {
  +             cartridge_id: 'ashmere_missing_child',
  +             cartridge_version: '0.0.31',
  +             key: 'lantern_meal',
  +             kind: 'service'
  +           },
  +           [Object: null prototype] {
  +             cartridge_id: 'ashmere_missing_child',
  +             cartridge_version: '0.0.31',
  +             key: 'lantern_ale',
  +             kind: 'service'
  +           }
  +         ],
  +         short: 'npc.maud.short'
  +       },
  +       'ashmere_missing_child@0.0.31:npc/peg': [Object: null prototype] {
  +         description: 'npc.peg.description',
  +         key: 'peg',
  +         keywords: [
  +           'peg',
  +           'harrow',
  +           'chandler'
  +         ],
  +         resource_starts: [Object: null prototype] {
  +           pennies: 20
  +         },
  +         room: [Object: null prototype] {
  +           cartridge_id: 'ashmere_missing_child',
  +           cartridge_version: '0.0.31',
  +           key: 'chandler',
  +           kind: 'room'
  +         },
  +         room_line: 'npc.peg.room',
  +         shop: [Object: null prototype] {
  +           bought: 'shop.bought',
  +           offers: [
  +             [Object: null prototype] {
  +               buy: 3,
  +               item: [Object: null prototype] {
  +                 cartridge_id: 'ashmere_missing_child',
  +                 cartridge_version: '0.0.31',
  +                 key: 'torch',
  +                 kind: 'item'
  +               },
  +               sell: 1
  +             },
  +             [Object: null prototype] {
  +               buy: 2,
  +               item: [Object: null prototype] {
  +                 cartridge_id: 'ashmere_missing_child',
  +                 cartridge_version: '0.0.31',
  +                 key: 'lamp_oil',
  +                 kind: 'item'
  +               },
  +               sell: 1
  +             },
  +             [Object: null prototype] {
  +               buy: 4,
  +               item: [Object: null prototype] {
  +                 cartridge_id: 'ashmere_missing_child',
  +                 cartridge_version: '0.0.31',
  +                 key: 'waterskin',
  +                 kind: 'item'
  +               },
  +               sell: 2
  +             },
  +             [Object: null prototype] {
  +               buy: 5,
  +               item: [Object: null prototype] {
  +                 cartridge_id: 'ashmere_missing_child',
  +                 cartridge_version: '0.0.31',
  +                 key: 'satchel',
  +                 kind: 'item'
  +               },
  +               sell: 2
  +             },
  +             [Object: null prototype] {
  +               buy: 8,
  +               item: [Object: null prototype] {
  +                 cartridge_id: 'ashmere_missing_child',
  +                 cartridge_version: '0.0.31',
  +                 key: 'iron_sword',
  +                 kind: 'item'
  +               },
  +               sell: 4
  +             },
  +             [Object: null prototype] {
  +               buy: 4,
  +               item: [Object: null prototype] {
  +                 cartridge_id: 'ashmere_missing_child',
  +                 cartridge_version: '0.0.31',
  +                 key: 'wooden_shield',
  +                 kind: 'item'
  +               },
  +               sell: 2
  +             },
  +             [Object: null prototype] {
  +               buy: 4,
  +               item: [Object: null prototype] {
  +                 cartridge_id: 'ashmere_missing_child',
  +                 cartridge_version: '0.0.31',
  +                 key: 'spare_waterskin',
  +                 kind: 'item'
  +               },
  +               sell: 2
  +             }
  +           ],
  +           resource: [Object: null prototype] {
  +             cartridge_id: 'ashmere_missing_child',
  +             cartridge_version: '0.0.31',
  +             key: 'pennies',
  +             kind: 'resource'
  +           },
  +           sold: 'shop.sold'
  +         },
  +         short: 'npc.peg.short'
  +       },
  +       'ashmere_missing_child@0.0.31:npc/sedge': [Object: null prototype] {
  +         description: 'npc.sedge.description',
  +         key: 'sedge',
  +         keywords: [
  +           'sedge',
  +           'mother'
  +         ],
  +         resource_starts: [Object: null prototype] {
  +           pennies: 0
  +         },
  +         room: [Object: null prototype] {
  +           cartridge_id: 'ashmere_missing_child',
  +           cartridge_version: '0.0.31',
  +           key: 'isle_hut',
  +           kind: 'room'
  +         },
  +         room_line: 'npc.sedge.room',
  +         short: 'npc.sedge.short'
  +       },
  +       'ashmere_missing_child@0.0.31:npc/tobin': [Object: null prototype] {
  +         description: 'npc.tobin.description',
  +         key: 'tobin',
  +         keywords: [
  +           'tobin',
  +           'guard',
  +           'teacher'
  +         ],
  +         resource_starts: [Object: null prototype] {
  +           pennies: 0
  +         },
  +         room: [Object: null prototype] {
  +           cartridge_id: 'ashmere_missing_child',
  +           cartridge_version: '0.0.31',
  +           key: 'watch_post',
  +           kind: 'room'
  +         },
  +         room_line: 'npc.tobin.room',
  +         short: 'npc.tobin.short'
  +       },
  +       'ashmere_missing_child@0.0.31:npc/vesper': [Object: null prototype] {
  +         description: 'npc.vesper.description',
  +         key: 'vesper',
  +         keywords: [
  +           'vesper'
  +         ],
  +         room: [Object: null prototype] {
  +           cartridge_id: 'ashmere_missing_child',
  +           cartridge_version: '0.0.31',
  +           key: 'fox_hollow',
  +           kind: 'room'
  +         },
  +         room_line: 'npc.vesper.room',
  +         short: 'npc.vesper.short'
  +       },
  +       'ashmere_missing_child@0.0.31:npc/wick': [Object: null prototype] {
  +         description: 'npc.wick.description',
  +         key: 'wick',
  +         keywords: [
  +           'wick',
  +           'brother_wick'
  +         ],
  +         room: [Object: null prototype] {
  +           cartridge_id: 'ashmere_missing_child',
  +           cartridge_version: '0.0.31',
  +           key: 'infirmary',
  +           kind: 'room'
  +         },
  +         room_line: 'npc.wick.room',
  +         short: 'npc.wick.short'
  +       },
  +       'ashmere_missing_child@0.0.31:npc/wisp': [Object: null prototype] {
  +         description: 'npc.wisp.description',
  +         key: 'wisp',
  +         keywords: [
  +           'wisp'
  +         ],
  +         perception: [Object: null prototype] {
  +           discovered: [Object: null prototype] {
  +             cartridge_id: 'ashmere_missing_child',
  +             cartridge_version: '0.0.31',
  +             key: 'fen_wisp_discovered',
  +             kind: 'fact'
  +           }
  +         },
  +         room: [Object: null prototype] {
  +           cartridge_id: 'ashmere_missing_child',
  +           cartridge_version: '0.0.31',
  +           key: 'marsh_light',
  +           kind: 'room'
  +         },
  +         room_line: 'npc.wisp.room',
  +         short: 'npc.wisp.short'
  +       },
  +       'ashmere_missing_child@0.0.31:npc/wren': [Object: null prototype] {
  +         description: 'npc.wren.description',
  +         key: 'wren',
  +         keywords: [
  +           'wren'
  +         ],
  +         room: [Object: null prototype] {
  +           cartridge_id: 'ashmere_missing_child',
  +           cartridge_version: '0.0.31',
  +           key: 'fox_hollow',
  +           kind: 'room'
  +         },
  +         room_line: 'npc.wren.room',
  +         short: 'npc.wren.short'
  +       }
  +     },
  +     policies: [Object: null prototype] {},
  +     population_bundles: [Object: null prototype] {
  +       'ashmere_missing_child@0.0.31:population_bundle/fen_hounds': [Object: null prototype] {
  +         corpse: [Object: null prototype] {
  +           cartridge_id: 'ashmere_missing_child',
  +           cartridge_version: '0.0.31',
  +           key: 'hound_corpse',
  +           kind: 'item'
  +         },
  +         item: [Object: null prototype] {
  +           cartridge_id: 'ashmere_missing_child',
  +           cartridge_version: '0.0.31',
  +           key: 'hound_pelt',
  +           kind: 'item'
  +         },
  +         key: 'fen_hounds',
  +         npc: [Object: null prototype] {
  +           cartridge_id: 'ashmere_missing_child',
  +           cartridge_version: '0.0.31',
  +           key: 'fen_hound',
  +           kind: 'npc'
  +         }
  +       }
  +     },
  +     populations: [Object: null prototype] {
  +       'ashmere_missing_child@0.0.31:population/fen_hounds': [Object: null prototype] {
  +         area: [
  +           [Object: null prototype] {
  +             cartridge_id: 'ashmere_missing_child',
  +             cartridge_version: '0.0.31',
  +             key: 'hound_run',
  +             kind: 'room'
  +           },
  +           [Object: null prototype] {
  +             cartridge_id: 'ashmere_missing_child',
  +             cartridge_version: '0.0.31',
  +             key: 'adder_nest',
  +             kind: 'room'
  +           }
  +         ],
  +         bundle: [Object: null prototype] {
  +           cartridge_id: 'ashmere_missing_child',
  +           cartridge_version: '0.0.31',
  +           key: 'fen_hounds',
  +           kind: 'population_bundle'
  +         },
  +         cap: 6,
  +         day_target: 4,
  +         home: [Object: null prototype] {
  +           cartridge_id: 'ashmere_missing_child',
  +           cartridge_version: '0.0.31',
  +           key: 'hound_run',
  +           kind: 'room'
  +         },
  +         key: 'fen_hounds',
  +         night_end: 6,
  +         night_start: 20,
  +         night_target: 6,
  +         replacement_delay: 86400,
  +         wander_interval: 3600
  +       }
  +     },
  +     quests: [Object: null prototype] {
  +       'ashmere_missing_child@0.0.31:quest/a_room_at_the_lantern': [Object: null prototype] {
  +         journal: [Object: null prototype] {
  +           abandoned: 'quest.lantern.active',
  +           active: 'quest.lantern.active',
  +           failed: 'quest.lantern.active',
  +           objectives_met: 'quest.lantern.resolved',
  +           resolved: 'quest.lantern.resolved'
  +         },
  +         key: 'a_room_at_the_lantern',
  +         objective: [Object: null prototype] {
  +           evidence: 'current_state',
  +           policy: [Object: null prototype] {
  +             policy_version: 1,
  +             root: [Object: null prototype] {
  +               equals: true,
  +               fact: [Object: null prototype] {
  +                 cartridge_id: 'ashmere_missing_child',
  +                 cartridge_version: '0.0.31',
  +                 key: 'dream_seen',
  +                 kind: 'fact'
  +               },
  +               op: 'fact_compare'
  +             }
  +           }
  +         },
  +         title: 'quest.lantern.title'
  +       },
  +       'ashmere_missing_child@0.0.31:quest/bell_of_ashmere': [Object: null prototype] {
  +         journal: [Object: null prototype] {
  +           abandoned: 'quest.bell.abandoned',
  +           active: 'quest.bell.active',
  +           failed: 'quest.bell.failed',
  +           objectives_met: 'quest.bell.ready',
  +           outcomes: [Object: null prototype] {
  +             fox: 'quest.bell.fox',
  +             prior: 'quest.bell.prior'
  +           },
  +           resolved: 'quest.bell.resolved'
  +         },
  +         key: 'bell_of_ashmere',
  +         objective: [Object: null prototype] {
  +           evidence: 'current_state',
  +           policy: [Object: null prototype] {
  +             policy_version: 1,
  +             root: [Object: null prototype] {
  +               items: [
  +                 [Object: null prototype] {
  +                   equals: 'prior',
  +                   fact: [Object: null prototype] {
  +                     cartridge_id: 'ashmere_missing_child',
  +                     cartridge_version: '0.0.31',
  +                     key: 'chapel_allegiance',
  +                     kind: 'fact'
  +                   },
  +                   op: 'fact_compare'
  +                 },
  +                 [Object: null prototype] {
  +                   equals: 'fox',
  +                   fact: [Object: null prototype] {
  +                     cartridge_id: 'ashmere_missing_child',
  +                     cartridge_version: '0.0.31',
  +                     key: 'chapel_allegiance',
  +                     kind: 'fact'
  +                   },
  +                   op: 'fact_compare'
  +                 }
  +               ],
  +               op: 'any'
  +             }
  +           }
  +         },
  +         title: 'quest.bell.title'
  +       },
  +       'ashmere_missing_child@0.0.31:quest/chandlers_debt': [Object: null prototype] {
  +         deadline: [Object: null prototype] {
  +           at: 237601,
  +           fact: [Object: null prototype] {
  +             cartridge_id: 'ashmere_missing_child',
  +             cartridge_version: '0.0.31',
  +             key: 'priory_tithe_delivered',
  +             kind: 'fact'
  +           },
  +           outcome: 'never',
  +           trust_amount: -5,
  +           trust_fact: [Object: null prototype] {
  +             cartridge_id: 'ashmere_missing_child',
  +             cartridge_version: '0.0.31',
  +             key: 'peg_trust',
  +             kind: 'fact'
  +           }
  +         },
  +         journal: [Object: null prototype] {
  +           abandoned: 'quest.chandlers_debt.abandoned',
  +           active: 'quest.chandlers_debt.active',
  +           failed: 'quest.chandlers_debt.failed',
  +           objectives_met: 'quest.chandlers_debt.ready',
  +           outcomes: [Object: null prototype] {
  +             late: 'quest.chandlers_debt.late',
  +             never: 'quest.chandlers_debt.never',
  +             on_time: 'quest.chandlers_debt.on_time'
  +           },
  +           resolved: 'quest.chandlers_debt.resolved'
  +         },
  +         key: 'chandlers_debt',
  +         objective: [Object: null prototype] {
  +           evidence: 'current_state',
  +           policy: [Object: null prototype] {
  +             policy_version: 1,
  +             root: [Object: null prototype] {
  +               item: [Object: null prototype] {
  +                 cartridge_id: 'ashmere_missing_child',
  +                 cartridge_version: '0.0.31',
  +                 key: 'tithe_ledger',
  +                 kind: 'item'
  +               },
  +               op: 'has_item'
  +             }
  +           }
  +         },
  +         title: 'quest.chandlers_debt.title'
  +       },
  +       'ashmere_missing_child@0.0.31:quest/first_lead': [Object: null prototype] {
  +         journal: [Object: null prototype] {
  +           abandoned: 'quest.first_lead.abandoned',
  +           active: 'quest.first_lead.active',
  +           failed: 'quest.first_lead.failed',
  +           objectives_met: 'quest.first_lead.ready',
  +           resolved: 'quest.first_lead.resolved'
  +         },
  +         key: 'first_lead',
  +         objective: [Object: null prototype] {
  +           evidence: 'current_state',
  +           policy: [Object: null prototype] {
  +             policy_version: 1,
  +             root: [Object: null prototype] {
  +               item: [Object: null prototype] {
  +                 cartridge_id: 'ashmere_missing_child',
  +                 cartridge_version: '0.0.31',
  +                 key: 'fox_drawing',
  +                 kind: 'item'
  +               },
  +               op: 'has_item'
  +             }
  +           }
  +         },
  +         title: 'quest.first_lead.title'
  +       },
  +       'ashmere_missing_child@0.0.31:quest/infirmary_herbs': [Object: null prototype] {
  +         exchange: [Object: null prototype] {
  +           contribution: [Object: null prototype] {
  +             cartridge_id: 'ashmere_missing_child',
  +             cartridge_version: '0.0.31',
  +             key: 'infirmary_contribution',
  +             kind: 'fact'
  +           },
  +           faction: [Object: null prototype] {
  +             cartridge_id: 'ashmere_missing_child',
  +             cartridge_version: '0.0.31',
  +             key: 'priory_fen_axis',
  +             kind: 'fact'
  +           },
  +           incoming: [
  +             [Object: null prototype] {
  +               cartridge_id: 'ashmere_missing_child',
  +               cartridge_version: '0.0.31',
  +               key: 'bandage_01',
  +               kind: 'item'
  +             },
  +             [Object: null prototype] {
  +               cartridge_id: 'ashmere_missing_child',
  +               cartridge_version: '0.0.31',
  +               key: 'bandage_02',
  +               kind: 'item'
  +             },
  +             [Object: null prototype] {
  +               cartridge_id: 'ashmere_missing_child',
  +               cartridge_version: '0.0.31',
  +               key: 'bandage_03',
  +               kind: 'item'
  +             },
  +             [Object: null prototype] {
  +               cartridge_id: 'ashmere_missing_child',
  +               cartridge_version: '0.0.31',
  +               key: 'bandage_04',
  +               kind: 'item'
  +             },
  +             [Object: null prototype] {
  +               cartridge_id: 'ashmere_missing_child',
  +               cartridge_version: '0.0.31',
  +               key: 'bandage_05',
  +               kind: 'item'
  +             },
  +             [Object: null prototype] {
  +               cartridge_id: 'ashmere_missing_child',
  +               cartridge_version: '0.0.31',
  +               key: 'bandage_06',
  +               kind: 'item'
  +             },
  +             [Object: null prototype] {
  +               cartridge_id: 'ashmere_missing_child',
  +               cartridge_version: '0.0.31',
  +               key: 'bandage_07',
  +               kind: 'item'
  +             },
  +             [Object: null prototype] {
  +               cartridge_id: 'ashmere_missing_child',
  +               cartridge_version: '0.0.31',
  +               key: 'bandage_08',
  +               kind: 'item'
  +             },
  +             [Object: null prototype] {
  +               cartridge_id: 'ashmere_missing_child',
  +               cartridge_version: '0.0.31',
  +               key: 'bandage_09',
  +               kind: 'item'
  +             },
  +             [Object: null prototype] {
  +               cartridge_id: 'ashmere_missing_child',
  +               cartridge_version: '0.0.31',
  +               key: 'bandage_10',
  +               kind: 'item'
  +             },
  +             [Object: null prototype] {
  +               cartridge_id: 'ashmere_missing_child',
  +               cartridge_version: '0.0.31',
  +               key: 'bandage_11',
  +               kind: 'item'
  +             },
  +             [Object: null prototype] {
  +               cartridge_id: 'ashmere_missing_child',
  +               cartridge_version: '0.0.31',
  +               key: 'bandage_12',
  +               kind: 'item'
  +             }
  +           ],
  +           increment: 1,
  +           npc: [Object: null prototype] {
  +             cartridge_id: 'ashmere_missing_child',
  +             cartridge_version: '0.0.31',
  +             key: 'wick',
  +             kind: 'npc'
  +           },
  +           outgoing: [
  +             [Object: null prototype] {
  +               cartridge_id: 'ashmere_missing_child',
  +               cartridge_version: '0.0.31',
  +               key: 'fenwort_01',
  +               kind: 'item'
  +             },
  +             [Object: null prototype] {
  +               cartridge_id: 'ashmere_missing_child',
  +               cartridge_version: '0.0.31',
  +               key: 'fenwort_02',
  +               kind: 'item'
  +             },
  +             [Object: null prototype] {
  +               cartridge_id: 'ashmere_missing_child',
  +               cartridge_version: '0.0.31',
  +               key: 'fenwort_03',
  +               kind: 'item'
  +             },
  +             [Object: null prototype] {
  +               cartridge_id: 'ashmere_missing_child',
  +               cartridge_version: '0.0.31',
  +               key: 'fenwort_04',
  +               kind: 'item'
  +             },
  +             [Object: null prototype] {
  +               cartridge_id: 'ashmere_missing_child',
  +               cartridge_version: '0.0.31',
  +               key: 'fenwort_05',
  +               kind: 'item'
  +             },
  +             [Object: null prototype] {
  +               cartridge_id: 'ashmere_missing_child',
  +               cartridge_version: '0.0.31',
  +               key: 'fenwort_06',
  +               kind: 'item'
  +             },
  +             [Object: null prototype] {
  +               cartridge_id: 'ashmere_missing_child',
  +               cartridge_version: '0.0.31',
  +               key: 'fenwort_07',
  +               kind: 'item'
  +             },
  +             [Object: null prototype] {
  +               cartridge_id: 'ashmere_missing_child',
  +               cartridge_version: '0.0.31',
  +               key: 'fenwort_08',
  +               kind: 'item'
  +             },
  +             [Object: null prototype] {
  +               cartridge_id: 'ashmere_missing_child',
  +               cartridge_version: '0.0.31',
  +               key: 'fenwort_09',
  +               kind: 'item'
  +             },
  +             [Object: null prototype] {
  +               cartridge_id: 'ashmere_missing_child',
  +               cartridge_version: '0.0.31',
  +               key: 'fenwort_10',
  +               kind: 'item'
  +             },
  +             [Object: null prototype] {
  +               cartridge_id: 'ashmere_missing_child',
  +               cartridge_version: '0.0.31',
  +               key: 'fenwort_11',
  +               kind: 'item'
  +             },
  +             [Object: null prototype] {
  +               cartridge_id: 'ashmere_missing_child',
  +               cartridge_version: '0.0.31',
  +               key: 'fenwort_12',
  +               kind: 'item'
  +             }
  +           ],
  +           quantity: 3
  +         },
  +         journal: [Object: null prototype] {
  +           abandoned: 'quest.infirmary_herbs.abandoned',
  +           active: 'quest.infirmary_herbs.active',
  +           failed: 'quest.infirmary_herbs.failed',
  +           objectives_met: 'quest.infirmary_herbs.ready',
  +           resolved: 'quest.infirmary_herbs.resolved'
  +         },
  +         key: 'infirmary_herbs',
  +         objective: [Object: null prototype] {
  +           evidence: 'current_state',
  +           policy: [Object: null prototype] {
  +             policy_version: 1,
  +             root: [Object: null prototype] {
  +               items: [],
  +               op: 'all'
  +             }
  +           }
  +         },
  +         repeatable: true,
  +         title: 'quest.infirmary_herbs.title'
  +       },
  +       'ashmere_missing_child@0.0.31:quest/mauds_cellar': [Object: null prototype] {
  +         journal: [Object: null prototype] {
  +           abandoned: 'quest.mauds_cellar.abandoned',
  +           active: 'quest.mauds_cellar.active',
  +           failed: 'quest.mauds_cellar.failed',
  +           objectives_met: 'quest.mauds_cellar.ready',
  +           resolved: 'quest.mauds_cellar.resolved'
  +         },
  +         key: 'mauds_cellar',
  +         objective: [Object: null prototype] {
  +           evidence: 'current_state',
  +           policy: [Object: null prototype] {
  +             policy_version: 1,
  +             root: [Object: null prototype] {
  +               items: [
  +                 [Object: null prototype] {
  +                   equals: true,
  +                   fact: [Object: null prototype] {
  +                     cartridge_id: 'ashmere_missing_child',
  +                     cartridge_version: '0.0.31',
  +                     key: 'rat_1_killed',
  +                     kind: 'fact'
  +                   },
  +                   op: 'fact_compare'
  +                 },
  +                 [Object: null prototype] {
  +                   equals: true,
  +                   fact: [Object: null prototype] {
  +                     cartridge_id: 'ashmere_missing_child',
  +                     cartridge_version: '0.0.31',
  +                     key: 'rat_2_killed',
  +                     kind: 'fact'
  +                   },
  +                   op: 'fact_compare'
  +                 },
  +                 [Object: null prototype] {
  +                   equals: true,
  +                   fact: [Object: null prototype] {
  +                     cartridge_id: 'ashmere_missing_child',
  +                     cartridge_version: '0.0.31',
  +                     key: 'rat_3_killed',
  +                     kind: 'fact'
  +                   },
  +                   op: 'fact_compare'
  +                 },
  +                 [Object: null prototype] {
  +                   equals: true,
  +                   fact: [Object: null prototype] {
  +                     cartridge_id: 'ashmere_missing_child',
  +                     cartridge_version: '0.0.31',
  +                     key: 'rat_4_killed',
  +                     kind: 'fact'
  +                   },
  +                   op: 'fact_compare'
  +                 },
  +                 [Object: null prototype] {
  +                   equals: true,
  +                   fact: [Object: null prototype] {
  +                     cartridge_id: 'ashmere_missing_child',
  +                     cartridge_version: '0.0.31',
  +                     key: 'rat_5_killed',
  +                     kind: 'fact'
  +                   },
  +                   op: 'fact_compare'
  +                 }
  +               ],
  +               op: 'all'
  +             }
  +           }
  +         },
  +         title: 'quest.mauds_cellar.title'
  +       },
  +       'ashmere_missing_child@0.0.31:quest/missing_child': [Object: null prototype] {
  +         journal: [Object: null prototype] {
  +           abandoned: 'quest.missing_child.abandoned',
  +           active: 'quest.missing_child.active',
  +           active_variants: [
  +             [Object: null prototype] {
  +               text: 'quest.missing_child.separated',
  +               when: [Object: null prototype] {
  +                 policy_version: 1,
  +                 root: [Object: null prototype] {
  +                   items: [
  +                     [Object: null prototype] {
  +                       equals: 'rescue',
  +                       fact: [Object: null prototype] {
  +                         cartridge_id: 'ashmere_missing_child',
  +                         cartridge_version: '0.0.31',
  +                         key: 'fen_return_branch',
  +                         kind: 'fact'
  +                       },
  +                       op: 'fact_compare'
  +                     },
  +                     [Object: null prototype] {
  +                       op: 'escort_state',
  +                       quest: [Object: null prototype] {
  +                         cartridge_id: 'ashmere_missing_child',
  +                         cartridge_version: '0.0.31',
  +                         key: 'missing_child',
  +                         kind: 'quest'
  +                       },
  +                       state: 'separated'
  +                     }
  +                   ],
  +                   op: 'all'
  +                 }
  +               }
  +             },
  +             [Object: null prototype] {
  +               text: 'quest.missing_child.following',
  +               when: [Object: null prototype] {
  +                 policy_version: 1,
  +                 root: [Object: null prototype] {
  +                   items: [
  +                     [Object: null prototype] {
  +                       equals: 'rescue',
  +                       fact: [Object: null prototype] {
  +                         cartridge_id: 'ashmere_missing_child',
  +                         cartridge_version: '0.0.31',
  +                         key: 'fen_return_branch',
  +                         kind: 'fact'
  +                       },
  +                       op: 'fact_compare'
  +                     },
  +                     [Object: null prototype] {
  +                       op: 'escort_state',
  +                       quest: [Object: null prototype] {
  +                         cartridge_id: 'ashmere_missing_child',
  +                         cartridge_version: '0.0.31',
  +                         key: 'missing_child',
  +                         kind: 'quest'
  +                       },
  +                       state: 'following'
  +                     }
  +                   ],
  +                   op: 'all'
  +                 }
  +               }
  +             },
  +             [Object: null prototype] {
  +               text: 'quest.missing_child.deliver',
  +               when: [Object: null prototype] {
  +                 policy_version: 1,
  +                 root: [Object: null prototype] {
  +                   items: [
  +                     [Object: null prototype] {
  +                       equals: 'stays',
  +                       fact: [Object: null prototype] {
  +                         cartridge_id: 'ashmere_missing_child',
  +                         cartridge_version: '0.0.31',
  +                         key: 'fen_return_branch',
  +                         kind: 'fact'
  +                       },
  +                       op: 'fact_compare'
  +                     }
  +                   ],
  +                   op: 'all'
  +                 }
  +               }
  +             },
  +             [Object: null prototype] {
  +               text: 'quest.missing_child.answered',
  +               when: [Object: null prototype] {
  +                 policy_version: 1,
  +                 root: [Object: null prototype] {
  +                   items: [
  +                     [Object: null prototype] {
  +                       equals: true,
  +                       fact: [Object: null prototype] {
  +                         cartridge_id: 'ashmere_missing_child',
  +                         cartridge_version: '0.0.31',
  +                         key: 'fen_vesper_riddle_answered',
  +                         kind: 'fact'
  +                       },
  +                       op: 'fact_compare'
  +                     }
  +                   ],
  +                   op: 'all'
  +                 }
  +               }
  +             },
  +             [Object: null prototype] {
  +               text: 'quest.missing_child.met',
  +               when: [Object: null prototype] {
  +                 policy_version: 1,
  +                 root: [Object: null prototype] {
  +                   items: [
  +                     [Object: null prototype] {
  +                       equals: true,
  +                       fact: [Object: null prototype] {
  +                         cartridge_id: 'ashmere_missing_child',
  +                         cartridge_version: '0.0.31',
  +                         key: 'fen_wren_met',
  +                         kind: 'fact'
  +                       },
  +                       op: 'fact_compare'
  +                     }
  +                   ],
  +                   op: 'all'
  +                 }
  +               }
  +             }
  +           ],
  +           failed: 'quest.missing_child.failed',
  +           objectives_met: 'quest.missing_child.lead',
  +           outcomes: [Object: null prototype] {
  +             lost: 'quest.missing_child.lost',
  +             rescued: 'quest.missing_child.rescued',
  +             stays: 'quest.missing_child.stays'
  +           },
  +           resolved: 'quest.missing_child.resolved'
  +         },
  +         key: 'missing_child',
  +         objective: [Object: null prototype] {
  +           evidence: 'current_state',
  +           policy: [Object: null prototype] {
  +             policy_version: 1,
  +             root: [Object: null prototype] {
  +               equals: true,
  +               fact: [Object: null prototype] {
  +                 cartridge_id: 'ashmere_missing_child',
  +                 cartridge_version: '0.0.31',
  +                 key: 'fen_tracks_found',
  +                 kind: 'fact'
  +               },
  +               op: 'fact_compare'
  +             }
  +           }
  +         },
  +         title: 'quest.missing_child.title'
  +       },
  +       'ashmere_missing_child@0.0.31:quest/watch_rounds': [Object: null prototype] {
  +         journal: [Object: null prototype] {
  +           abandoned: 'watch.active',
  +           active: 'watch.active',
  +           failed: 'watch.active',
  +           objectives_met: 'watch.completed',
  +           resolved: 'watch.completed'
  +         },
  +         key: 'watch_rounds',
  +         objective: [Object: null prototype] {
  +           evidence: 'patrol'
  +         },
  +         patrol: [Object: null prototype] {
  +           checkpoints: [
  +             [Object: null prototype] {
  +               cartridge_id: 'ashmere_missing_child',
  +               cartridge_version: '0.0.31',
  +               key: 'north_gate',
  +               kind: 'room'
  +             },
  +             [Object: null prototype] {
  +               cartridge_id: 'ashmere_missing_child',
  +               cartridge_version: '0.0.31',
  +               key: 'village_green',
  +               kind: 'room'
  +             },
  +             [Object: null prototype] {
  +               cartridge_id: 'ashmere_missing_child',
  +               cartridge_version: '0.0.31',
  +               key: 'east_gate',
  +               kind: 'room'
  +             },
  +             [Object: null prototype] {
  +               cartridge_id: 'ashmere_missing_child',
  +               cartridge_version: '0.0.31',
  +               key: 'watch_post',
  +               kind: 'room'
  +             }
  +           ],
  +           initial_cursor: 0,
  +           narration: 'watch.completed',
  +           npc: [Object: null prototype] {
  +             cartridge_id: 'ashmere_missing_child',
  +             cartridge_version: '0.0.31',
  +             key: 'tobin',
  +             kind: 'npc'
  +           },
  +           required: 4,
  +           route: [
  +             [Object: null prototype] {
  +               cartridge_id: 'ashmere_missing_child',
  +               cartridge_version: '0.0.31',
  +               key: 'watch_post',
  +               kind: 'room'
  +             },
  +             [Object: null prototype] {
  +               cartridge_id: 'ashmere_missing_child',
  +               cartridge_version: '0.0.31',
  +               key: 'north_gate',
  +               kind: 'room'
  +             },
  +             [Object: null prototype] {
  +               cartridge_id: 'ashmere_missing_child',
  +               cartridge_version: '0.0.31',
  +               key: 'village_green',
  +               kind: 'room'
  +             },
  +             [Object: null prototype] {
  +               cartridge_id: 'ashmere_missing_child',
  +               cartridge_version: '0.0.31',
  +               key: 'east_gate',
  +               kind: 'room'
  +             },
  +             [Object: null prototype] {
  +               cartridge_id: 'ashmere_missing_child',
  +               cartridge_version: '0.0.31',
  +               key: 'village_green',
  +               kind: 'room'
  +             },
  +             [Object: null prototype] {
  +               cartridge_id: 'ashmere_missing_child',
  +               cartridge_version: '0.0.31',
  +               key: 'north_gate',
  +               kind: 'room'
  +             }
  +           ],
  +           trust_fact: [Object: null prototype] {
  +             cartridge_id: 'ashmere_missing_child',
  +             cartridge_version: '0.0.31',
  +             key: 'watch_gate_trusts_player',
  +             kind: 'fact'
  +           }
  +         },
  +         title: 'quest.watch_rounds.title'
  +       },
  +       'ashmere_missing_child@0.0.31:quest/wisp_ward': [Object: null prototype] {
  +         journal: [Object: null prototype] {
  +           abandoned: 'quest.wisp_ward.active',
  +           active: 'quest.wisp_ward.active',
  +           failed: 'quest.wisp_ward.active',
  +           objectives_met: 'quest.wisp_ward.active',
  +           outcomes: [Object: null prototype] {
  +             answer: 'quest.wisp_ward.resolved'
  +           },
  +           resolved: 'quest.wisp_ward.resolved'
  +         },
  +         key: 'wisp_ward',
  +         objective: [Object: null prototype] {
  +           evidence: 'current_state',
  +           policy: [Object: null prototype] {
  +             policy_version: 1,
  +             root: [Object: null prototype] {
  +               items: [],
  +               op: 'all'
  +             }
  +           }
  +         },
  +         title: 'quest.wisp_ward.title'
  +       }
  +     },
  +     reactions: [Object: null prototype] {
  +       'ashmere_missing_child@0.0.31:reaction/a_resolve_bell': [Object: null prototype] {
  +         apply: [
  +           [Object: null prototype] {
  +             op: 'quest.resolve',
  +             outcome: 'prior',
  +             quest: [Object: null prototype] {
  +               cartridge_id: 'ashmere_missing_child',
  +               cartridge_version: '0.0.31',
  +               key: 'bell_of_ashmere',
  +               kind: 'quest'
  +             }
  +           }
  +         ],
  +         key: 'a_resolve_bell',
  +         on: [Object: null prototype] {
  +           event: 'fact_changed',
  +           fact: [Object: null prototype] {
  +             cartridge_id: 'ashmere_missing_child',
  +             cartridge_version: '0.0.31',
  +             key: 'chapel_bell_rung',
  +             kind: 'fact'
  +           }
  +         },
  +         when: [Object: null prototype] {
  +           policy_version: 1,
  +           root: [Object: null prototype] {
  +             items: [
  +               [Object: null prototype] {
  +                 equals: true,
  +                 fact: [Object: null prototype] {
  +                   cartridge_id: 'ashmere_missing_child',
  +                   cartridge_version: '0.0.31',
  +                   key: 'chapel_bell_rung',
  +                   kind: 'fact'
  +                 },
  +                 op: 'fact_compare'
  +               },
  +               [Object: null prototype] {
  +                 op: 'quest_state',
  +                 quest: [Object: null prototype] {
  +                   cartridge_id: 'ashmere_missing_child',
  +                   cartridge_version: '0.0.31',
  +                   key: 'bell_of_ashmere',
  +                   kind: 'quest'
  +                 },
  +                 state: 'active'
  +               }
  +             ],
  +             op: 'all'
  +           }
  +         }
  +       },
  +       'ashmere_missing_child@0.0.31:reaction/b_lost_before_meeting': [Object: null prototype] {
  +         apply: [
  +           [Object: null prototype] {
  +             op: 'quest.fail',
  +             outcome: 'lost',
  +             quest: [Object: null prototype] {
  +               cartridge_id: 'ashmere_missing_child',
  +               cartridge_version: '0.0.31',
  +               key: 'missing_child',
  +               kind: 'quest'
  +             }
  +           },
  +           [Object: null prototype] {
  +             fact: [Object: null prototype] {
  +               cartridge_id: 'ashmere_missing_child',
  +               cartridge_version: '0.0.31',
  +               key: 'village_child_status',
  +               kind: 'fact'
  +             },
  +             op: 'fact.assign',
  +             value: 'lost'
  +           }
  +         ],
  +         key: 'b_lost_before_meeting',
  +         on: [Object: null prototype] {
  +           event: 'fact_changed',
  +           fact: [Object: null prototype] {
  +             cartridge_id: 'ashmere_missing_child',
  +             cartridge_version: '0.0.31',
  +             key: 'chapel_bell_rung',
  +             kind: 'fact'
  +           }
  +         },
  +         when: [Object: null prototype] {
  +           policy_version: 1,
  +           root: [Object: null prototype] {
  +             items: [
  +               [Object: null prototype] {
  +                 equals: true,
  +                 fact: [Object: null prototype] {
  +                   cartridge_id: 'ashmere_missing_child',
  +                   cartridge_version: '0.0.31',
  +                   key: 'chapel_bell_rung',
  +                   kind: 'fact'
  +                 },
  +                 op: 'fact_compare'
  +               },
  +               [Object: null prototype] {
  +                 op: 'quest_state',
  +                 quest: [Object: null prototype] {
  +                   cartridge_id: 'ashmere_missing_child',
  +                   cartridge_version: '0.0.31',
  +                   key: 'missing_child',
  +                   kind: 'quest'
  +                 },
  +                 state: 'active'
  +               },
  +               [Object: null prototype] {
  +                 equals: false,
  +                 fact: [Object: null prototype] {
  +                   cartridge_id: 'ashmere_missing_child',
  +                   cartridge_version: '0.0.31',
  +                   key: 'fen_wren_met',
  +                   kind: 'fact'
  +                 },
  +                 op: 'fact_compare'
  +               },
  +               [Object: null prototype] {
  +                 equals: 'unselected',
  +                 fact: [Object: null prototype] {
  +                   cartridge_id: 'ashmere_missing_child',
  +                   cartridge_version: '0.0.31',
  +                   key: 'fen_return_branch',
  +                   kind: 'fact'
  +                 },
  +                 op: 'fact_compare'
  +               },
  +               [Object: null prototype] {
  +                 equals: 'missing',
  +                 fact: [Object: null prototype] {
  +                   cartridge_id: 'ashmere_missing_child',
  +                   cartridge_version: '0.0.31',
  +                   key: 'village_child_status',
  +                   kind: 'fact'
  +                 },
  +                 op: 'fact_compare'
  +               }
  +             ],
  +             op: 'all'
  +           }
  +         }
  +       },
  +       'ashmere_missing_child@0.0.31:reaction/c_resolve_silence': [Object: null prototype] {
  +         apply: [
  +           [Object: null prototype] {
  +             op: 'quest.resolve',
  +             outcome: 'fox',
  +             quest: [Object: null prototype] {
  +               cartridge_id: 'ashmere_missing_child',
  +               cartridge_version: '0.0.31',
  +               key: 'bell_of_ashmere',
  +               kind: 'quest'
  +             }
  +           }
  +         ],
  +         key: 'c_resolve_silence',
  +         on: [Object: null prototype] {
  +           event: 'fact_changed',
  +           fact: [Object: null prototype] {
  +             cartridge_id: 'ashmere_missing_child',
  +             cartridge_version: '0.0.31',
  +             key: 'chapel_allegiance',
  +             kind: 'fact'
  +           }
  +         },
  +         when: [Object: null prototype] {
  +           policy_version: 1,
  +           root: [Object: null prototype] {
  +             items: [
  +               [Object: null prototype] {
  +                 equals: 'fox',
  +                 fact: [Object: null prototype] {
  +                   cartridge_id: 'ashmere_missing_child',
  +                   cartridge_version: '0.0.31',
  +                   key: 'chapel_allegiance',
  +                   kind: 'fact'
  +                 },
  +                 op: 'fact_compare'
  +               },
  +               [Object: null prototype] {
  +                 op: 'quest_state',
  +                 quest: [Object: null prototype] {
  +                   cartridge_id: 'ashmere_missing_child',
  +                   cartridge_version: '0.0.31',
  +                   key: 'bell_of_ashmere',
  +                   kind: 'quest'
  +                 },
  +                 state: 'active'
  +               }
  +             ],
  +             op: 'all'
  +           }
  +         }
  +       },
  +       'ashmere_missing_child@0.0.31:reaction/start_search': [Object: null prototype] {
  +         apply: [
  +           [Object: null prototype] {
  +             op: 'quest.activate',
  +             quest: [Object: null prototype] {
  +               cartridge_id: 'ashmere_missing_child',
  +               cartridge_version: '0.0.31',
  +               key: 'missing_child',
  +               kind: 'quest'
  +             }
  +           }
  +         ],
  +         key: 'start_search',
  +         on: [Object: null prototype] {
  +           event: 'quest_resolved',
  +           outcome: 'report',
  +           quest: [Object: null prototype] {
  +             cartridge_id: 'ashmere_missing_child',
  +             cartridge_version: '0.0.31',
  +             key: 'first_lead',
  +             kind: 'quest'
  +           }
  +         }
  +       }
  +     },
  +     recipes: [Object: null prototype] {
  +       'ashmere_missing_child@0.0.31:recipe/begin_epilogue_lost_prior': [Object: null prototype] {
  +         aliases: [
  +           'begin_epilogue_lost_prior'
  +         ],
  +         key: 'begin_epilogue_lost_prior',
  +         label: 'actions.begin_epilogue',
  +         outcomes: [Object: null prototype] {
  +           success: [Object: null prototype] {
  +             narration: [Object: null prototype] {
  +               actor: 'narration.begin_epilogue'
  +             },
  +             sequence: [
  +               [Object: null prototype] {
  +                 event: 'epilogue_begun',
  +                 op: 'event.emit'
  +               }
  +             ]
  +           }
  +         },
  +         policy: [Object: null prototype] {
  +           policy_version: 1,
  +           root: [Object: null prototype] {
  +             items: [
  +               [Object: null prototype] {
  +                 op: 'quest_state',
  +                 quest: [Object: null prototype] {
  +                   cartridge_id: 'ashmere_missing_child',
  +                   cartridge_version: '0.0.31',
  +                   key: 'missing_child',
  +                   kind: 'quest'
  +                 },
  +                 state: 'failed'
  +               },
  +               [Object: null prototype] {
  +                 equals: 'lost',
  +                 fact: [Object: null prototype] {
  +                   cartridge_id: 'ashmere_missing_child',
  +                   cartridge_version: '0.0.31',
  +                   key: 'village_child_status',
  +                   kind: 'fact'
  +                 },
  +                 op: 'fact_compare'
  +               },
  +               [Object: null prototype] {
  +                 op: 'quest_state',
  +                 quest: [Object: null prototype] {
  +                   cartridge_id: 'ashmere_missing_child',
  +                   cartridge_version: '0.0.31',
  +                   key: 'bell_of_ashmere',
  +                   kind: 'quest'
  +                 },
  +                 state: 'resolved'
  +               },
  +               [Object: null prototype] {
  +                 equals: 'prior',
  +                 fact: [Object: null prototype] {
  +                   cartridge_id: 'ashmere_missing_child',
  +                   cartridge_version: '0.0.31',
  +                   key: 'chapel_allegiance',
  +                   kind: 'fact'
  +                 },
  +                 op: 'fact_compare'
  +               },
  +               [Object: null prototype] {
  +                 equals: true,
  +                 fact: [Object: null prototype] {
  +                   cartridge_id: 'ashmere_missing_child',
  +                   cartridge_version: '0.0.31',
  +                   key: 'chapel_bell_rung',
  +                   kind: 'fact'
  +                 },
  +                 op: 'fact_compare'
  +               },
  +               [Object: null prototype] {
  +                 equals: -1,
  +                 fact: [Object: null prototype] {
  +                   cartridge_id: 'ashmere_missing_child',
  +                   cartridge_version: '0.0.31',
  +                   key: 'scene_bell_rung',
  +                   kind: 'fact'
  +                 },
  +                 op: 'fact_compare'
  +               },
  +               [Object: null prototype] {
  +                 equals: 0,
  +                 fact: [Object: null prototype] {
  +                   cartridge_id: 'ashmere_missing_child',
  +                   cartridge_version: '0.0.31',
  +                   key: 'scene_epilogue_lost_prior',
  +                   kind: 'fact'
  +                 },
  +                 op: 'fact_compare'
  +               },
  +               [Object: null prototype] {
  +                 equals: 'unreached',
  +                 fact: [Object: null prototype] {
  +                   cartridge_id: 'ashmere_missing_child',
  +                   cartridge_version: '0.0.31',
  +                   key: 'story_point_prologue_completed',
  +                   kind: 'fact'
  +                 },
  +                 op: 'fact_compare'
  +               }
  +             ],
  +             op: 'all'
  +           }
  +         },
  +         priority: 10,
  +         target: [Object: null prototype] {
  +           detail: 'market_cross',
  +           kind: 'detail',
  +           room: [Object: null prototype] {
  +             cartridge_id: 'ashmere_missing_child',
  +             cartridge_version: '0.0.31',
  +             key: 'village_green',
  +             kind: 'room'
  +           }
  +         }
  +       },
  +       'ashmere_missing_child@0.0.31:recipe/begin_epilogue_rescued_fox': [Object: null prototype] {
  +         aliases: [
  +           'begin_epilogue_rescued_fox'
  +         ],
  +         key: 'begin_epilogue_rescued_fox',
  +         label: 'actions.begin_epilogue',
  +         outcomes: [Object: null prototype] {
  +           success: [Object: null prototype] {
  +             narration: [Object: null prototype] {
  +               actor: 'narration.begin_epilogue'
  +             },
  +             sequence: [
  +               [Object: null prototype] {
  +                 event: 'epilogue_begun',
  +                 op: 'event.emit'
  +               }
  +             ]
  +           }
  +         },
  +         policy: [Object: null prototype] {
  +           policy_version: 1,
  +           root: [Object: null prototype] {
  +             items: [
  +               [Object: null prototype] {
  +                 op: 'quest_state',
  +                 quest: [Object: null prototype] {
  +                   cartridge_id: 'ashmere_missing_child',
  +                   cartridge_version: '0.0.31',
  +                   key: 'missing_child',
  +                   kind: 'quest'
  +                 },
  +                 state: 'resolved'
  +               },
  +               [Object: null prototype] {
  +                 equals: 'rescued',
  +                 fact: [Object: null prototype] {
  +                   cartridge_id: 'ashmere_missing_child',
  +                   cartridge_version: '0.0.31',
  +                   key: 'village_child_status',
  +                   kind: 'fact'
  +                 },
  +                 op: 'fact_compare'
  +               },
  +               [Object: null prototype] {
  +                 op: 'quest_state',
  +                 quest: [Object: null prototype] {
  +                   cartridge_id: 'ashmere_missing_child',
  +                   cartridge_version: '0.0.31',
  +                   key: 'bell_of_ashmere',
  +                   kind: 'quest'
  +                 },
  +                 state: 'resolved'
  +               },
  +               [Object: null prototype] {
  +                 equals: 'fox',
  +                 fact: [Object: null prototype] {
  +                   cartridge_id: 'ashmere_missing_child',
  +                   cartridge_version: '0.0.31',
  +                   key: 'chapel_allegiance',
  +                   kind: 'fact'
  +                 },
  +                 op: 'fact_compare'
  +               },
  +               [Object: null prototype] {
  +                 equals: false,
  +                 fact: [Object: null prototype] {
  +                   cartridge_id: 'ashmere_missing_child',
  +                   cartridge_version: '0.0.31',
  +                   key: 'chapel_bell_rung',
  +                   kind: 'fact'
  +                 },
  +                 op: 'fact_compare'
  +               },
  +               [Object: null prototype] {
  +                 equals: -1,
  +                 fact: [Object: null prototype] {
  +                   cartridge_id: 'ashmere_missing_child',
  +                   cartridge_version: '0.0.31',
  +                   key: 'scene_bell_silenced',
  +                   kind: 'fact'
  +                 },
  +                 op: 'fact_compare'
  +               },
  +               [Object: null prototype] {
  +                 equals: 0,
  +                 fact: [Object: null prototype] {
  +                   cartridge_id: 'ashmere_missing_child',
  +                   cartridge_version: '0.0.31',
  +                   key: 'scene_epilogue_rescued_fox',
  +                   kind: 'fact'
  +                 },
  +                 op: 'fact_compare'
  +               },
  +               [Object: null prototype] {
  +                 equals: 'unreached',
  +                 fact: [Object: null prototype] {
  +                   cartridge_id: 'ashmere_missing_child',
  +                   cartridge_version: '0.0.31',
  +                   key: 'story_point_prologue_completed',
  +                   kind: 'fact'
  +                 },
  +                 op: 'fact_compare'
  +               }
  +             ],
  +             op: 'all'
  +           }
  +         },
  +         priority: 10,
  +         target: [Object: null prototype] {
  +           detail: 'market_cross',
  +           kind: 'detail',
  +           room: [Object: null prototype] {
  +             cartridge_id: 'ashmere_missing_child',
  +             cartridge_version: '0.0.31',
  +             key: 'village_green',
  +             kind: 'room'
  +           }
  +         }
  +       },
  +       'ashmere_missing_child@0.0.31:recipe/begin_epilogue_rescued_prior': [Object: null prototype] {
  +         aliases: [
  +           'begin_epilogue_rescued_prior'
  +         ],
  +         key: 'begin_epilogue_rescued_prior',
  +         label: 'actions.begin_epilogue',
  +         outcomes: [Object: null prototype] {
  +           success: [Object: null prototype] {
  +             narration: [Object: null prototype] {
  +               actor: 'narration.begin_epilogue'
  +             },
  +             sequence: [
  +               [Object: null prototype] {
  +                 event: 'epilogue_begun',
  +                 op: 'event.emit'
  +               }
  +             ]
  +           }
  +         },
  +         policy: [Object: null prototype] {
  +           policy_version: 1,
  +           root: [Object: null prototype] {
  +             items: [
  +               [Object: null prototype] {
  +                 op: 'quest_state',
  +                 quest: [Object: null prototype] {
  +                   cartridge_id: 'ashmere_missing_child',
  +                   cartridge_version: '0.0.31',
  +                   key: 'missing_child',
  +                   kind: 'quest'
  +                 },
  +                 state: 'resolved'
  +               },
  +               [Object: null prototype] {
  +                 equals: 'rescued',
  +                 fact: [Object: null prototype] {
  +                   cartridge_id: 'ashmere_missing_child',
  +                   cartridge_version: '0.0.31',
  +                   key: 'village_child_status',
  +                   kind: 'fact'
  +                 },
  +                 op: 'fact_compare'
  +               },
  +               [Object: null prototype] {
  +                 op: 'quest_state',
  +                 quest: [Object: null prototype] {
  +                   cartridge_id: 'ashmere_missing_child',
  +                   cartridge_version: '0.0.31',
  +                   key: 'bell_of_ashmere',
  +                   kind: 'quest'
  +                 },
  +                 state: 'resolved'
  +               },
  +               [Object: null prototype] {
  +                 equals: 'prior',
  +                 fact: [Object: null prototype] {
  +                   cartridge_id: 'ashmere_missing_child',
  +                   cartridge_version: '0.0.31',
  +                   key: 'chapel_allegiance',
  +                   kind: 'fact'
  +                 },
  +                 op: 'fact_compare'
  +               },
  +               [Object: null prototype] {
  +                 equals: true,
  +                 fact: [Object: null prototype] {
  +                   cartridge_id: 'ashmere_missing_child',
  +                   cartridge_version: '0.0.31',
  +                   key: 'chapel_bell_rung',
  +                   kind: 'fact'
  +                 },
  +                 op: 'fact_compare'
  +               },
  +               [Object: null prototype] {
  +                 equals: -1,
  +                 fact: [Object: null prototype] {
  +                   cartridge_id: 'ashmere_missing_child',
  +                   cartridge_version: '0.0.31',
  +                   key: 'scene_bell_rung',
  +                   kind: 'fact'
  +                 },
  +                 op: 'fact_compare'
  +               },
  +               [Object: null prototype] {
  +                 equals: 0,
  +                 fact: [Object: null prototype] {
  +                   cartridge_id: 'ashmere_missing_child',
  +                   cartridge_version: '0.0.31',
  +                   key: 'scene_epilogue_rescued_prior',
  +                   kind: 'fact'
  +                 },
  +                 op: 'fact_compare'
  +               },
  +               [Object: null prototype] {
  +                 equals: 'unreached',
  +                 fact: [Object: null prototype] {
  +                   cartridge_id: 'ashmere_missing_child',
  +                   cartridge_version: '0.0.31',
  +                   key: 'story_point_prologue_completed',
  +                   kind: 'fact'
  +                 },
  +                 op: 'fact_compare'
  +               }
  +             ],
  +             op: 'all'
  +           }
  +         },
  +         priority: 10,
  +         target: [Object: null prototype] {
  +           detail: 'market_cross',
  +           kind: 'detail',
  +           room: [Object: null prototype] {
  +             cartridge_id: 'ashmere_missing_child',
  +             cartridge_version: '0.0.31',
  +             key: 'village_green',
  +             kind: 'room'
  +           }
  +         }
  +       },
  +       'ashmere_missing_child@0.0.31:recipe/begin_epilogue_stays_fox': [Object: null prototype] {
  +         aliases: [
  +           'begin_epilogue_stays_fox'
  +         ],
  +         key: 'begin_epilogue_stays_fox',
  +         label: 'actions.begin_epilogue',
  +         outcomes: [Object: null prototype] {
  +           success: [Object: null prototype] {
  +             narration: [Object: null prototype] {
  +               actor: 'narration.begin_epilogue'
  +             },
  +             sequence: [
  +               [Object: null prototype] {
  +                 event: 'epilogue_begun',
  +                 op: 'event.emit'
  +               }
  +             ]
  +           }
  +         },
  +         policy: [Object: null prototype] {
  +           policy_version: 1,
  +           root: [Object: null prototype] {
  +             items: [
  +               [Object: null prototype] {
  +                 op: 'quest_state',
  +                 quest: [Object: null prototype] {
  +                   cartridge_id: 'ashmere_missing_child',
  +                   cartridge_version: '0.0.31',
  +                   key: 'missing_child',
  +                   kind: 'quest'
  +                 },
  +                 state: 'resolved'
  +               },
  +               [Object: null prototype] {
  +                 equals: 'stays',
  +                 fact: [Object: null prototype] {
  +                   cartridge_id: 'ashmere_missing_child',
  +                   cartridge_version: '0.0.31',
  +                   key: 'village_child_status',
  +                   kind: 'fact'
  +                 },
  +                 op: 'fact_compare'
  +               },
  +               [Object: null prototype] {
  +                 op: 'quest_state',
  +                 quest: [Object: null prototype] {
  +                   cartridge_id: 'ashmere_missing_child',
  +                   cartridge_version: '0.0.31',
  +                   key: 'bell_of_ashmere',
  +                   kind: 'quest'
  +                 },
  +                 state: 'resolved'
  +               },
  +               [Object: null prototype] {
  +                 equals: 'fox',
  +                 fact: [Object: null prototype] {
  +                   cartridge_id: 'ashmere_missing_child',
  +                   cartridge_version: '0.0.31',
  +                   key: 'chapel_allegiance',
  +                   kind: 'fact'
  +                 },
  +                 op: 'fact_compare'
  +               },
  +               [Object: null prototype] {
  +                 equals: false,
  +                 fact: [Object: null prototype] {
  +                   cartridge_id: 'ashmere_missing_child',
  +                   cartridge_version: '0.0.31',
  +                   key: 'chapel_bell_rung',
  +                   kind: 'fact'
  +                 },
  +                 op: 'fact_compare'
  +               },
  +               [Object: null prototype] {
  +                 equals: -1,
  +                 fact: [Object: null prototype] {
  +                   cartridge_id: 'ashmere_missing_child',
  +                   cartridge_version: '0.0.31',
  +                   key: 'scene_bell_silenced',
  +                   kind: 'fact'
  +                 },
  +                 op: 'fact_compare'
  +               },
  +               [Object: null prototype] {
  +                 equals: 0,
  +                 fact: [Object: null prototype] {
  +                   cartridge_id: 'ashmere_missing_child',
  +                   cartridge_version: '0.0.31',
  +                   key: 'scene_epilogue_stays_fox',
  +                   kind: 'fact'
  +                 },
  +                 op: 'fact_compare'
  +               },
  +               [Object: null prototype] {
  +                 equals: 'unreached',
  +                 fact: [Object: null prototype] {
  +                   cartridge_id: 'ashmere_missing_child',
  +                   cartridge_version: '0.0.31',
  +                   key: 'story_point_prologue_completed',
  +                   kind: 'fact'
  +                 },
  +                 op: 'fact_compare'
  +               }
  +             ],
  +             op: 'all'
  +           }
  +         },
  +         priority: 10,
  +         target: [Object: null prototype] {
  +           detail: 'market_cross',
  +           kind: 'detail',
  +           room: [Object: null prototype] {
  +             cartridge_id: 'ashmere_missing_child',
  +             cartridge_version: '0.0.31',
  +             key: 'village_green',
  +             kind: 'room'
  +           }
  +         }
  +       },
  +       'ashmere_missing_child@0.0.31:recipe/begin_epilogue_stays_prior': [Object: null prototype] {
  +         aliases: [
  +           'begin_epilogue_stays_prior'
  +         ],
  +         key: 'begin_epilogue_stays_prior',
  +         label: 'actions.begin_epilogue',
  +         outcomes: [Object: null prototype] {
  +           success: [Object: null prototype] {
  +             narration: [Object: null prototype] {
  +               actor: 'narration.begin_epilogue'
  +             },
  +             sequence: [
  +               [Object: null prototype] {
  +                 event: 'epilogue_begun',
  +                 op: 'event.emit'
  +               }
  +             ]
  +           }
  +         },
  +         policy: [Object: null prototype] {
  +           policy_version: 1,
  +           root: [Object: null prototype] {
  +             items: [
  +               [Object: null prototype] {
  +                 op: 'quest_state',
  +                 quest: [Object: null prototype] {
  +                   cartridge_id: 'ashmere_missing_child',
  +                   cartridge_version: '0.0.31',
  +                   key: 'missing_child',
  +                   kind: 'quest'
  +                 },
  +                 state: 'resolved'
  +               },
  +               [Object: null prototype] {
  +                 equals: 'stays',
  +                 fact: [Object: null prototype] {
  +                   cartridge_id: 'ashmere_missing_child',
  +                   cartridge_version: '0.0.31',
  +                   key: 'village_child_status',
  +                   kind: 'fact'
  +                 },
  +                 op: 'fact_compare'
  +               },
  +               [Object: null prototype] {
  +                 op: 'quest_state',
  +                 quest: [Object: null prototype] {
  +                   cartridge_id: 'ashmere_missing_child',
  +                   cartridge_version: '0.0.31',
  +                   key: 'bell_of_ashmere',
  +                   kind: 'quest'
  +                 },
  +                 state: 'resolved'
  +               },
  +               [Object: null prototype] {
  +                 equals: 'prior',
  +                 fact: [Object: null prototype] {
  +                   cartridge_id: 'ashmere_missing_child',
  +                   cartridge_version: '0.0.31',
  +                   key: 'chapel_allegiance',
  +                   kind: 'fact'
  +                 },
  +                 op: 'fact_compare'
  +               },
  +               [Object: null prototype] {
  +                 equals: true,
  +                 fact: [Object: null prototype] {
  +                   cartridge_id: 'ashmere_missing_child',
  +                   cartridge_version: '0.0.31',
  +                   key: 'chapel_bell_rung',
  +                   kind: 'fact'
  +                 },
  +                 op: 'fact_compare'
  +               },
  +               [Object: null prototype] {
  +                 equals: -1,
  +                 fact: [Object: null prototype] {
  +                   cartridge_id: 'ashmere_missing_child',
  +                   cartridge_version: '0.0.31',
  +                   key: 'scene_bell_rung',
  +                   kind: 'fact'
  +                 },
  +                 op: 'fact_compare'
  +               },
  +               [Object: null prototype] {
  +                 equals: 0,
  +                 fact: [Object: null prototype] {
  +                   cartridge_id: 'ashmere_missing_child',
  +                   cartridge_version: '0.0.31',
  +                   key: 'scene_epilogue_stays_prior',
  +                   kind: 'fact'
  +                 },
  +                 op: 'fact_compare'
  +               },
  +               [Object: null prototype] {
  +                 equals: 'unreached',
  +                 fact: [Object: null prototype] {
  +                   cartridge_id: 'ashmere_missing_child',
  +                   cartridge_version: '0.0.31',
  +                   key: 'story_point_prologue_completed',
  +                   kind: 'fact'
  +                 },
  +                 op: 'fact_compare'
  +               }
  +             ],
  +             op: 'all'
  +           }
  +         },
  +         priority: 10,
  +         target: [Object: null prototype] {
  +           detail: 'market_cross',
  +           kind: 'detail',
  +           room: [Object: null prototype] {
  +             cartridge_id: 'ashmere_missing_child',
  +             cartridge_version: '0.0.31',
  +             key: 'village_green',
  +             kind: 'room'
  +           }
  +         }
  +       },
  +       'ashmere_missing_child@0.0.31:recipe/ring_bell': [Object: null prototype] {
  +         aliases: [
  +           'ring'
  +         ],
  +         key: 'ring_bell',
  +         label: 'actions.ring_bell',
  +         outcomes: [Object: null prototype] {
  +           success: [Object: null prototype] {
  +             narration: [Object: null prototype] {
  +               actor: 'narration.ring_bell'
  +             },
  +             sequence: [
  +               [Object: null prototype] {
  +                 fact: [Object: null prototype] {
  +                   cartridge_id: 'ashmere_missing_child',
  +                   cartridge_version: '0.0.31',
  +                   key: 'chapel_bell_rung',
  +                   kind: 'fact'
  +                 },
  +                 op: 'fact.assign',
  +                 value: true
  +               },
  +               [Object: null prototype] {
  +                 fact: [Object: null prototype] {
  +                   cartridge_id: 'ashmere_missing_child',
  +                   cartridge_version: '0.0.31',
  +                   key: 'chapel_allegiance',
  +                   kind: 'fact'
  +                 },
  +                 op: 'fact.assign',
  +                 value: 'prior'
  +               }
  +             ]
  +           }
  +         },
  +         policy: [Object: null prototype] {
  +           policy_version: 1,
  +           root: [Object: null prototype] {
  +             items: [
  +               [Object: null prototype] {
  +                 op: 'quest_state',
  +                 quest: [Object: null prototype] {
  +                   cartridge_id: 'ashmere_missing_child',
  +                   cartridge_version: '0.0.31',
  +                   key: 'bell_of_ashmere',
  +                   kind: 'quest'
  +                 },
  +                 state: 'active'
  +               },
  +               [Object: null prototype] {
  +                 equals: false,
  +                 fact: [Object: null prototype] {
  +                   cartridge_id: 'ashmere_missing_child',
  +                   cartridge_version: '0.0.31',
  +                   key: 'chapel_bell_rung',
  +                   kind: 'fact'
  +                 },
  +                 op: 'fact_compare'
  +               },
  +               [Object: null prototype] {
  +                 equals: 'unknown',
  +                 fact: [Object: null prototype] {
  +                   cartridge_id: 'ashmere_missing_child',
  +                   cartridge_version: '0.0.31',
  +                   key: 'chapel_allegiance',
  +                   kind: 'fact'
  +                 },
  +                 op: 'fact_compare'
  +               },
  +               [Object: null prototype] {
  +                 items: [
  +                   [Object: null prototype] {
  +                     items: [
  +                       [Object: null prototype] {
  +                         op: 'quest_state',
  +                         quest: [Object: null prototype] {
  +                           cartridge_id: 'ashmere_missing_child',
  +                           cartridge_version: '0.0.31',
  +                           key: 'missing_child',
  +                           kind: 'quest'
  +                         },
  +                         state: 'active'
  +                       },
  +                       [Object: null prototype] {
  +                         equals: true,
  +                         fact: [Object: null prototype] {
  +                           cartridge_id: 'ashmere_missing_child',
  +                           cartridge_version: '0.0.31',
  +                           key: 'fen_tracks_found',
  +                           kind: 'fact'
  +                         },
  +                         op: 'fact_compare'
  +                       }
  +                     ],
  +                     op: 'all'
  +                   },
  +                   [Object: null prototype] {
  +                     items: [
  +                       [Object: null prototype] {
  +                         op: 'quest_state',
  +                         quest: [Object: null prototype] {
  +                           cartridge_id: 'ashmere_missing_child',
  +                           cartridge_version: '0.0.31',
  +                           key: 'missing_child',
  +                           kind: 'quest'
  +                         },
  +                         state: 'resolved'
  +                       },
  +                       [Object: null prototype] {
  +                         items: [
  +                           [Object: null prototype] {
  +                             equals: 'rescued',
  +                             fact: [Object: null prototype] {
  +                               cartridge_id: 'ashmere_missing_child',
  +                               cartridge_version: '0.0.31',
  +                               key: 'village_child_status',
  +                               kind: 'fact'
  +                             },
  +                             op: 'fact_compare'
  +                           },
  +                           [Object: null prototype] {
  +                             equals: 'stays',
  +                             fact: [Object: null prototype] {
  +                               cartridge_id: 'ashmere_missing_child',
  +                               cartridge_version: '0.0.31',
  +                               key: 'village_child_status',
  +                               kind: 'fact'
  +                             },
  +                             op: 'fact_compare'
  +                           }
  +                         ],
  +                         op: 'any'
  +                       }
  +                     ],
  +                     op: 'all'
  +                   }
  +                 ],
  +                 op: 'any'
  +               }
  +             ],
  +             op: 'all'
  +           }
  +         },
  +         priority: 10,
  +         target: [Object: null prototype] {
  +           detail: 'bell',
  +           kind: 'detail',
  +           room: [Object: null prototype] {
  +             cartridge_id: 'ashmere_missing_child',
  +             cartridge_version: '0.0.31',
  +             key: 'belfry',
  +             kind: 'room'
  +           }
  +         }
  +       },
  +       'ashmere_missing_child@0.0.31:recipe/seek_wisp': [Object: null prototype] {
  +         aliases: [
  +           'seek'
  +         ],
  +         check: [Object: null prototype] {
  +           attribute: [Object: null prototype] {
  +             cartridge_id: 'ashmere_missing_child',
  +             cartridge_version: '0.0.31',
  +             key: 'per',
  +             kind: 'attribute'
  +           },
  +           difficulty: 5,
  +           key: 'wisp_perception',
  +           kind: 'attribute_threshold'
  +         },
  +         key: 'seek_wisp',
  +         label: 'actions.seek_wisp',
  +         outcomes: [Object: null prototype] {
  +           failure: [Object: null prototype] {
  +             narration: [Object: null prototype] {
  +               actor: 'narration.seek_wisp_failed'
  +             },
  +             sequence: []
  +           },
  +           success: [Object: null prototype] {
  +             narration: [Object: null prototype] {
  +               actor: 'narration.seek_wisp'
  +             },
  +             sequence: [
  +               [Object: null prototype] {
  +                 fact: [Object: null prototype] {
  +                   cartridge_id: 'ashmere_missing_child',
  +                   cartridge_version: '0.0.31',
  +                   key: 'fen_wisp_discovered',
  +                   kind: 'fact'
  +                 },
  +                 op: 'fact.assign',
  +                 value: true
  +               }
  +             ]
  +           }
  +         },
  +         policy: [Object: null prototype] {
  +           policy_version: 1,
  +           root: [Object: null prototype] {
  +             items: [
  +               [Object: null prototype] {
  +                 op: 'light_off'
  +               },
  +               [Object: null prototype] {
  +                 equals: false,
  +                 fact: [Object: null prototype] {
  +                   cartridge_id: 'ashmere_missing_child',
  +                   cartridge_version: '0.0.31',
  +                   key: 'fen_wisp_discovered',
  +                   kind: 'fact'
  +                 },
  +                 op: 'fact_compare'
  +               }
  +             ],
  +             op: 'all'
  +           }
  +         },
  +         priority: 10,
  +         target: [Object: null prototype] {
  +           detail: 'glow',
  +           kind: 'detail',
  +           room: [Object: null prototype] {
  +             cartridge_id: 'ashmere_missing_child',
  +             cartridge_version: '0.0.31',
  +             key: 'marsh_light',
  +             kind: 'room'
  +           }
  +         }
  +       },
  +       'ashmere_missing_child@0.0.31:recipe/silence_bell': [Object: null prototype] {
  +         aliases: [
  +           'silence'
  +         ],
  +         key: 'silence_bell',
  +         label: 'actions.silence_bell',
  +         outcomes: [Object: null prototype] {
  +           success: [Object: null prototype] {
  +             narration: [Object: null prototype] {
  +               actor: 'narration.silence_bell'
  +             },
  +             sequence: [
  +               [Object: null prototype] {
  +                 fact: [Object: null prototype] {
  +                   cartridge_id: 'ashmere_missing_child',
  +                   cartridge_version: '0.0.31',
  +                   key: 'chapel_allegiance',
  +                   kind: 'fact'
  +                 },
  +                 op: 'fact.assign',
  +                 value: 'fox'
  +               }
  +             ]
  +           }
  +         },
  +         policy: [Object: null prototype] {
  +           policy_version: 1,
  +           root: [Object: null prototype] {
  +             items: [
  +               [Object: null prototype] {
  +                 op: 'quest_state',
  +                 quest: [Object: null prototype] {
  +                   cartridge_id: 'ashmere_missing_child',
  +                   cartridge_version: '0.0.31',
  +                   key: 'bell_of_ashmere',
  +                   kind: 'quest'
  +                 },
  +                 state: 'active'
  +               },
  +               [Object: null prototype] {
  +                 op: 'quest_state',
  +                 quest: [Object: null prototype] {
  +                   cartridge_id: 'ashmere_missing_child',
  +                   cartridge_version: '0.0.31',
  +                   key: 'missing_child',
  +                   kind: 'quest'
  +                 },
  +                 state: 'resolved'
  +               },
  +               [Object: null prototype] {
  +                 items: [
  +                   [Object: null prototype] {
  +                     equals: 'rescued',
  +                     fact: [Object: null prototype] {
  +                       cartridge_id: 'ashmere_missing_child',
  +                       cartridge_version: '0.0.31',
  +                       key: 'village_child_status',
  +                       kind: 'fact'
  +                     },
  +                     op: 'fact_compare'
  +                   },
  +                   [Object: null prototype] {
  +                     equals: 'stays',
  +                     fact: [Object: null prototype] {
  +                       cartridge_id: 'ashmere_missing_child',
  +                       cartridge_version: '0.0.31',
  +                       key: 'village_child_status',
  +                       kind: 'fact'
  +                     },
  +                     op: 'fact_compare'
  +                   }
  +                 ],
  +                 op: 'any'
  +               },
  +               [Object: null prototype] {
  +                 equals: false,
  +                 fact: [Object: null prototype] {
  +                   cartridge_id: 'ashmere_missing_child',
  +                   cartridge_version: '0.0.31',
  +                   key: 'chapel_bell_rung',
  +                   kind: 'fact'
  +                 },
  +                 op: 'fact_compare'
  +               },
  +               [Object: null prototype] {
  +                 equals: 'unknown',
  +                 fact: [Object: null prototype] {
  +                   cartridge_id: 'ashmere_missing_child',
  +                   cartridge_version: '0.0.31',
  +                   key: 'chapel_allegiance',
  +                   kind: 'fact'
  +                 },
  +                 op: 'fact_compare'
  +               }
  +             ],
  +             op: 'all'
  +           }
  +         },
  +         priority: 11,
  +         target: [Object: null prototype] {
  +           detail: 'bell',
  +           kind: 'detail',
  +           room: [Object: null prototype] {
  +             cartridge_id: 'ashmere_missing_child',
  +             cartridge_version: '0.0.31',
  +             key: 'belfry',
  +             kind: 'room'
  +           }
  +         }
  +       },
  +       'ashmere_missing_child@0.0.31:recipe/study_tracks': [Object: null prototype] {
  +         aliases: [
  +           'study'
  +         ],
  +         key: 'study_tracks',
  +         label: 'actions.study_tracks',
  +         outcomes: [Object: null prototype] {
  +           success: [Object: null prototype] {
  +             narration: [Object: null prototype] {
  +               actor: 'narration.study_tracks'
  +             },
  +             sequence: [
  +               [Object: null prototype] {
  +                 fact: [Object: null prototype] {
  +                   cartridge_id: 'ashmere_missing_child',
  +                   cartridge_version: '0.0.31',
  +                   key: 'fen_tracks_found',
  +                   kind: 'fact'
  +                 },
  +                 op: 'fact.assign',
  +                 value: true
  +               }
  +             ]
  +           }
  +         },
  +         policy: [Object: null prototype] {
  +           policy_version: 1,
  +           root: [Object: null prototype] {
  +             items: [
  +               [Object: null prototype] {
  +                 op: 'quest_state',
  +                 quest: [Object: null prototype] {
  +                   cartridge_id: 'ashmere_missing_child',
  +                   cartridge_version: '0.0.31',
  +                   key: 'missing_child',
  +                   kind: 'quest'
  +                 },
  +                 state: 'active'
  +               },
  +               [Object: null prototype] {
  +                 equals: false,
  +                 fact: [Object: null prototype] {
  +                   cartridge_id: 'ashmere_missing_child',
  +                   cartridge_version: '0.0.31',
  +                   key: 'fen_tracks_found',
  +                   kind: 'fact'
  +                 },
  +                 op: 'fact_compare'
  +               }
  +             ],
  +             op: 'all'
  +           }
  +         },
  +         priority: 10,
  +         target: [Object: null prototype] {
  +           detail: 'tracks',
  +           kind: 'detail',
  +           room: [Object: null prototype] {
  +             cartridge_id: 'ashmere_missing_child',
  +             cartridge_version: '0.0.31',
  +             key: 'reed_bank',
  +             kind: 'room'
  +           }
  +         }
  +       }
  +     },
  +     resources: [Object: null prototype] {
  +       'ashmere_missing_child@0.0.31:resource/hp': [Object: null prototype] {
  +         gain: 5,
  +         gain_every: 3600,
  +         key: 'hp',
  +         maximum: 10,
  +         minimum: 0,
  +         start: 10
  +       },
  +       'ashmere_missing_child@0.0.31:resource/lantern_meals': [Object: null prototype] {
  +         gain: 0,
  +         key: 'lantern_meals',
  +         maximum: 4,
  +         minimum: 0,
  +         start: 0
  +       },
  +       'ashmere_missing_child@0.0.31:resource/ma': [Object: null prototype] {
  +         gain: 4,
  +         gain_every: 3600,
  +         key: 'ma',
  +         maximum: 100,
  +         minimum: 0,
  +         start: 100
  +       },
  +       'ashmere_missing_child@0.0.31:resource/mv': [Object: null prototype] {
  +         bands: [
  +           [Object: null prototype] {
  +             at_percent: 100,
  +             key: 'mv_ready',
  +             tone: 'normal'
  +           },
  +           [Object: null prototype] {
  +             at_percent: 75,
  +             key: 'steady',
  +             tone: 'normal'
  +           },
  +           [Object: null prototype] {
  +             at_percent: 25,
  +             key: 'tired',
  +             tone: 'warning'
  +           },
  +           [Object: null prototype] {
  +             at_percent: 0,
  +             key: 'exhausted',
  +             tone: 'danger'
  +           }
  +         ],
  +         gain: 18,
  +         key: 'mv',
  +         maximum: 100,
  +         minimum: 0,
  +         regen: [Object: null prototype] {
  +           by_position: [Object: null prototype] {
  +             resting: 36,
  +             sitting: 18,
  +             sleeping: 36,
  +             standing: 18
  +           },
  +           every: 3600
  +         },
  +         start: 50
  +       },
  +       'ashmere_missing_child@0.0.31:resource/pennies': [Object: null prototype] {
  +         gain: 0,
  +         key: 'pennies',
  +         maximum: 1000,
  +         minimum: 0,
  +         start: 20
  +       }
  +     },
  +     rooms: [Object: null prototype] {
  +       'ashmere_missing_child@0.0.31:room/adder_nest': [Object: null prototype] {
  +         description: 'room.adder_nest.description',
  +         details: [Object: null prototype] {
  +           empty_nest: [Object: null prototype] {
  +             aliases: [
  +               'empty_nest',
  +               'nest'
  +             ],
  +             description: 'detail.empty_nest.description'
  +           }
  +         },
  +         exits: [Object: null prototype] {
  +           west: [Object: null prototype] {
  +             to: [Object: null prototype] {
  +               cartridge_id: 'ashmere_missing_child',
  +               cartridge_version: '0.0.31',
  +               key: 'hound_run',
  +               kind: 'room'
  +             }
  +           }
  +         },
  +         key: 'adder_nest',
  +         title: 'room.adder_nest.title'
  +       },
  +       'ashmere_missing_child@0.0.31:room/belfry': [Object: null prototype] {
  +         description: 'room.belfry.description',
  +         details: [Object: null prototype] {
  +           bell: [Object: null prototype] {
  +             aliases: [
  +               'bell'
  +             ],
  +             description: 'detail.bell.description',
  +             readable: [Object: null prototype] {
  +               label: 'actions.read_bell',
  +               text: 'readable.bell',
  +               title: 'detail.bell.title'
  +             }
  +           }
  +         },
  +         exits: [Object: null prototype] {
  +           down: [Object: null prototype] {
  +             to: [Object: null prototype] {
  +               cartridge_id: 'ashmere_missing_child',
  +               cartridge_version: '0.0.31',
  +               key: 'bell_tower',
  +               kind: 'room'
  +             }
  +           },
  +           up: [Object: null prototype] {
  +             to: [Object: null prototype] {
  +               cartridge_id: 'ashmere_missing_child',
  +               cartridge_version: '0.0.31',
  +               key: 'spire',
  +               kind: 'room'
  +             }
  +           }
  +         },
  +         key: 'belfry',
  +         title: 'room.belfry.title'
  +       },
  +       'ashmere_missing_child@0.0.31:room/bell_tower': [Object: null prototype] {
  +         description: 'room.bell_tower.description',
  +         exits: [Object: null prototype] {
  +           down: [Object: null prototype] {
  +             to: [Object: null prototype] {
  +               cartridge_id: 'ashmere_missing_child',
  +               cartridge_version: '0.0.31',
  +               key: 'chapel_nave',
  +               kind: 'room'
  +             }
  +           },
  +           up: [Object: null prototype] {
  +             to: [Object: null prototype] {
  +               cartridge_id: 'ashmere_missing_child',
  +               cartridge_version: '0.0.31',
  +               key: 'belfry',
  +               kind: 'room'
  +             }
  +           }
  +         },
  +         key: 'bell_tower',
  +         title: 'room.bell_tower.title'
  +       },
  +       'ashmere_missing_child@0.0.31:room/black_pool': [Object: null prototype] {
  +         description: 'room.black_pool.description',
  +         exits: [Object: null prototype] {
  +           east: [Object: null prototype] {
  +             to: [Object: null prototype] {
  +               cartridge_id: 'ashmere_missing_child',
  +               cartridge_version: '0.0.31',
  +               key: 'fox_hollow',
  +               kind: 'room'
  +             }
  +           },
  +           north: [Object: null prototype] {
  +             to: [Object: null prototype] {
  +               cartridge_id: 'ashmere_missing_child',
  +               cartridge_version: '0.0.31',
  +               key: 'drowned_oak',
  +               kind: 'room'
  +             }
  +           },
  +           south: [Object: null prototype] {
  +             to: [Object: null prototype] {
  +               cartridge_id: 'ashmere_missing_child',
  +               cartridge_version: '0.0.31',
  +               key: 'fishing_shallows',
  +               kind: 'room'
  +             }
  +           }
  +         },
  +         key: 'black_pool',
  +         title: 'room.black_pool.title'
  +       },
  +       'ashmere_missing_child@0.0.31:room/boathouse': [Object: null prototype] {
  +         description: 'room.boathouse.description',
  +         details: [Object: null prototype] {
  +           ferry: [Object: null prototype] {
  +             aliases: [
  +               'ferry',
  +               'rope_ferry'
  +             ],
  +             description: 'detail.fen_outbound.description',
  +             transport: [Object: null prototype] {
  +               route: [Object: null prototype] {
  +                 cartridge_id: 'ashmere_missing_child',
  +                 cartridge_version: '0.0.31',
  +                 key: 'fen_outbound',
  +                 kind: 'transport'
  +               },
  +               title: 'detail.ferry.title'
  +             }
  +           }
  +         },
  +         exits: [Object: null prototype] {
  +           east: [Object: null prototype] {
  +             to: [Object: null prototype] {
  +               cartridge_id: 'ashmere_missing_child',
  +               cartridge_version: '0.0.31',
  +               key: 'ferry_landing',
  +               kind: 'room'
  +             }
  +           }
  +         },
  +         key: 'boathouse',
  +         title: 'room.boathouse.title'
  +       },
  +       'ashmere_missing_child@0.0.31:room/chandler': [Object: null prototype] {
  +         description: 'room.chandler.description',
  +         exits: [Object: null prototype] {
  +           down: [Object: null prototype] {
  +             to: [Object: null prototype] {
  +               cartridge_id: 'ashmere_missing_child',
  +               cartridge_version: '0.0.31',
  +               key: 'chandler_storeroom',
  +               kind: 'room'
  +             }
  +           },
  +           east: [Object: null prototype] {
  +             to: [Object: null prototype] {
  +               cartridge_id: 'ashmere_missing_child',
  +               cartridge_version: '0.0.31',
  +               key: 'well_lane',
  +               kind: 'room'
  +             }
  +           }
  +         },
  +         key: 'chandler',
  +         title: 'room.chandler.title'
  +       },
  +       'ashmere_missing_child@0.0.31:room/chandler_storeroom': [Object: null prototype] {
  +         description: 'room.chandler_storeroom.description',
  +         exits: [Object: null prototype] {
  +           up: [Object: null prototype] {
  +             to: [Object: null prototype] {
  +               cartridge_id: 'ashmere_missing_child',
  +               cartridge_version: '0.0.31',
  +               key: 'chandler',
  +               kind: 'room'
  +             }
  +           }
  +         },
  +         key: 'chandler_storeroom',
  +         title: 'room.chandler_storeroom.title'
  +       },
  +       'ashmere_missing_child@0.0.31:room/chapel_nave': [Object: null prototype] {
  +         description: 'room.chapel_nave.description',
  +         exits: [Object: null prototype] {
  +           north: [Object: null prototype] {
  +             to: [Object: null prototype] {
  +               cartridge_id: 'ashmere_missing_child',
  +               cartridge_version: '0.0.31',
  +               key: 'cloister',
  +               kind: 'room'
  +             }
  +           },
  +           south: [Object: null prototype] {
  +             to: [Object: null prototype] {
  +               cartridge_id: 'ashmere_missing_child',
  +               cartridge_version: '0.0.31',
  +               key: 'chapel_steps',
  +               kind: 'room'
  +             }
  +           },
  +           up: [Object: null prototype] {
  +             to: [Object: null prototype] {
  +               cartridge_id: 'ashmere_missing_child',
  +               cartridge_version: '0.0.31',
  +               key: 'bell_tower',
  +               kind: 'room'
  +             }
  +           },
  +           west: [Object: null prototype] {
  +             to: [Object: null prototype] {
  +               cartridge_id: 'ashmere_missing_child',
  +               cartridge_version: '0.0.31',
  +               key: 'prior_study',
  +               kind: 'room'
  +             }
  +           }
  +         },
  +         key: 'chapel_nave',
  +         sanctuary: true,
  +         title: 'room.chapel_nave.title'
  +       },
  +       'ashmere_missing_child@0.0.31:room/chapel_steps': [Object: null prototype] {
  +         description: 'room.chapel_steps.description',
  +         exits: [Object: null prototype] {
  +           north: [Object: null prototype] {
  +             to: [Object: null prototype] {
  +               cartridge_id: 'ashmere_missing_child',
  +               cartridge_version: '0.0.31',
  +               key: 'chapel_nave',
  +               kind: 'room'
  +             }
  +           },
  +           south: [Object: null prototype] {
  +             to: [Object: null prototype] {
  +               cartridge_id: 'ashmere_missing_child',
  +               cartridge_version: '0.0.31',
  +               key: 'north_gate',
  +               kind: 'room'
  +             }
  +           }
  +         },
  +         key: 'chapel_steps',
  +         title: 'room.chapel_steps.title'
  +       },
  +       'ashmere_missing_child@0.0.31:room/cloister': [Object: null prototype] {
  +         description: 'room.cloister.description',
  +         exits: [Object: null prototype] {
  +           east: [Object: null prototype] {
  +             to: [Object: null prototype] {
  +               cartridge_id: 'ashmere_missing_child',
  +               cartridge_version: '0.0.31',
  +               key: 'infirmary',
  +               kind: 'room'
  +             }
  +           },
  +           south: [Object: null prototype] {
  +             to: [Object: null prototype] {
  +               cartridge_id: 'ashmere_missing_child',
  +               cartridge_version: '0.0.31',
  +               key: 'chapel_nave',
  +               kind: 'room'
  +             }
  +           },
  +           west: [Object: null prototype] {
  +             to: [Object: null prototype] {
  +               cartridge_id: 'ashmere_missing_child',
  +               cartridge_version: '0.0.31',
  +               key: 'scriptorium',
  +               kind: 'room'
  +             }
  +           }
  +         },
  +         key: 'cloister',
  +         title: 'room.cloister.title'
  +       },
  +       'ashmere_missing_child@0.0.31:room/drowned_lantern': [Object: null prototype] {
  +         description: 'room.drowned_lantern.description',
  +         details: [Object: null prototype] {
  +           cellar_help: [Object: null prototype] {
  +             aliases: [
  +               'cellar_help'
  +             ],
  +             description: 'detail.cellar_help.description',
  +             readable: [Object: null prototype] {
  +               label: 'actions.read_cellar_help',
  +               text: 'readable.cellar_help'
  +             }
  +           },
  +           lost_whistle: [Object: null prototype] {
  +             aliases: [
  +               'lost_whistle'
  +             ],
  +             description: 'detail.lost_whistle.description',
  +             readable: [Object: null prototype] {
  +               label: 'actions.read_lost_whistle',
  +               text: 'readable.lost_whistle'
  +             }
  +           },
  +           rumor_board: [Object: null prototype] {
  +             aliases: [
  +               'rumor_board',
  +               'board'
  +             ],
  +             description: 'detail.rumor_board.description',
  +             notice_board: [Object: null prototype] {
  +               notices: [
  +                 [Object: null prototype] {
  +                   detail: 'lost_whistle',
  +                   title: 'detail.lost_whistle.title'
  +                 },
  +                 [Object: null prototype] {
  +                   detail: 'cellar_help',
  +                   title: 'detail.cellar_help.title'
  +                 }
  +               ],
  +               title: 'detail.rumor_board.title'
  +             }
  +           }
  +         },
  +         exits: [Object: null prototype] {
  +           down: [Object: null prototype] {
  +             to: [Object: null prototype] {
  +               cartridge_id: 'ashmere_missing_child',
  +               cartridge_version: '0.0.31',
  +               key: 'lantern_cellar',
  +               kind: 'room'
  +             }
  +           },
  +           up: [Object: null prototype] {
  +             to: [Object: null prototype] {
  +               cartridge_id: 'ashmere_missing_child',
  +               cartridge_version: '0.0.31',
  +               key: 'inn_rooms',
  +               kind: 'room'
  +             }
  +           },
  +           west: [Object: null prototype] {
  +             to: [Object: null prototype] {
  +               cartridge_id: 'ashmere_missing_child',
  +               cartridge_version: '0.0.31',
  +               key: 'well_lane',
  +               kind: 'room'
  +             }
  +           }
  +         },
  +         key: 'drowned_lantern',
  +         title: 'room.drowned_lantern.title'
  +       },
  +       'ashmere_missing_child@0.0.31:room/drowned_oak': [Object: null prototype] {
  +         description: 'room.drowned_oak.description',
  +         exits: [Object: null prototype] {
  +           east: [Object: null prototype] {
  +             to: [Object: null prototype] {
  +               cartridge_id: 'ashmere_missing_child',
  +               cartridge_version: '0.0.31',
  +               key: 'mire_crossing',
  +               kind: 'room'
  +             }
  +           },
  +           north: [Object: null prototype] {
  +             to: [Object: null prototype] {
  +               cartridge_id: 'ashmere_missing_child',
  +               cartridge_version: '0.0.31',
  +               key: 'willow_shade',
  +               kind: 'room'
  +             }
  +           },
  +           south: [Object: null prototype] {
  +             to: [Object: null prototype] {
  +               cartridge_id: 'ashmere_missing_child',
  +               cartridge_version: '0.0.31',
  +               key: 'black_pool',
  +               kind: 'room'
  +             }
  +           },
  +           up: [Object: null prototype] {
  +             to: [Object: null prototype] {
  +               cartridge_id: 'ashmere_missing_child',
  +               cartridge_version: '0.0.31',
  +               key: 'oak_branches',
  +               kind: 'room'
  +             }
  +           }
  +         },
  +         key: 'drowned_oak',
  +         title: 'room.drowned_oak.title'
  +       },
  +       'ashmere_missing_child@0.0.31:room/east_gate': [Object: null prototype] {
  +         description: 'room.east_gate.description',
  +         details: [Object: null prototype] {
  +           road_sign: [Object: null prototype] {
  +             aliases: [
  +               'road_sign'
  +             ],
  +             description: 'detail.road_sign.description',
  +             readable: [Object: null prototype] {
  +               label: 'actions.read_road_sign',
  +               text: 'readable.road_sign',
  +               title: 'detail.road_sign.title'
  +             }
  +           }
  +         },
  +         exits: [Object: null prototype] {
  +           west: [Object: null prototype] {
  +             to: [Object: null prototype] {
  +               cartridge_id: 'ashmere_missing_child',
  +               cartridge_version: '0.0.31',
  +               key: 'village_green',
  +               kind: 'room'
  +             }
  +           }
  +         },
  +         key: 'east_gate',
  +         title: 'room.east_gate.title'
  +       },
  +       'ashmere_missing_child@0.0.31:room/elspeth_cottage': [Object: null prototype] {
  +         description: 'room.elspeth_cottage.description',
  +         details: [Object: null prototype] {
  +           cot: [Object: null prototype] {
  +             aliases: [
  +               'cot'
  +             ],
  +             description: 'detail.elspeth_cottage.cot.description',
  +             variants: [
  +               [Object: null prototype] {
  +                 description: 'detail.elspeth_cottage.cot.rescued',
  +                 when: [Object: null prototype] {
  +                   policy_version: 1,
  +                   root: [Object: null prototype] {
  +                     equals: 'rescued',
  +                     fact: [Object: null prototype] {
  +                       cartridge_id: 'ashmere_missing_child',
  +                       cartridge_version: '0.0.31',
  +                       key: 'village_child_status',
  +                       kind: 'fact'
  +                     },
  +                     op: 'fact_compare'
  +                   }
  +                 }
  +               },
  +               [Object: null prototype] {
  +                 description: 'detail.elspeth_cottage.cot.stays',
  +                 when: [Object: null prototype] {
  +                   policy_version: 1,
  +                   root: [Object: null prototype] {
  +                     equals: 'stays',
  +                     fact: [Object: null prototype] {
  +                       cartridge_id: 'ashmere_missing_child',
  +                       cartridge_version: '0.0.31',
  +                       key: 'village_child_status',
  +                       kind: 'fact'
  +                     },
  +                     op: 'fact_compare'
  +                   }
  +                 }
  +               },
  +               [Object: null prototype] {
  +                 description: 'detail.elspeth_cottage.cot.lost',
  +                 when: [Object: null prototype] {
  +                   policy_version: 1,
  +                   root: [Object: null prototype] {
  +                     equals: 'lost',
  +                     fact: [Object: null prototype] {
  +                       cartridge_id: 'ashmere_missing_child',
  +                       cartridge_version: '0.0.31',
  +                       key: 'village_child_status',
  +                       kind: 'fact'
  +                     },
  +                     op: 'fact_compare'
  +                   }
  +                 }
  +               }
  +             ]
  +           },
  +           hearth: [Object: null prototype] {
  +             aliases: [
  +               'hearth'
  +             ],
  +             description: 'detail.elspeth_cottage.hearth.description'
  +           }
  +         },
  +         exits: [Object: null prototype] {
  +           east: [Object: null prototype] {
  +             to: [Object: null prototype] {
  +               cartridge_id: 'ashmere_missing_child',
  +               cartridge_version: '0.0.31',
  +               key: 'north_gate',
  +               kind: 'room'
  +             }
  +           }
  +         },
  +         key: 'elspeth_cottage',
  +         title: 'room.elspeth_cottage.title',
  +         variants: [
  +           [Object: null prototype] {
  +             description: 'room.elspeth_cottage.rescued',
  +             when: [Object: null prototype] {
  +               policy_version: 1,
  +               root: [Object: null prototype] {
  +                 equals: 'rescued',
  +                 fact: [Object: null prototype] {
  +                   cartridge_id: 'ashmere_missing_child',
  +                   cartridge_version: '0.0.31',
  +                   key: 'village_child_status',
  +                   kind: 'fact'
  +                 },
  +                 op: 'fact_compare'
  +               }
  +             }
  +           },
  +           [Object: null prototype] {
  +             description: 'room.elspeth_cottage.stays',
  +             when: [Object: null prototype] {
  +               policy_version: 1,
  +               root: [Object: null prototype] {
  +                 equals: 'stays',
  +                 fact: [Object: null prototype] {
  +                   cartridge_id: 'ashmere_missing_child',
  +                   cartridge_version: '0.0.31',
  +                   key: 'village_child_status',
  +                   kind: 'fact'
  +                 },
  +                 op: 'fact_compare'
  +               }
  +             }
  +           },
  +           [Object: null prototype] {
  +             description: 'room.elspeth_cottage.lost',
  +             when: [Object: null prototype] {
  +               policy_version: 1,
  +               root: [Object: null prototype] {
  +                 equals: 'lost',
  +                 fact: [Object: null prototype] {
  +                   cartridge_id: 'ashmere_missing_child',
  +                   cartridge_version: '0.0.31',
  +                   key: 'village_child_status',
  +                   kind: 'fact'
  +                 },
  +                 op: 'fact_compare'
  +               }
  +             }
  +           }
  +         ]
  +       },
  +       'ashmere_missing_child@0.0.31:room/fen_isle_landing': [Object: null prototype] {
  +         description: 'room.fen_isle_landing.description',
  +         details: [Object: null prototype] {
  +           ferry: [Object: null prototype] {
  +             aliases: [
  +               'ferry',
  +               'rope_ferry'
  +             ],
  +             description: 'detail.fen_return.description',
  +             transport: [Object: null prototype] {
  +               route: [Object: null prototype] {
  +                 cartridge_id: 'ashmere_missing_child',
  +                 cartridge_version: '0.0.31',
  +                 key: 'fen_return',
  +                 kind: 'transport'
  +               },
  +               title: 'detail.ferry.title'
  +             }
  +           }
  +         },
  +         exits: [Object: null prototype] {
  +           east: [Object: null prototype] {
  +             to: [Object: null prototype] {
  +               cartridge_id: 'ashmere_missing_child',
  +               cartridge_version: '0.0.31',
  +               key: 'isle_hut',
  +               kind: 'room'
  +             }
  +           },
  +           south: [Object: null prototype] {
  +             to: [Object: null prototype] {
  +               cartridge_id: 'ashmere_missing_child',
  +               cartridge_version: '0.0.31',
  +               key: 'isle_shrine',
  +               kind: 'room'
  +             }
  +           }
  +         },
  +         key: 'fen_isle_landing',
  +         title: 'room.fen_isle_landing.title'
  +       },
  +       'ashmere_missing_child@0.0.31:room/ferry_landing': [Object: null prototype] {
  +         description: 'room.ferry_landing.description',
  +         details: [Object: null prototype] {
  +           notice: [Object: null prototype] {
  +             aliases: [
  +               'notice',
  +               'landing_notice'
  +             ],
  +             description: 'detail.notice.description',
  +             readable: [Object: null prototype] {
  +               label: 'actions.read_notice',
  +               text: 'readable.notice',
  +               title: 'detail.notice.title'
  +             }
  +           }
  +         },
  +         exits: [Object: null prototype] {
  +           north: [Object: null prototype] {
  +             to: [Object: null prototype] {
  +               cartridge_id: 'ashmere_missing_child',
  +               cartridge_version: '0.0.31',
  +               key: 'well_lane',
  +               kind: 'room'
  +             }
  +           },
  +           south: [Object: null prototype] {
  +             to: [Object: null prototype] {
  +               cartridge_id: 'ashmere_missing_child',
  +               cartridge_version: '0.0.31',
  +               key: 'reed_path',
  +               kind: 'room'
  +             }
  +           },
  +           west: [Object: null prototype] {
  +             to: [Object: null prototype] {
  +               cartridge_id: 'ashmere_missing_child',
  +               cartridge_version: '0.0.31',
  +               key: 'boathouse',
  +               kind: 'room'
  +             }
  +           }
  +         },
  +         key: 'ferry_landing',
  +         title: 'room.ferry_landing.title'
  +       },
  +       'ashmere_missing_child@0.0.31:room/fishing_shallows': [Object: null prototype] {
  +         description: 'room.fishing_shallows.description',
  +         exits: [Object: null prototype] {
  +           north: [Object: null prototype] {
  +             to: [Object: null prototype] {
  +               cartridge_id: 'ashmere_missing_child',
  +               cartridge_version: '0.0.31',
  +               key: 'black_pool',
  +               kind: 'room'
  +             }
  +           }
  +         },
  +         key: 'fishing_shallows',
  +         title: 'room.fishing_shallows.title'
  +       },
  +       'ashmere_missing_child@0.0.31:room/fox_den_deep': [Object: null prototype] {
  +         description: 'room.fox_den_deep.description',
  +         details: [Object: null prototype] {
  +           ward_stone: [Object: null prototype] {
  +             aliases: [
  +               'stone',
  +               'ward',
  +               'ward_stone'
  +             ],
  +             description: 'detail.ward_stone.description',
  +             readable: [Object: null prototype] {
  +               label: 'actions.read_ward_stone',
  +               text: 'readable.ward_stone',
  +               title: 'detail.ward_stone.title'
  +             }
  +           }
  +         },
  +         exits: [Object: null prototype] {
  +           up: [Object: null prototype] {
  +             to: [Object: null prototype] {
  +               cartridge_id: 'ashmere_missing_child',
  +               cartridge_version: '0.0.31',
  +               key: 'fox_hollow',
  +               kind: 'room'
  +             }
  +           }
  +         },
  +         key: 'fox_den_deep',
  +         title: 'room.fox_den_deep.title'
  +       },
  +       'ashmere_missing_child@0.0.31:room/fox_hollow': [Object: null prototype] {
  +         description: 'room.fox_hollow.description',
  +         details: [Object: null prototype] {
  +           hollow: [Object: null prototype] {
  +             aliases: [
  +               'hollow'
  +             ],
  +             description: 'detail.hollow.description',
  +             readable: [Object: null prototype] {
  +               label: 'actions.read_hollow',
  +               text: 'readable.hollow',
  +               title: 'detail.hollow.title'
  +             }
  +           }
  +         },
  +         exits: [Object: null prototype] {
  +           down: [Object: null prototype] {
  +             to: [Object: null prototype] {
  +               cartridge_id: 'ashmere_missing_child',
  +               cartridge_version: '0.0.31',
  +               key: 'fox_den_deep',
  +               kind: 'room'
  +             }
  +           },
  +           north: [Object: null prototype] {
  +             to: [Object: null prototype] {
  +               cartridge_id: 'ashmere_missing_child',
  +               cartridge_version: '0.0.31',
  +               key: 'mire_crossing',
  +               kind: 'room'
  +             }
  +           },
  +           west: [Object: null prototype] {
  +             to: [Object: null prototype] {
  +               cartridge_id: 'ashmere_missing_child',
  +               cartridge_version: '0.0.31',
  +               key: 'black_pool',
  +               kind: 'room'
  +             }
  +           }
  +         },
  +         key: 'fox_hollow',
  +         title: 'room.fox_hollow.title'
  +       },
  +       'ashmere_missing_child@0.0.31:room/gate_tower': [Object: null prototype] {
  +         description: 'room.gate_tower.description',
  +         exits: [Object: null prototype] {
  +           down: [Object: null prototype] {
  +             to: [Object: null prototype] {
  +               cartridge_id: 'ashmere_missing_child',
  +               cartridge_version: '0.0.31',
  +               key: 'watch_post',
  +               kind: 'room'
  +             }
  +           }
  +         },
  +         key: 'gate_tower',
  +         title: 'room.gate_tower.title'
  +       },
  +       'ashmere_missing_child@0.0.31:room/herb_garden': [Object: null prototype] {
  +         description: 'room.herb_garden.description',
  +         exits: [Object: null prototype] {
  +           west: [Object: null prototype] {
  +             to: [Object: null prototype] {
  +               cartridge_id: 'ashmere_missing_child',
  +               cartridge_version: '0.0.31',
  +               key: 'isle_hut',
  +               kind: 'room'
  +             }
  +           }
  +         },
  +         key: 'herb_garden',
  +         title: 'room.herb_garden.title'
  +       },
  +       'ashmere_missing_child@0.0.31:room/hound_run': [Object: null prototype] {
  +         description: 'room.hound_run.description',
  +         details: [Object: null prototype] {
  +           gnawed_bones: [Object: null prototype] {
  +             aliases: [
  +               'gnawed_bones',
  +               'bones'
  +             ],
  +             description: 'detail.gnawed_bones.description'
  +           }
  +         },
  +         exits: [Object: null prototype] {
  +           east: [Object: null prototype] {
  +             to: [Object: null prototype] {
  +               cartridge_id: 'ashmere_missing_child',
  +               cartridge_version: '0.0.31',
  +               key: 'adder_nest',
  +               kind: 'room'
  +             }
  +           },
  +           west: [Object: null prototype] {
  +             to: [Object: null prototype] {
  +               cartridge_id: 'ashmere_missing_child',
  +               cartridge_version: '0.0.31',
  +               key: 'reed_bank',
  +               kind: 'room'
  +             }
  +           }
  +         },
  +         key: 'hound_run',
  +         title: 'room.hound_run.title'
  +       },
  +       'ashmere_missing_child@0.0.31:room/hut_loft': [Object: null prototype] {
  +         dark_description: 'room.hut_loft.dark',
  +         description: 'room.hut_loft.description',
  +         exits: [Object: null prototype] {
  +           down: [Object: null prototype] {
  +             to: [Object: null prototype] {
  +               cartridge_id: 'ashmere_missing_child',
  +               cartridge_version: '0.0.31',
  +               key: 'isle_hut',
  +               kind: 'room'
  +             }
  +           }
  +         },
  +         key: 'hut_loft',
  +         title: 'room.hut_loft.title'
  +       },
  +       'ashmere_missing_child@0.0.31:room/infirmary': [Object: null prototype] {
  +         description: 'room.infirmary.description',
  +         exits: [Object: null prototype] {
  +           west: [Object: null prototype] {
  +             to: [Object: null prototype] {
  +               cartridge_id: 'ashmere_missing_child',
  +               cartridge_version: '0.0.31',
  +               key: 'cloister',
  +               kind: 'room'
  +             }
  +           }
  +         },
  +         key: 'infirmary',
  +         title: 'room.infirmary.title'
  +       },
  +       'ashmere_missing_child@0.0.31:room/inn_attic': [Object: null prototype] {
  +         description: 'room.inn_attic.description',
  +         exits: [Object: null prototype] {
  +           down: [Object: null prototype] {
  +             to: [Object: null prototype] {
  +               cartridge_id: 'ashmere_missing_child',
  +               cartridge_version: '0.0.31',
  +               key: 'inn_rooms',
  +               kind: 'room'
  +             }
  +           }
  +         },
  +         key: 'inn_attic',
  +         title: 'room.inn_attic.title'
  +       },
  +       'ashmere_missing_child@0.0.31:room/inn_rooms': [Object: null prototype] {
  +         description: 'room.inn_rooms.description',
  +         details: [Object: null prototype] {
  +           bed: [Object: null prototype] {
  +             aliases: [
  +               'bed'
  +             ],
  +             bed: [Object: null prototype] {
  +               entitlement: [Object: null prototype] {
  +                 cartridge_id: 'ashmere_missing_child',
  +                 cartridge_version: '0.0.31',
  +                 key: 'lantern_bed_paid',
  +                 kind: 'fact'
  +               },
  +               title: 'detail.bed.title'
  +             },
  +             description: 'detail.bed.free',
  +             variants: [
  +               [Object: null prototype] {
  +                 description: 'detail.bed.paid',
  +                 when: [Object: null prototype] {
  +                   policy_version: 1,
  +                   root: [Object: null prototype] {
  +                     equals: true,
  +                     fact: [Object: null prototype] {
  +                       cartridge_id: 'ashmere_missing_child',
  +                       cartridge_version: '0.0.31',
  +                       key: 'lantern_bed_paid',
  +                       kind: 'fact'
  +                     },
  +                     op: 'fact_compare'
  +                   }
  +                 }
  +               }
  +             ]
  +           }
  +         },
  +         exits: [Object: null prototype] {
  +           down: [Object: null prototype] {
  +             to: [Object: null prototype] {
  +               cartridge_id: 'ashmere_missing_child',
  +               cartridge_version: '0.0.31',
  +               key: 'drowned_lantern',
  +               kind: 'room'
  +             }
  +           },
  +           up: [Object: null prototype] {
  +             to: [Object: null prototype] {
  +               cartridge_id: 'ashmere_missing_child',
  +               cartridge_version: '0.0.31',
  +               key: 'inn_attic',
  +               kind: 'room'
  +             }
  +           }
  +         },
  +         key: 'inn_rooms',
  +         title: 'room.inn_rooms.title'
  +       },
  +       'ashmere_missing_child@0.0.31:room/isle_hut': [Object: null prototype] {
  +         description: 'room.isle_hut.description',
  +         exits: [Object: null prototype] {
  +           east: [Object: null prototype] {
  +             to: [Object: null prototype] {
  +               cartridge_id: 'ashmere_missing_child',
  +               cartridge_version: '0.0.31',
  +               key: 'herb_garden',
  +               kind: 'room'
  +             }
  +           },
  +           up: [Object: null prototype] {
  +             to: [Object: null prototype] {
  +               cartridge_id: 'ashmere_missing_child',
  +               cartridge_version: '0.0.31',
  +               key: 'hut_loft',
  +               kind: 'room'
  +             }
  +           },
  +           west: [Object: null prototype] {
  +             to: [Object: null prototype] {
  +               cartridge_id: 'ashmere_missing_child',
  +               cartridge_version: '0.0.31',
  +               key: 'fen_isle_landing',
  +               kind: 'room'
  +             }
  +           }
  +         },
  +         key: 'isle_hut',
  +         title: 'room.isle_hut.title'
  +       },
  +       'ashmere_missing_child@0.0.31:room/isle_shrine': [Object: null prototype] {
  +         description: 'room.isle_shrine.description',
  +         exits: [Object: null prototype] {
  +           north: [Object: null prototype] {
  +             to: [Object: null prototype] {
  +               cartridge_id: 'ashmere_missing_child',
  +               cartridge_version: '0.0.31',
  +               key: 'fen_isle_landing',
  +               kind: 'room'
  +             }
  +           }
  +         },
  +         key: 'isle_shrine',
  +         title: 'room.isle_shrine.title'
  +       },
  +       'ashmere_missing_child@0.0.31:room/kitchen_garden': [Object: null prototype] {
  +         description: 'room.kitchen_garden.description',
  +         exits: [Object: null prototype] {
  +           east: [Object: null prototype] {
  +             to: [Object: null prototype] {
  +               cartridge_id: 'ashmere_missing_child',
  +               cartridge_version: '0.0.31',
  +               key: 'scriptorium',
  +               kind: 'room'
  +             }
  +           }
  +         },
  +         key: 'kitchen_garden',
  +         title: 'room.kitchen_garden.title'
  +       },
  +       'ashmere_missing_child@0.0.31:room/lantern_cellar': [Object: null prototype] {
  +         description: 'room.lantern_cellar.description',
  +         exits: [Object: null prototype] {
  +           up: [Object: null prototype] {
  +             to: [Object: null prototype] {
  +               cartridge_id: 'ashmere_missing_child',
  +               cartridge_version: '0.0.31',
  +               key: 'drowned_lantern',
  +               kind: 'room'
  +             }
  +           }
  +         },
  +         key: 'lantern_cellar',
  +         title: 'room.lantern_cellar.title'
  +       },
  +       'ashmere_missing_child@0.0.31:room/marsh_light': [Object: null prototype] {
  +         dark_description: 'room.marsh_light.dark',
  +         description: 'room.marsh_light.description',
  +         details: [Object: null prototype] {
  +           glow: [Object: null prototype] {
  +             aliases: [
  +               'glow',
  +               'wisp'
  +             ],
  +             description: 'detail.glow.description',
  +             perception: [Object: null prototype] {
  +               self_luminous: true,
  +               title: 'detail.glow.title'
  +             }
  +           },
  +           reeds: [Object: null prototype] {
  +             aliases: [
  +               'reeds'
  +             ],
  +             description: 'detail.marsh_reeds.description'
  +           }
  +         },
  +         exits: [Object: null prototype] {
  +           south: [Object: null prototype] {
  +             to: [Object: null prototype] {
  +               cartridge_id: 'ashmere_missing_child',
  +               cartridge_version: '0.0.31',
  +               key: 'old_causeway',
  +               kind: 'room'
  +             }
  +           },
  +           west: [Object: null prototype] {
  +             to: [Object: null prototype] {
  +               cartridge_id: 'ashmere_missing_child',
  +               cartridge_version: '0.0.31',
  +               key: 'mire_crossing',
  +               kind: 'room'
  +             }
  +           }
  +         },
  +         key: 'marsh_light',
  +         title: 'room.marsh_light.title'
  +       },
  +       'ashmere_missing_child@0.0.31:room/mire_crossing': [Object: null prototype] {
  +         description: 'room.mire_crossing.description',
  +         details: [Object: null prototype] {
  +           plank: [Object: null prototype] {
  +             aliases: [
  +               'plank'
  +             ],
  +             description: 'detail.plank.description',
  +             readable: [Object: null prototype] {
  +               label: 'actions.read_plank',
  +               text: 'readable.plank',
  +               title: 'detail.plank.title'
  +             }
  +           }
  +         },
  +         exits: [Object: null prototype] {
  +           east: [Object: null prototype] {
  +             to: [Object: null prototype] {
  +               cartridge_id: 'ashmere_missing_child',
  +               cartridge_version: '0.0.31',
  +               key: 'marsh_light',
  +               kind: 'room'
  +             }
  +           },
  +           north: [Object: null prototype] {
  +             to: [Object: null prototype] {
  +               cartridge_id: 'ashmere_missing_child',
  +               cartridge_version: '0.0.31',
  +               key: 'reed_bank',
  +               kind: 'room'
  +             }
  +           },
  +           south: [Object: null prototype] {
  +             to: [Object: null prototype] {
  +               cartridge_id: 'ashmere_missing_child',
  +               cartridge_version: '0.0.31',
  +               key: 'fox_hollow',
  +               kind: 'room'
  +             }
  +           },
  +           west: [Object: null prototype] {
  +             to: [Object: null prototype] {
  +               cartridge_id: 'ashmere_missing_child',
  +               cartridge_version: '0.0.31',
  +               key: 'drowned_oak',
  +               kind: 'room'
  +             }
  +           }
  +         },
  +         key: 'mire_crossing',
  +         title: 'room.mire_crossing.title'
  +       },
  +       'ashmere_missing_child@0.0.31:room/north_gate': [Object: null prototype] {
  +         description: 'room.north_gate.description',
  +         exits: [Object: null prototype] {
  +           east: [Object: null prototype] {
  +             to: [Object: null prototype] {
  +               cartridge_id: 'ashmere_missing_child',
  +               cartridge_version: '0.0.31',
  +               key: 'watch_post',
  +               kind: 'room'
  +             }
  +           },
  +           north: [Object: null prototype] {
  +             to: [Object: null prototype] {
  +               cartridge_id: 'ashmere_missing_child',
  +               cartridge_version: '0.0.31',
  +               key: 'chapel_steps',
  +               kind: 'room'
  +             }
  +           },
  +           south: [Object: null prototype] {
  +             to: [Object: null prototype] {
  +               cartridge_id: 'ashmere_missing_child',
  +               cartridge_version: '0.0.31',
  +               key: 'village_green',
  +               kind: 'room'
  +             }
  +           },
  +           west: [Object: null prototype] {
  +             to: [Object: null prototype] {
  +               cartridge_id: 'ashmere_missing_child',
  +               cartridge_version: '0.0.31',
  +               key: 'elspeth_cottage',
  +               kind: 'room'
  +             }
  +           }
  +         },
  +         key: 'north_gate',
  +         title: 'room.north_gate.title'
  +       },
  +       'ashmere_missing_child@0.0.31:room/oak_branches': [Object: null prototype] {
  +         description: 'room.oak_branches.description',
  +         exits: [Object: null prototype] {
  +           down: [Object: null prototype] {
  +             to: [Object: null prototype] {
  +               cartridge_id: 'ashmere_missing_child',
  +               cartridge_version: '0.0.31',
  +               key: 'drowned_oak',
  +               kind: 'room'
  +             }
  +           },
  +           up: [Object: null prototype] {
  +             to: [Object: null prototype] {
  +               cartridge_id: 'ashmere_missing_child',
  +               cartridge_version: '0.0.31',
  +               key: 'oak_crown',
  +               kind: 'room'
  +             }
  +           }
  +         },
  +         key: 'oak_branches',
  +         title: 'room.oak_branches.title'
  +       },
  +       'ashmere_missing_child@0.0.31:room/oak_crown': [Object: null prototype] {
  +         description: 'room.oak_crown.description',
  +         exits: [Object: null prototype] {
  +           down: [Object: null prototype] {
  +             to: [Object: null prototype] {
  +               cartridge_id: 'ashmere_missing_child',
  +               cartridge_version: '0.0.31',
  +               key: 'oak_branches',
  +               kind: 'room'
  +             }
  +           }
  +         },
  +         key: 'oak_crown',
  +         title: 'room.oak_crown.title'
  +       },
  +       'ashmere_missing_child@0.0.31:room/old_causeway': [Object: null prototype] {
  +         description: 'room.old_causeway.description',
  +         details: [Object: null prototype] {
  +           carved_fox: [Object: null prototype] {
  +             aliases: [
  +               'fox'
  +             ],
  +             description: 'detail.carved_fox.description'
  +           }
  +         },
  +         exits: [Object: null prototype] {
  +           east: [Object: null prototype] {
  +             to: [Object: null prototype] {
  +               cartridge_id: 'ashmere_missing_child',
  +               cartridge_version: '0.0.31',
  +               key: 'tide_flats',
  +               kind: 'room'
  +             }
  +           },
  +           north: [Object: null prototype] {
  +             to: [Object: null prototype] {
  +               cartridge_id: 'ashmere_missing_child',
  +               cartridge_version: '0.0.31',
  +               key: 'marsh_light',
  +               kind: 'room'
  +             }
  +           }
  +         },
  +         key: 'old_causeway',
  +         title: 'room.old_causeway.title'
  +       },
  +       'ashmere_missing_child@0.0.31:room/orchard': [Object: null prototype] {
  +         description: 'room.orchard.description',
  +         details: [Object: null prototype] {
  +           apple_trees: [Object: null prototype] {
  +             aliases: [
  +               'apple_trees',
  +               'trees',
  +               'apples'
  +             ],
  +             description: 'detail.orchard.apple_trees.description',
  +             harvest: [Object: null prototype] {
  +               items: [
  +                 [Object: null prototype] {
  +                   cartridge_id: 'ashmere_missing_child',
  +                   cartridge_version: '0.0.31',
  +                   key: 'apple_01',
  +                   kind: 'item'
  +                 },
  +                 [Object: null prototype] {
  +                   cartridge_id: 'ashmere_missing_child',
  +                   cartridge_version: '0.0.31',
  +                   key: 'apple_02',
  +                   kind: 'item'
  +                 },
  +                 [Object: null prototype] {
  +                   cartridge_id: 'ashmere_missing_child',
  +                   cartridge_version: '0.0.31',
  +                   key: 'apple_03',
  +                   kind: 'item'
  +                 }
  +               ],
  +               label: 'action.forage',
  +               narration: 'narration.forage_apple',
  +               title: 'detail.apple_trees.title'
  +             }
  +           },
  +           beehive: [Object: null prototype] {
  +             aliases: [
  +               'beehive'
  +             ],
  +             description: 'detail.orchard.beehive.description'
  +           }
  +         },
  +         exits: [Object: null prototype] {
  +           east: [Object: null prototype] {
  +             to: [Object: null prototype] {
  +               cartridge_id: 'ashmere_missing_child',
  +               cartridge_version: '0.0.31',
  +               key: 'smithy',
  +               kind: 'room'
  +             }
  +           }
  +         },
  +         key: 'orchard',
  +         title: 'room.orchard.title'
  +       },
  +       'ashmere_missing_child@0.0.31:room/prior_study': [Object: null prototype] {
  +         description: 'room.prior_study.description',
  +         exits: [Object: null prototype] {
  +           east: [Object: null prototype] {
  +             to: [Object: null prototype] {
  +               cartridge_id: 'ashmere_missing_child',
  +               cartridge_version: '0.0.31',
  +               key: 'chapel_nave',
  +               kind: 'room'
  +             }
  +           }
  +         },
  +         key: 'prior_study',
  +         title: 'room.prior_study.title'
  +       },
  +       'ashmere_missing_child@0.0.31:room/reed_bank': [Object: null prototype] {
  +         description: 'room.reed_bank.description',
  +         details: [Object: null prototype] {
  +           tracks: [Object: null prototype] {
  +             aliases: [
  +               'tracks'
  +             ],
  +             description: 'detail.tracks.description',
  +             readable: [Object: null prototype] {
  +               label: 'actions.read_tracks',
  +               text: 'readable.tracks',
  +               title: 'detail.tracks.title'
  +             }
  +           }
  +         },
  +         exits: [Object: null prototype] {
  +           east: [Object: null prototype] {
  +             to: [Object: null prototype] {
  +               cartridge_id: 'ashmere_missing_child',
  +               cartridge_version: '0.0.31',
  +               key: 'hound_run',
  +               kind: 'room'
  +             }
  +           },
  +           north: [Object: null prototype] {
  +             to: [Object: null prototype] {
  +               cartridge_id: 'ashmere_missing_child',
  +               cartridge_version: '0.0.31',
  +               key: 'reed_path',
  +               kind: 'room'
  +             }
  +           },
  +           south: [Object: null prototype] {
  +             to: [Object: null prototype] {
  +               cartridge_id: 'ashmere_missing_child',
  +               cartridge_version: '0.0.31',
  +               key: 'mire_crossing',
  +               kind: 'room'
  +             }
  +           },
  +           west: [Object: null prototype] {
  +             to: [Object: null prototype] {
  +               cartridge_id: 'ashmere_missing_child',
  +               cartridge_version: '0.0.31',
  +               key: 'willow_shade',
  +               kind: 'room'
  +             }
  +           }
  +         },
  +         key: 'reed_bank',
  +         title: 'room.reed_bank.title'
  +       },
  +       'ashmere_missing_child@0.0.31:room/reed_path': [Object: null prototype] {
  +         description: 'room.reed_path.description',
  +         details: [Object: null prototype] {
  +           fox_prints: [Object: null prototype] {
  +             aliases: [
  +               'fox_prints',
  +               'prints'
  +             ],
  +             description: 'detail.fox_prints.description',
  +             readable: [Object: null prototype] {
  +               label: 'actions.read_fox_prints',
  +               text: 'readable.fox_prints',
  +               title: 'detail.fox_prints.title'
  +             }
  +           }
  +         },
  +         exits: [Object: null prototype] {
  +           north: [Object: null prototype] {
  +             to: [Object: null prototype] {
  +               cartridge_id: 'ashmere_missing_child',
  +               cartridge_version: '0.0.31',
  +               key: 'ferry_landing',
  +               kind: 'room'
  +             }
  +           },
  +           south: [Object: null prototype] {
  +             to: [Object: null prototype] {
  +               cartridge_id: 'ashmere_missing_child',
  +               cartridge_version: '0.0.31',
  +               key: 'reed_bank',
  +               kind: 'room'
  +             }
  +           }
  +         },
  +         key: 'reed_path',
  +         title: 'room.reed_path.title'
  +       },
  +       'ashmere_missing_child@0.0.31:room/scriptorium': [Object: null prototype] {
  +         description: 'room.scriptorium.description',
  +         exits: [Object: null prototype] {
  +           east: [Object: null prototype] {
  +             to: [Object: null prototype] {
  +               cartridge_id: 'ashmere_missing_child',
  +               cartridge_version: '0.0.31',
  +               key: 'cloister',
  +               kind: 'room'
  +             }
  +           },
  +           west: [Object: null prototype] {
  +             to: [Object: null prototype] {
  +               cartridge_id: 'ashmere_missing_child',
  +               cartridge_version: '0.0.31',
  +               key: 'kitchen_garden',
  +               kind: 'room'
  +             }
  +           }
  +         },
  +         key: 'scriptorium',
  +         title: 'room.scriptorium.title'
  +       },
  +       'ashmere_missing_child@0.0.31:room/smithy': [Object: null prototype] {
  +         description: 'room.smithy.description',
  +         details: [Object: null prototype] {
  +           anvil: [Object: null prototype] {
  +             aliases: [
  +               'anvil'
  +             ],
  +             description: 'detail.smithy.anvil.description'
  +           },
  +           forge: [Object: null prototype] {
  +             aliases: [
  +               'forge'
  +             ],
  +             description: 'detail.smithy.forge.description'
  +           },
  +           tools: [Object: null prototype] {
  +             aliases: [
  +               'tools'
  +             ],
  +             description: 'detail.smithy.tools.description'
  +           }
  +         },
  +         exits: [Object: null prototype] {
  +           east: [Object: null prototype] {
  +             to: [Object: null prototype] {
  +               cartridge_id: 'ashmere_missing_child',
  +               cartridge_version: '0.0.31',
  +               key: 'village_green',
  +               kind: 'room'
  +             }
  +           },
  +           west: [Object: null prototype] {
  +             to: [Object: null prototype] {
  +               cartridge_id: 'ashmere_missing_child',
  +               cartridge_version: '0.0.31',
  +               key: 'orchard',
  +               kind: 'room'
  +             }
  +           }
  +         },
  +         key: 'smithy',
  +         title: 'room.smithy.title'
  +       },
  +       'ashmere_missing_child@0.0.31:room/spire': [Object: null prototype] {
  +         description: 'room.spire.description',
  +         exits: [Object: null prototype] {
  +           down: [Object: null prototype] {
  +             to: [Object: null prototype] {
  +               cartridge_id: 'ashmere_missing_child',
  +               cartridge_version: '0.0.31',
  +               key: 'belfry',
  +               kind: 'room'
  +             }
  +           }
  +         },
  +         key: 'spire',
  +         title: 'room.spire.title'
  +       },
  +       'ashmere_missing_child@0.0.31:room/tide_flats': [Object: null prototype] {
  +         description: 'room.tide_flats.description',
  +         exits: [Object: null prototype] {
  +           west: [Object: null prototype] {
  +             to: [Object: null prototype] {
  +               cartridge_id: 'ashmere_missing_child',
  +               cartridge_version: '0.0.31',
  +               key: 'old_causeway',
  +               kind: 'room'
  +             }
  +           }
  +         },
  +         key: 'tide_flats',
  +         title: 'room.tide_flats.title'
  +       },
  +       'ashmere_missing_child@0.0.31:room/village_green': [Object: null prototype] {
  +         description: 'room.village_green.description',
  +         details: [Object: null prototype] {
  +           market_cross: [Object: null prototype] {
  +             aliases: [
  +               'market_cross',
  +               'cross'
  +             ],
  +             description: 'detail.market_cross.description'
  +           }
  +         },
  +         exits: [Object: null prototype] {
  +           east: [Object: null prototype] {
  +             to: [Object: null prototype] {
  +               cartridge_id: 'ashmere_missing_child',
  +               cartridge_version: '0.0.31',
  +               key: 'east_gate',
  +               kind: 'room'
  +             }
  +           },
  +           north: [Object: null prototype] {
  +             to: [Object: null prototype] {
  +               cartridge_id: 'ashmere_missing_child',
  +               cartridge_version: '0.0.31',
  +               key: 'north_gate',
  +               kind: 'room'
  +             }
  +           },
  +           south: [Object: null prototype] {
  +             to: [Object: null prototype] {
  +               cartridge_id: 'ashmere_missing_child',
  +               cartridge_version: '0.0.31',
  +               key: 'well_lane',
  +               kind: 'room'
  +             }
  +           },
  +           west: [Object: null prototype] {
  +             to: [Object: null prototype] {
  +               cartridge_id: 'ashmere_missing_child',
  +               cartridge_version: '0.0.31',
  +               key: 'smithy',
  +               kind: 'room'
  +             }
  +           }
  +         },
  +         key: 'village_green',
  +         title: 'room.village_green.title',
  +         variants: [
  +           [Object: null prototype] {
  +             description: 'room.village_green.lost',
  +             when: [Object: null prototype] {
  +               policy_version: 1,
  +               root: [Object: null prototype] {
  +                 equals: 'lost',
  +                 fact: [Object: null prototype] {
  +                   cartridge_id: 'ashmere_missing_child',
  +                   cartridge_version: '0.0.31',
  +                   key: 'village_child_status',
  +                   kind: 'fact'
  +                 },
  +                 op: 'fact_compare'
  +               }
  +             }
  +           },
  +           [Object: null prototype] {
  +             description: 'room.village_green.rescued',
  +             when: [Object: null prototype] {
  +               policy_version: 1,
  +               root: [Object: null prototype] {
  +                 items: [
  +                   [Object: null prototype] {
  +                     equals: 'rescued',
  +                     fact: [Object: null prototype] {
  +                       cartridge_id: 'ashmere_missing_child',
  +                       cartridge_version: '0.0.31',
  +                       key: 'village_child_status',
  +                       kind: 'fact'
  +                     },
  +                     op: 'fact_compare'
  +                   }
  +                 ],
  +                 op: 'all'
  +               }
  +             }
  +           },
  +           [Object: null prototype] {
  +             description: 'room.village_green.stays',
  +             when: [Object: null prototype] {
  +               policy_version: 1,
  +               root: [Object: null prototype] {
  +                 items: [
  +                   [Object: null prototype] {
  +                     equals: 'stays',
  +                     fact: [Object: null prototype] {
  +                       cartridge_id: 'ashmere_missing_child',
  +                       cartridge_version: '0.0.31',
  +                       key: 'village_child_status',
  +                       kind: 'fact'
  +                     },
  +                     op: 'fact_compare'
  +                   }
  +                 ],
  +                 op: 'all'
  +               }
  +             }
  +           }
  +         ]
  +       },
  +       'ashmere_missing_child@0.0.31:room/watch_cell': [Object: null prototype] {
  +         description: 'room.watch_cell.description',
  +         exits: [Object: null prototype] {
  +           west: [Object: null prototype] {
  +             to: [Object: null prototype] {
  +               cartridge_id: 'ashmere_missing_child',
  +               cartridge_version: '0.0.31',
  +               key: 'watch_post',
  +               kind: 'room'
  +             }
  +           }
  +         },
  +         key: 'watch_cell',
  +         title: 'room.watch_cell.title'
  +       },
  +       'ashmere_missing_child@0.0.31:room/watch_post': [Object: null prototype] {
  +         description: 'room.watch_post.description',
  +         details: [Object: null prototype] {
  +           duty_roster: [Object: null prototype] {
  +             aliases: [
  +               'duty_roster'
  +             ],
  +             description: 'detail.duty_roster.description',
  +             readable: [Object: null prototype] {
  +               label: 'actions.read_duty_roster',
  +               text: 'readable.duty_roster',
  +               title: 'detail.duty_roster.title'
  +             }
  +           }
  +         },
  +         exits: [Object: null prototype] {
  +           east: [Object: null prototype] {
  +             to: [Object: null prototype] {
  +               cartridge_id: 'ashmere_missing_child',
  +               cartridge_version: '0.0.31',
  +               key: 'watch_cell',
  +               kind: 'room'
  +             }
  +           },
  +           up: [Object: null prototype] {
  +             to: [Object: null prototype] {
  +               cartridge_id: 'ashmere_missing_child',
  +               cartridge_version: '0.0.31',
  +               key: 'gate_tower',
  +               kind: 'room'
  +             }
  +           },
  +           west: [Object: null prototype] {
  +             to: [Object: null prototype] {
  +               cartridge_id: 'ashmere_missing_child',
  +               cartridge_version: '0.0.31',
  +               key: 'north_gate',
  +               kind: 'room'
  +             }
  +           }
  +         },
  +         key: 'watch_post',
  +         title: 'room.watch_post.title'
  +       },
  +       'ashmere_missing_child@0.0.31:room/well_lane': [Object: null prototype] {
  +         description: 'room.well_lane.description',
  +         details: [Object: null prototype] {
  +           well: [Object: null prototype] {
  +             aliases: [
  +               'well',
  +               'water'
  +             ],
  +             description: 'detail.well.description',
  +             liquid_source: [Object: null prototype] {
  +               cartridge_id: 'ashmere_missing_child',
  +               cartridge_version: '0.0.31',
  +               key: 'water',
  +               kind: 'liquid'
  +             },
  +             readable: [Object: null prototype] {
  +               label: 'detail.well.read',
  +               text: 'detail.well.description',
  +               title: 'detail.well.title'
  +             }
  +           }
  +         },
  +         exits: [Object: null prototype] {
  +           down: [Object: null prototype] {
  +             to: [Object: null prototype] {
  +               cartridge_id: 'ashmere_missing_child',
  +               cartridge_version: '0.0.31',
  +               key: 'well_shaft',
  +               kind: 'room'
  +             }
  +           },
  +           east: [Object: null prototype] {
  +             to: [Object: null prototype] {
  +               cartridge_id: 'ashmere_missing_child',
  +               cartridge_version: '0.0.31',
  +               key: 'drowned_lantern',
  +               kind: 'room'
  +             }
  +           },
  +           north: [Object: null prototype] {
  +             to: [Object: null prototype] {
  +               cartridge_id: 'ashmere_missing_child',
  +               cartridge_version: '0.0.31',
  +               key: 'village_green',
  +               kind: 'room'
  +             }
  +           },
  +           south: [Object: null prototype] {
  +             to: [Object: null prototype] {
  +               cartridge_id: 'ashmere_missing_child',
  +               cartridge_version: '0.0.31',
  +               key: 'ferry_landing',
  +               kind: 'room'
  +             }
  +           },
  +           west: [Object: null prototype] {
  +             to: [Object: null prototype] {
  +               cartridge_id: 'ashmere_missing_child',
  +               cartridge_version: '0.0.31',
  +               key: 'chandler',
  +               kind: 'room'
  +             }
  +           }
  +         },
  +         key: 'well_lane',
  +         title: 'room.well_lane.title'
  +       },
  +       'ashmere_missing_child@0.0.31:room/well_shaft': [Object: null prototype] {
  +         dark_description: 'room.well_shaft.dark',
  +         description: 'room.well_shaft.description',
  +         details: [Object: null prototype] {
  +           masonry: [Object: null prototype] {
  +             aliases: [
  +               'masonry',
  +               'stonework'
  +             ],
  +             description: 'detail.masonry.description'
  +           }
  +         },
  +         exits: [Object: null prototype] {
  +           up: [Object: null prototype] {
  +             to: [Object: null prototype] {
  +               cartridge_id: 'ashmere_missing_child',
  +               cartridge_version: '0.0.31',
  +               key: 'well_lane',
  +               kind: 'room'
  +             }
  +           }
  +         },
  +         key: 'well_shaft',
  +         title: 'room.well_shaft.title'
  +       },
  +       'ashmere_missing_child@0.0.31:room/willow_shade': [Object: null prototype] {
  +         description: 'room.willow_shade.description',
  +         details: [Object: null prototype] {
  +           fenwort_patch: [Object: null prototype] {
  +             aliases: [
  +               'fenwort_patch',
  +               'fenwort',
  +               'patch'
  +             ],
  +             description: 'detail.fenwort_patch.description',
  +             harvest: [Object: null prototype] {
  +               items: [
  +                 [Object: null prototype] {
  +                   cartridge_id: 'ashmere_missing_child',
  +                   cartridge_version: '0.0.31',
  +                   key: 'fenwort_01',
  +                   kind: 'item'
  +                 },
  +                 [Object: null prototype] {
  +                   cartridge_id: 'ashmere_missing_child',
  +                   cartridge_version: '0.0.31',
  +                   key: 'fenwort_02',
  +                   kind: 'item'
  +                 },
  +                 [Object: null prototype] {
  +                   cartridge_id: 'ashmere_missing_child',
  +                   cartridge_version: '0.0.31',
  +                   key: 'fenwort_03',
  +                   kind: 'item'
  +                 },
  +                 [Object: null prototype] {
  +                   cartridge_id: 'ashmere_missing_child',
  +                   cartridge_version: '0.0.31',
  +                   key: 'fenwort_04',
  +                   kind: 'item'
  +                 },
  +                 [Object: null prototype] {
  +                   cartridge_id: 'ashmere_missing_child',
  +                   cartridge_version: '0.0.31',
  +                   key: 'fenwort_05',
  +                   kind: 'item'
  +                 },
  +                 [Object: null prototype] {
  +                   cartridge_id: 'ashmere_missing_child',
  +                   cartridge_version: '0.0.31',
  +                   key: 'fenwort_06',
  +                   kind: 'item'
  +                 },
  +                 [Object: null prototype] {
  +                   cartridge_id: 'ashmere_missing_child',
  +                   cartridge_version: '0.0.31',
  +                   key: 'fenwort_07',
  +                   kind: 'item'
  +                 },
  +                 [Object: null prototype] {
  +                   cartridge_id: 'ashmere_missing_child',
  +                   cartridge_version: '0.0.31',
  +                   key: 'fenwort_08',
  +                   kind: 'item'
  +                 },
  +                 [Object: null prototype] {
  +                   cartridge_id: 'ashmere_missing_child',
  +                   cartridge_version: '0.0.31',
  +                   key: 'fenwort_09',
  +                   kind: 'item'
  +                 },
  +                 [Object: null prototype] {
  +                   cartridge_id: 'ashmere_missing_child',
  +                   cartridge_version: '0.0.31',
  +                   key: 'fenwort_10',
  +                   kind: 'item'
  +                 },
  +                 [Object: null prototype] {
  +                   cartridge_id: 'ashmere_missing_child',
  +                   cartridge_version: '0.0.31',
  +                   key: 'fenwort_11',
  +                   kind: 'item'
  +                 },
  +                 [Object: null prototype] {
  +                   cartridge_id: 'ashmere_missing_child',
  +                   cartridge_version: '0.0.31',
  +                   key: 'fenwort_12',
  +                   kind: 'item'
  +                 }
  +               ],
  +               label: 'action.harvest',
  +               narration: 'narration.harvest',
  +               title: 'detail.fenwort_patch.title'
  +             }
  +           }
  +         },
  +         exits: [Object: null prototype] {
  +           east: [Object: null prototype] {
  +             to: [Object: null prototype] {
  +               cartridge_id: 'ashmere_missing_child',
  +               cartridge_version: '0.0.31',
  +               key: 'reed_bank',
  +               kind: 'room'
  +             }
  +           },
  +           south: [Object: null prototype] {
  +             to: [Object: null prototype] {
  +               cartridge_id: 'ashmere_missing_child',
  +               cartridge_version: '0.0.31',
  +               key: 'drowned_oak',
  +               kind: 'room'
  +             }
  +           }
  +         },
  +         key: 'willow_shade',
  +         title: 'room.willow_shade.title'
  +       }
  +     },
  +     scenes: [Object: null prototype] {
  +       'ashmere_missing_child@0.0.31:scene/bell_rung': [Object: null prototype] {
  +         control: 'modal',
  +         key: 'bell_rung',
  +         on: [Object: null prototype] {
  +           outcome: 'prior',
  +           quest: [Object: null prototype] {
  +             cartridge_id: 'ashmere_missing_child',
  +             cartridge_version: '0.0.31',
  +             key: 'bell_of_ashmere',
  +             kind: 'quest'
  +           }
  +         },
  +         steps: [
  +           [Object: null prototype] {
  +             text: 'scene.bell_rung.bell',
  +             type: 'narrate'
  +           },
  +           [Object: null prototype] {
  +             text: 'scene.bell_rung.fen',
  +             type: 'narrate'
  +           },
  +           [Object: null prototype] {
  +             text: 'scene.bell_rung.fox',
  +             type: 'narrate'
  +           },
  +           [Object: null prototype] {
  +             type: 'await_ack'
  +           },
  +           [Object: null prototype] {
  +             type: 'end'
  +           }
  +         ]
  +       },
  +       'ashmere_missing_child@0.0.31:scene/bell_silenced': [Object: null prototype] {
  +         control: 'modal',
  +         key: 'bell_silenced',
  +         on: [Object: null prototype] {
  +           outcome: 'fox',
  +           quest: [Object: null prototype] {
  +             cartridge_id: 'ashmere_missing_child',
  +             cartridge_version: '0.0.31',
  +             key: 'bell_of_ashmere',
  +             kind: 'quest'
  +           }
  +         },
  +         steps: [
  +           [Object: null prototype] {
  +             text: 'scene.bell_silenced.bell',
  +             type: 'narrate'
  +           },
  +           [Object: null prototype] {
  +             text: 'scene.bell_silenced.aldric',
  +             type: 'narrate'
  +           },
  +           [Object: null prototype] {
  +             type: 'await_ack'
  +           },
  +           [Object: null prototype] {
  +             type: 'end'
  +           }
  +         ]
  +       },
  +       'ashmere_missing_child@0.0.31:scene/dream_of_the_fen': [Object: null prototype] {
  +         control: 'presentation_only',
  +         description: 'dream.description',
  +         key: 'dream_of_the_fen',
  +         on: [Object: null prototype] {
  +           rest: [Object: null prototype] {
  +             credit: [Object: null prototype] {
  +               cartridge_id: 'ashmere_missing_child',
  +               cartridge_version: '0.0.31',
  +               key: 'slept_at_lantern',
  +               kind: 'fact'
  +             },
  +             detail: 'bed',
  +             entitlement: [Object: null prototype] {
  +               cartridge_id: 'ashmere_missing_child',
  +               cartridge_version: '0.0.31',
  +               key: 'lantern_bed_paid',
  +               kind: 'fact'
  +             },
  +             quest: [Object: null prototype] {
  +               cartridge_id: 'ashmere_missing_child',
  +               cartridge_version: '0.0.31',
  +               key: 'a_room_at_the_lantern',
  +               kind: 'quest'
  +             },
  +             room: [Object: null prototype] {
  +               cartridge_id: 'ashmere_missing_child',
  +               cartridge_version: '0.0.31',
  +               key: 'inn_rooms',
  +               kind: 'room'
  +             }
  +           }
  +         },
  +         on_end: [Object: null prototype] {
  +           assign: [
  +             [Object: null prototype] {
  +               fact: [Object: null prototype] {
  +                 cartridge_id: 'ashmere_missing_child',
  +                 cartridge_version: '0.0.31',
  +                 key: 'dream_seen',
  +                 kind: 'fact'
  +               },
  +               value: true
  +             }
  +           ],
  +           outcome: 'acknowledged',
  +           quest: [Object: null prototype] {
  +             cartridge_id: 'ashmere_missing_child',
  +             cartridge_version: '0.0.31',
  +             key: 'a_room_at_the_lantern',
  +             kind: 'quest'
  +           }
  +         },
  +         steps: [
  +           [Object: null prototype] {
  +             text: 'dream.opening',
  +             type: 'narrate'
  +           },
  +           [Object: null prototype] {
  +             text: 'dream.fen',
  +             type: 'narrate'
  +           },
  +           [Object: null prototype] {
  +             text: 'dream.fox',
  +             type: 'narrate'
  +           },
  +           [Object: null prototype] {
  +             choices: [
  +               [Object: null prototype] {
  +                 choice_id: 'follow_fox',
  +                 label: 'dream.follow',
  +                 text: 'dream.follow.final'
  +               },
  +               [Object: null prototype] {
  +                 choice_id: 'wake',
  +                 label: 'dream.wake',
  +                 text: 'dream.wake.final'
  +               }
  +             ],
  +             key: 'fen_fork',
  +             prompt: 'dream.choice',
  +             type: 'choice'
  +           },
  +           [Object: null prototype] {
  +             type: 'branch'
  +           },
  +           [Object: null prototype] {
  +             type: 'await_ack'
  +           },
  +           [Object: null prototype] {
  +             type: 'end'
  +           }
  +         ],
  +         title: 'dream.title'
  +       },
  +       'ashmere_missing_child@0.0.31:scene/epilogue_lost_prior': [Object: null prototype] {
  +         control: 'modal',
  +         key: 'epilogue_lost_prior',
  +         on: [Object: null prototype] {
  +           action: [Object: null prototype] {
  +             cartridge_id: 'ashmere_missing_child',
  +             cartridge_version: '0.0.31',
  +             key: 'begin_epilogue_lost_prior',
  +             kind: 'recipe'
  +           },
  +           detail: 'market_cross',
  +           outcome: 'success',
  +           room: [Object: null prototype] {
  +             cartridge_id: 'ashmere_missing_child',
  +             cartridge_version: '0.0.31',
  +             key: 'village_green',
  +             kind: 'room'
  +           }
  +         },
  +         on_end: [Object: null prototype] {
  +           assign: [
  +             [Object: null prototype] {
  +               fact: [Object: null prototype] {
  +                 cartridge_id: 'ashmere_missing_child',
  +                 cartridge_version: '0.0.31',
  +                 key: 'memory_village_ending',
  +                 kind: 'fact'
  +               },
  +               value: 'lost'
  +             },
  +             [Object: null prototype] {
  +               fact: [Object: null prototype] {
  +                 cartridge_id: 'ashmere_missing_child',
  +                 cartridge_version: '0.0.31',
  +                 key: 'memory_fox_fate',
  +                 kind: 'fact'
  +               },
  +               value: 'stilled'
  +             },
  +             [Object: null prototype] {
  +               fact: [Object: null prototype] {
  +                 cartridge_id: 'ashmere_missing_child',
  +                 cartridge_version: '0.0.31',
  +                 key: 'memory_chapter_1_guild_tilt',
  +                 kind: 'fact'
  +               },
  +               value: 'prior'
  +             }
  +           ],
  +           outcome: 'lost_prior',
  +           story_point: [Object: null prototype] {
  +             cartridge_id: 'ashmere_missing_child',
  +             cartridge_version: '0.0.31',
  +             key: 'prologue_completed',
  +             kind: 'story_point'
  +           }
  +         },
  +         steps: [
  +           [Object: null prototype] {
  +             text: 'scene.epilogue_lost_prior.1',
  +             type: 'narrate'
  +           },
  +           [Object: null prototype] {
  +             text: 'scene.epilogue_lost_prior.2',
  +             type: 'narrate'
  +           },
  +           [Object: null prototype] {
  +             text: 'scene.epilogue_lost_prior.3',
  +             type: 'narrate'
  +           },
  +           [Object: null prototype] {
  +             type: 'await_ack'
  +           },
  +           [Object: null prototype] {
  +             type: 'end'
  +           }
  +         ]
  +       },
  +       'ashmere_missing_child@0.0.31:scene/epilogue_rescued_fox': [Object: null prototype] {
  +         control: 'modal',
  +         key: 'epilogue_rescued_fox',
  +         on: [Object: null prototype] {
  +           action: [Object: null prototype] {
  +             cartridge_id: 'ashmere_missing_child',
  +             cartridge_version: '0.0.31',
  +             key: 'begin_epilogue_rescued_fox',
  +             kind: 'recipe'
  +           },
  +           detail: 'market_cross',
  +           outcome: 'success',
  +           room: [Object: null prototype] {
  +             cartridge_id: 'ashmere_missing_child',
  +             cartridge_version: '0.0.31',
  +             key: 'village_green',
  +             kind: 'room'
  +           }
  +         },
  +         on_end: [Object: null prototype] {
  +           assign: [
  +             [Object: null prototype] {
  +               fact: [Object: null prototype] {
  +                 cartridge_id: 'ashmere_missing_child',
  +                 cartridge_version: '0.0.31',
  +                 key: 'memory_village_ending',
  +                 kind: 'fact'
  +               },
  +               value: 'rescued'
  +             },
  +             [Object: null prototype] {
  +               fact: [Object: null prototype] {
  +                 cartridge_id: 'ashmere_missing_child',
  +                 cartridge_version: '0.0.31',
  +                 key: 'memory_fox_fate',
  +                 kind: 'fact'
  +               },
  +               value: 'free'
  +             },
  +             [Object: null prototype] {
  +               fact: [Object: null prototype] {
  +                 cartridge_id: 'ashmere_missing_child',
  +                 cartridge_version: '0.0.31',
  +                 key: 'memory_chapter_1_guild_tilt',
  +                 kind: 'fact'
  +               },
  +               value: 'fox'
  +             }
  +           ],
  +           outcome: 'rescued_fox',
  +           story_point: [Object: null prototype] {
  +             cartridge_id: 'ashmere_missing_child',
  +             cartridge_version: '0.0.31',
  +             key: 'prologue_completed',
  +             kind: 'story_point'
  +           }
  +         },
  +         steps: [
  +           [Object: null prototype] {
  +             text: 'scene.epilogue_rescued_fox.1',
  +             type: 'narrate'
  +           },
  +           [Object: null prototype] {
  +             text: 'scene.epilogue_rescued_fox.2',
  +             type: 'narrate'
  +           },
  +           [Object: null prototype] {
  +             text: 'scene.epilogue_rescued_fox.3',
  +             type: 'narrate'
  +           },
  +           [Object: null prototype] {
  +             type: 'await_ack'
  +           },
  +           [Object: null prototype] {
  +             type: 'end'
  +           }
  +         ]
  +       },
  +       'ashmere_missing_child@0.0.31:scene/epilogue_rescued_prior': [Object: null prototype] {
  +         control: 'modal',
  +         key: 'epilogue_rescued_prior',
  +         on: [Object: null prototype] {
  +           action: [Object: null prototype] {
  +             cartridge_id: 'ashmere_missing_child',
  +             cartridge_version: '0.0.31',
  +             key: 'begin_epilogue_rescued_prior',
  +             kind: 'recipe'
  +           },
  +           detail: 'market_cross',
  +           outcome: 'success',
  +           room: [Object: null prototype] {
  +             cartridge_id: 'ashmere_missing_child',
  +             cartridge_version: '0.0.31',
  +             key: 'village_green',
  +             kind: 'room'
  +           }
  +         },
  +         on_end: [Object: null prototype] {
  +           assign: [
  +             [Object: null prototype] {
  +               fact: [Object: null prototype] {
  +                 cartridge_id: 'ashmere_missing_child',
  +                 cartridge_version: '0.0.31',
  +                 key: 'memory_village_ending',
  +                 kind: 'fact'
  +               },
  +               value: 'rescued'
  +             },
  +             [Object: null prototype] {
  +               fact: [Object: null prototype] {
  +                 cartridge_id: 'ashmere_missing_child',
  +                 cartridge_version: '0.0.31',
  +                 key: 'memory_fox_fate',
  +                 kind: 'fact'
  +               },
  +               value: 'stilled'
  +             },
  +             [Object: null prototype] {
  +               fact: [Object: null prototype] {
  +                 cartridge_id: 'ashmere_missing_child',
  +                 cartridge_version: '0.0.31',
  +                 key: 'memory_chapter_1_guild_tilt',
  +                 kind: 'fact'
  +               },
  +               value: 'prior'
  +             }
  +           ],
  +           outcome: 'rescued_prior',
  +           story_point: [Object: null prototype] {
  +             cartridge_id: 'ashmere_missing_child',
  +             cartridge_version: '0.0.31',
  +             key: 'prologue_completed',
  +             kind: 'story_point'
  +           }
  +         },
  +         steps: [
  +           [Object: null prototype] {
  +             text: 'scene.epilogue_rescued_prior.1',
  +             type: 'narrate'
  +           },
  +           [Object: null prototype] {
  +             text: 'scene.epilogue_rescued_prior.2',
  +             type: 'narrate'
  +           },
  +           [Object: null prototype] {
  +             text: 'scene.epilogue_rescued_prior.3',
  +             type: 'narrate'
  +           },
  +           [Object: null prototype] {
  +             type: 'await_ack'
  +           },
  +           [Object: null prototype] {
  +             type: 'end'
  +           }
  +         ]
  +       },
  +       'ashmere_missing_child@0.0.31:scene/epilogue_stays_fox': [Object: null prototype] {
  +         control: 'modal',
  +         key: 'epilogue_stays_fox',
  +         on: [Object: null prototype] {
  +           action: [Object: null prototype] {
  +             cartridge_id: 'ashmere_missing_child',
  +             cartridge_version: '0.0.31',
  +             key: 'begin_epilogue_stays_fox',
  +             kind: 'recipe'
  +           },
  +           detail: 'market_cross',
  +           outcome: 'success',
  +           room: [Object: null prototype] {
  +             cartridge_id: 'ashmere_missing_child',
  +             cartridge_version: '0.0.31',
  +             key: 'village_green',
  +             kind: 'room'
  +           }
  +         },
  +         on_end: [Object: null prototype] {
  +           assign: [
  +             [Object: null prototype] {
  +               fact: [Object: null prototype] {
  +                 cartridge_id: 'ashmere_missing_child',
  +                 cartridge_version: '0.0.31',
  +                 key: 'memory_village_ending',
  +                 kind: 'fact'
  +               },
  +               value: 'stays'
  +             },
  +             [Object: null prototype] {
  +               fact: [Object: null prototype] {
  +                 cartridge_id: 'ashmere_missing_child',
  +                 cartridge_version: '0.0.31',
  +                 key: 'memory_fox_fate',
  +                 kind: 'fact'
  +               },
  +               value: 'free'
  +             },
  +             [Object: null prototype] {
  +               fact: [Object: null prototype] {
  +                 cartridge_id: 'ashmere_missing_child',
  +                 cartridge_version: '0.0.31',
  +                 key: 'memory_chapter_1_guild_tilt',
  +                 kind: 'fact'
  +               },
  +               value: 'fox'
  +             }
  +           ],
  +           outcome: 'stays_fox',
  +           story_point: [Object: null prototype] {
  +             cartridge_id: 'ashmere_missing_child',
  +             cartridge_version: '0.0.31',
  +             key: 'prologue_completed',
  +             kind: 'story_point'
  +           }
  +         },
  +         steps: [
  +           [Object: null prototype] {
  +             text: 'scene.epilogue_stays_fox.1',
  +             type: 'narrate'
  +           },
  +           [Object: null prototype] {
  +             text: 'scene.epilogue_stays_fox.2',
  +             type: 'narrate'
  +           },
  +           [Object: null prototype] {
  +             text: 'scene.epilogue_stays_fox.3',
  +             type: 'narrate'
  +           },
  +           [Object: null prototype] {
  +             type: 'await_ack'
  +           },
  +           [Object: null prototype] {
  +             type: 'end'
  +           }
  +         ]
  +       },
  +       'ashmere_missing_child@0.0.31:scene/epilogue_stays_prior': [Object: null prototype] {
  +         control: 'modal',
  +         key: 'epilogue_stays_prior',
  +         on: [Object: null prototype] {
  +           action: [Object: null prototype] {
  +             cartridge_id: 'ashmere_missing_child',
  +             cartridge_version: '0.0.31',
  +             key: 'begin_epilogue_stays_prior',
  +             kind: 'recipe'
  +           },
  +           detail: 'market_cross',
  +           outcome: 'success',
  +           room: [Object: null prototype] {
  +             cartridge_id: 'ashmere_missing_child',
  +             cartridge_version: '0.0.31',
  +             key: 'village_green',
  +             kind: 'room'
  +           }
  +         },
  +         on_end: [Object: null prototype] {
  +           assign: [
  +             [Object: null prototype] {
  +               fact: [Object: null prototype] {
  +                 cartridge_id: 'ashmere_missing_child',
  +                 cartridge_version: '0.0.31',
  +                 key: 'memory_village_ending',
  +                 kind: 'fact'
  +               },
  +               value: 'stays'
  +             },
  +             [Object: null prototype] {
  +               fact: [Object: null prototype] {
  +                 cartridge_id: 'ashmere_missing_child',
  +                 cartridge_version: '0.0.31',
  +                 key: 'memory_fox_fate',
  +                 kind: 'fact'
  +               },
  +               value: 'stilled'
  +             },
  +             [Object: null prototype] {
  +               fact: [Object: null prototype] {
  +                 cartridge_id: 'ashmere_missing_child',
  +                 cartridge_version: '0.0.31',
  +                 key: 'memory_chapter_1_guild_tilt',
  +                 kind: 'fact'
  +               },
  +               value: 'prior'
  +             }
  +           ],
  +           outcome: 'stays_prior',
  +           story_point: [Object: null prototype] {
  +             cartridge_id: 'ashmere_missing_child',
  +             cartridge_version: '0.0.31',
  +             key: 'prologue_completed',
  +             kind: 'story_point'
  +           }
  +         },
  +         steps: [
  +           [Object: null prototype] {
  +             text: 'scene.epilogue_stays_prior.1',
  +             type: 'narrate'
  +           },
  +           [Object: null prototype] {
  +             text: 'scene.epilogue_stays_prior.2',
  +             type: 'narrate'
  +           },
  +           [Object: null prototype] {
  +             text: 'scene.epilogue_stays_prior.3',
  +             type: 'narrate'
  +           },
  +           [Object: null prototype] {
  +             type: 'await_ack'
  +           },
  +           [Object: null prototype] {
  +             type: 'end'
  +           }
  +         ]
  +       }
  +     },
  +     services: [Object: null prototype] {
  +       'ashmere_missing_child@0.0.31:service/lantern_ale': [Object: null prototype] {
  +         action: 'drink_lantern_ale',
  +         benefit: [Object: null prototype] {
  +           amount: 4,
  +           kind: 'drink',
  +           liquid: [Object: null prototype] {
  +             cartridge_id: 'ashmere_missing_child',
  +             cartridge_version: '0.0.31',
  +             key: 'ale',
  +             kind: 'liquid'
  +           },
  +           recovery: [Object: null prototype] {
  +             cartridge_id: 'ashmere_missing_child',
  +             cartridge_version: '0.0.31',
  +             key: 'mv',
  +             kind: 'resource'
  +           },
  +           vessel: [Object: null prototype] {
  +             cartridge_id: 'ashmere_missing_child',
  +             cartridge_version: '0.0.31',
  +             key: 'lantern_ale_cask',
  +             kind: 'item'
  +           }
  +         },
  +         currency: [Object: null prototype] {
  +           cartridge_id: 'ashmere_missing_child',
  +           cartridge_version: '0.0.31',
  +           key: 'pennies',
  +           kind: 'resource'
  +         },
  +         key: 'lantern_ale',
  +         label: 'service.ale',
  +         narration: 'service.ale.used',
  +         price: 1,
  +         provider: [Object: null prototype] {
  +           cartridge_id: 'ashmere_missing_child',
  +           cartridge_version: '0.0.31',
  +           key: 'maud',
  +           kind: 'npc'
  +         }
  +       },
  +       'ashmere_missing_child@0.0.31:service/lantern_meal': [Object: null prototype] {
  +         action: 'eat_lantern_meal',
  +         benefit: [Object: null prototype] {
  +           amount: 12,
  +           debit: 1,
  +           kind: 'meal',
  +           recovery: [Object: null prototype] {
  +             cartridge_id: 'ashmere_missing_child',
  +             cartridge_version: '0.0.31',
  +             key: 'mv',
  +             kind: 'resource'
  +           },
  +           stock: [Object: null prototype] {
  +             cartridge_id: 'ashmere_missing_child',
  +             cartridge_version: '0.0.31',
  +             key: 'lantern_meals',
  +             kind: 'resource'
  +           }
  +         },
  +         currency: [Object: null prototype] {
  +           cartridge_id: 'ashmere_missing_child',
  +           cartridge_version: '0.0.31',
  +           key: 'pennies',
  +           kind: 'resource'
  +         },
  +         key: 'lantern_meal',
  +         label: 'service.meal',
  +         narration: 'service.meal.used',
  +         price: 2,
  +         provider: [Object: null prototype] {
  +           cartridge_id: 'ashmere_missing_child',
  +           cartridge_version: '0.0.31',
  +           key: 'maud',
  +           kind: 'npc'
  +         }
  +       },
  +       'ashmere_missing_child@0.0.31:service/lantern_room': [Object: null prototype] {
  +         action: 'rent_lantern_room',
  +         benefit: [Object: null prototype] {
  +           fact: [Object: null prototype] {
  +             cartridge_id: 'ashmere_missing_child',
  +             cartridge_version: '0.0.31',
  +             key: 'lantern_bed_paid',
  +             kind: 'fact'
  +           },
  +           kind: 'entitlement'
  +         },
  +         currency: [Object: null prototype] {
  +           cartridge_id: 'ashmere_missing_child',
  +           cartridge_version: '0.0.31',
  +           key: 'pennies',
  +           kind: 'resource'
  +         },
  +         key: 'lantern_room',
  +         label: 'service.room',
  +         narration: 'service.room.used',
  +         price: 3,
  +         provider: [Object: null prototype] {
  +           cartridge_id: 'ashmere_missing_child',
  +           cartridge_version: '0.0.31',
  +           key: 'maud',
  +           kind: 'npc'
  +         }
  +       }
  +     },
  +     skills: [Object: null prototype] {
  +       'ashmere_missing_child@0.0.31:skill/dodge': [Object: null prototype] {
  +         key: 'dodge',
  +         label: 'skill.dodge.label',
  +         qualification: [Object: null prototype] {
  +           policy_version: 1,
  +           root: [Object: null prototype] {
  +             at_least: 10,
  +             attribute: [Object: null prototype] {
  +               cartridge_id: 'ashmere_missing_child',
  +               cartridge_version: '0.0.31',
  +               key: 'dex',
  +               kind: 'attribute'
  +             },
  +             op: 'stat_compare'
  +           }
  +         },
  +         requirement: 'skill.dodge.requirement'
  +       },
  +       'ashmere_missing_child@0.0.31:skill/swim': [Object: null prototype] {
  +         key: 'swim',
  +         label: 'skill.swim.label',
  +         qualification: [Object: null prototype] {
  +           policy_version: 1,
  +           root: [Object: null prototype] {
  +             items: [],
  +             op: 'all'
  +           }
  +         },
  +         requirement: 'skill.swim.requirement'
  +       },
  +       'ashmere_missing_child@0.0.31:skill/swords': [Object: null prototype] {
  +         key: 'swords',
  +         label: 'skill.swords.label',
  +         qualification: [Object: null prototype] {
  +           policy_version: 1,
  +           root: [Object: null prototype] {
  +             at_least: 10,
  +             attribute: [Object: null prototype] {
  +               cartridge_id: 'ashmere_missing_child',
  +               cartridge_version: '0.0.31',
  +               key: 'str',
  +               kind: 'attribute'
  +             },
  +             op: 'stat_compare'
  +           }
  +         },
  +         requirement: 'skill.swords.requirement'
  +       }
  +     },
  +     story_points: [Object: null prototype] {
  +       'ashmere_missing_child@0.0.31:story_point/prologue_completed': [Object: null prototype] {
  +         key: 'prologue_completed',
  +         outcomes: [Object: null prototype] {
  +           lost_prior: [Object: null prototype] {
  +             scene: [Object: null prototype] {
  +               cartridge_id: 'ashmere_missing_child',
  +               cartridge_version: '0.0.31',
  +               key: 'epilogue_lost_prior',
  +               kind: 'scene'
  +             }
  +           },
  +           rescued_fox: [Object: null prototype] {
  +             scene: [Object: null prototype] {
  +               cartridge_id: 'ashmere_missing_child',
  +               cartridge_version: '0.0.31',
  +               key: 'epilogue_rescued_fox',
  +               kind: 'scene'
  +             }
  +           },
  +           rescued_prior: [Object: null prototype] {
  +             scene: [Object: null prototype] {
  +               cartridge_id: 'ashmere_missing_child',
  +               cartridge_version: '0.0.31',
  +               key: 'epilogue_rescued_prior',
  +               kind: 'scene'
  +             }
  +           },
  +           stays_fox: [Object: null prototype] {
  +             scene: [Object: null prototype] {
  +               cartridge_id: 'ashmere_missing_child',
  +               cartridge_version: '0.0.31',
  +               key: 'epilogue_stays_fox',
  +               kind: 'scene'
  +             }
  +           },
  +           stays_prior: [Object: null prototype] {
  +             scene: [Object: null prototype] {
  +               cartridge_id: 'ashmere_missing_child',
  +               cartridge_version: '0.0.31',
  +               key: 'epilogue_stays_prior',
  +               kind: 'scene'
  +             }
  +           }
  +         }
  +       }
  +     },
  +     text: [Object: null prototype] {
  +       'action.buy': 'Buy',
  +       'action.continue': 'Continue',
  +       'action.douse': 'Douse',
  +       'action.drink': 'Drink',
  +       'action.eat': 'Eat',
  +       'action.fill': 'Fill',
  +       'action.forage': 'Forage',
  +       'action.harvest': 'Harvest',
  +       'action.ignite': 'Ignite',
  +       'action.pour': 'Pour',
  +       'action.refuel': 'Refuel',
  +       'action.sell': 'Sell',
  +       'action.take': 'Take',
  +       'action.talk': 'Talk to',
  +       'actions.accept_wisp': 'Speak to Wisp',
  +       'actions.ask_ward': 'Ask about ward',
  +       'actions.ask_wisp': 'Ask Wisp again',
  +       'actions.begin_epilogue': 'Begin epilogue',
  +       'actions.read_bell': 'Inspect bell',
  +       'actions.read_book': 'Read',
  +       'actions.read_cellar_help': 'Read Help in the cellar',
  +       'actions.read_duty_roster': 'Read duty roster',
  +       'actions.read_fox_prints': 'Inspect fox prints',
  +       'actions.read_hollow': 'Inspect hollow',
  +       'actions.read_lost_whistle': 'Read Lost tin whistle',
  +       'actions.read_notice': 'Read the notice',
  +       'actions.read_plank': 'Inspect plank',
  +       'actions.read_road_sign': 'Read flooded road sign',
  +       'actions.read_tracks': 'Inspect tracks',
  +       'actions.read_ward_stone': 'Read the ward stone',
  +       'actions.ring_bell': 'Ring bell',
  +       'actions.seek_wisp': 'Seek Wisp',
  +       'actions.silence_bell': 'Leave the bell silent',
  +       'actions.study_tracks': 'Study tracks',
  +       'band.almost_dead': 'is almost dead',
  +       'band.bleeding_freely': 'is bleeding freely',
  +       'band.covered_in_blood': 'is covered in blood',
  +       'band.dying': 'is DYING',
  +       'band.exhausted': 'is exhausted',
  +       'band.few_bruises': 'has a few bruises',
  +       'band.leaking_guts': 'is leaking guts',
  +       'band.many_nasty_wounds': 'has many nasty wounds',
  +       'band.mv_ready': 'is ready to travel',
  +       'band.ready': 'is in perfect health',
  +       'band.several_wounds': 'has several wounds',
  +       'band.slightly_scratched': 'is slightly scratched',
  +       'band.some_cuts': 'has some cuts',
  +       'band.steady': 'moves steadily',
  +       'band.tired': 'is tired',
  +       'barrier.storage_chest_lid.short': 'the storage chest’s lid',
  +       'barrier.trunk_lid.short': "the trunk's lid",
  +       'chapter.missing_child': 'The Missing Child — in progress',
  +       'chapter.prologue_complete': 'After the Bell',
  +       'combat.block': 'Your shield blocks the beast’s strike.',
  +       'combat.dodge': 'You dodge the beast’s strike.',
  +       'combat.npc_died': 'The beast gives one last shudder and lies still.',
  +       'combat.npc_hit': 'The beast sinks its teeth into you.',
  +       'combat.npc_miss': 'The beast snaps at you, but finds only air.',
  +       'combat.player_died': 'You crumple to the floor. You awaken at the shrine.',
  +       'combat.player_hit': 'Your blow strikes the beast squarely.',
  +       'combat.player_miss': 'The beast darts clear of your blow.',
  +       'detail.apple_trees.title': 'Apple trees',
  +       'detail.bed.free': 'A plain bed stands upstairs. Maud offers the room downstairs; ordinary rest is still available.',
  +       'detail.bed.paid': 'You have paid Maud for this bed. You may rest here whenever you return.',
  +       'detail.bed.title': 'Bed',
  +       'detail.bell.description': 'The great bell hangs from a timber crossbeam. Its rope is sound, and the clapper waits just clear of the bronze.',
  +       'detail.bell.title': 'Chapel bell',
  +       'detail.carved_fox.description': 'A fox is carved into the old stone. Its meaning is hidden.',
  +       'detail.cellar_help.description': 'A notice from Maud asks for help below the inn.',
  +       'detail.cellar_help.title': 'Help in the cellar',
  +       'detail.duty_roster.description': 'The duty roster is readable.',
  +       'detail.duty_roster.title': 'Duty roster',
  +       'detail.elspeth_cottage.cot.description': 'A blanket lies folded on the cot. Elspeth still waits for news of Wren’s return.',
  +       'detail.elspeth_cottage.cot.lost': 'A blanket lies folded on the cot. Elspeth has heard the news, but Wren has not been brought back. The cot remains empty.',
  +       'detail.elspeth_cottage.cot.rescued': 'A blanket lies folded on the cot. Wren is safely back with Elspeth at the Ferry Landing; he has not been brought to this cot.',
  +       'detail.elspeth_cottage.cot.stays': 'A blanket lies folded on the cot. Wren has chosen to stay with Vesper in Fox Hollow. His message has reached Elspeth; the cot remains empty.',
  +       'detail.elspeth_cottage.hearth.description': 'A banked fire warms the stone hearth.',
  +       'detail.empty_nest.description': 'The abandoned nest holds only dry reeds.',
  +       'detail.fen_outbound.description': 'The rope ferry runs along its cable. Leave two pennies for Mother Sedge before crossing to the isle; passage to recover your belongings is free.',
  +       'detail.fen_return.description': 'The rope ferry returns to the Boathouse without a fare.',
  +       'detail.fenwort_patch.description': 'A finite patch of fenwort grows under the willows. Pick one sprig at a time; a sprig dropped here can be gathered again.',
  +       'detail.fenwort_patch.title': 'Fenwort Patch',
  +       'detail.ferry.title': 'Rope ferry',
  +       'detail.fox_prints.description': "Small paw prints cross the soft mud, clear at the path's edge before the reeds swallow them.",
  +       'detail.fox_prints.title': 'Fox prints',
  +       'detail.glow.description': 'A pale glow waits just beyond the reeds. Douse any carried light, then seek the wisp.',
  +       'detail.glow.title': 'Marsh glow',
  +       'detail.gnawed_bones.description': 'Old bones are cracked and stripped clean.',
  +       'detail.hollow.description': 'Flattened grass and old fox bones mark a place where something has rested.',
  +       'detail.hollow.title': 'Hollow',
  +       'detail.lost_whistle.description': 'A small handwritten notice asks about a missing whistle.',
  +       'detail.lost_whistle.title': 'Lost tin whistle',
  +       'detail.market_cross.description': 'The old stone cross stands where Ashmere gathers for news and trade. You can begin the epilogue here when your story is ready.',
  +       'detail.marsh_reeds.description': 'Dense reeds rustle in the wind.',
  +       'detail.masonry.description': 'Carefully fitted stones line the shaft. There is no opening in the masonry.',
  +       'detail.notice.description': 'A weathered notice is nailed to the mooring post.',
  +       'detail.notice.title': 'Landing notice',
  +       'detail.orchard.apple_trees.description': 'The low branches carry red apples; fallen fruit lies within reach.',
  +       'detail.orchard.beehive.description': 'Bees pass through the hive’s narrow opening. It is best left alone.',
  +       'detail.plank.description': 'The plank is worn but steady, with a dry line across the mire.',
  +       'detail.plank.title': 'Plank',
  +       'detail.road_sign.description': 'The flooded road sign is readable.',
  +       'detail.road_sign.title': 'Flooded road sign',
  +       'detail.rumor_board.description': 'Two notices are pinned to a wooden board beside the bar.',
  +       'detail.rumor_board.title': 'Notice board',
  +       'detail.smithy.anvil.description': 'Hammer marks cover the broad iron face.',
  +       'detail.smithy.forge.description': 'The brick forge holds a bed of cooling coals.',
  +       'detail.smithy.tools.description': 'Tongs, hammers and files hang in their places.',
  +       'detail.tracks.description': 'The marks run along the bank and disappear into trampled reeds. The soft ground holds no clear story of who made them.',
  +       'detail.tracks.title': 'Tracks',
  +       'detail.ward_stone.description': 'A flat stone bears a weathered ring around a narrow doorway. Moss fills the shallow cuts at its edges.',
  +       'detail.ward_stone.title': 'Ward stone',
  +       'detail.well.description': 'A rope and bucket hang over clear, cold well water. You can fill your own waterskins here.',
  +       'detail.well.read': 'Examine the well',
  +       'detail.well.title': 'The well',
  +       'dialogue.a_vesper_meeting.meet_wren': '“Wren, your mother is looking for you.”',
  +       'dialogue.a_vesper_meeting.prompt': '“You followed the tracks,” the stranger says. “I am Vesper. And this is Wren.” The boy looks up at his name.',
  +       'dialogue.a_wick_offer.prompt': '“Bring me three sprigs of fenwort and I will give you three bandages,” Wick says. “We can begin again immediately while the supplies last.”',
  +       'dialogue.ada.leave': 'Leave',
  +       'dialogue.ada.leave_narration': 'You leave Ada to the evening.',
  +       'dialogue.ada.prompt': 'Ada says, “The trees are west of the smithy. I only gather what has fallen.”',
  +       'dialogue.aldric.bell': 'Ask about the bell.',
  +       'dialogue.aldric.leave': 'Leave Aldric.',
  +       'dialogue.aldric.offer.accept': '“I’ll ring the bell.”',
  +       'dialogue.aldric.offer.prompt': '“You have searched the fen,” Aldric says. “Ring the chapel bell. Its sound may reach where our voices cannot.”',
  +       'dialogue.aldric.prompt': 'Aldric looks up at the bell tower. “The stair is open. Take care on the steps.”',
  +       'dialogue.aldric.ward': 'Aldric listens when you mention the ward of the fen.',
  +       'dialogue.aldric.ward.ask': 'Discuss the ward',
  +       'dialogue.aldric_debt.late': 'Give Aldric Peg’s ledger late.',
  +       'dialogue.aldric_debt.on_time': 'Give Aldric Peg’s ledger before the deadline.',
  +       'dialogue.aldric_debt.prompt': 'Aldric glances at the ledger. “Is this Peg’s account?”',
  +       'dialogue.ash.leave': 'Leave',
  +       'dialogue.ash.prompt': 'The copying desks are open to anyone who wishes to learn.',
  +       'dialogue.b_vesper_riddle.answer': 'Answer Vesper',
  +       'dialogue.b_vesper_riddle.prompt': 'Vesper lays out letter tiles. “I carry a flame behind glass. Held in a hand, I guide a traveller through darkness. What am I?”',
  +       'dialogue.b_wick_turn_in.prompt': 'Wick checks your three fenwort and his three bandages.',
  +       'dialogue.c_vesper_answered.carry_message': '“I’ll take your message to Elspeth. Wren can stay.”',
  +       'dialogue.c_vesper_answered.prompt': '“You have answered my riddle,” Vesper says. “Wren may stay here with me, if he wishes. Will you carry this message to his mother at the landing?”',
  +       'dialogue.elspeth.accept': 'Will you look around the Green for a sign of Wren?',
  +       'dialogue.elspeth.directions': '“Which way is the village?”',
  +       'dialogue.elspeth.inn': '“Is there an inn nearby?”',
  +       'dialogue.elspeth.prompt': '“My boy Wren hasn’t come home. I keep thinking the next boat might bring word of him.” She gathers herself. “You’re new to Ashmere, aren’t you?”',
  +       'dialogue.elspeth.wren': '“Who is Wren?”',
  +       'dialogue.elspeth_lost.acknowledge': 'Tell Elspeth what happened.',
  +       'dialogue.elspeth_lost.prompt': "Elspeth has heard the bell. She looks past you toward the river. “You haven't found him, have you?”",
  +       'dialogue.elspeth_report.prompt': 'Elspeth watches the folded drawing in your hand.',
  +       'dialogue.elspeth_report.report': 'I found this drawing on the Green.',
  +       'dialogue.elspeth_rescue.prompt': 'Elspeth catches sight of Wren beside you. She reaches toward him. “Wren?”',
  +       'dialogue.elspeth_rescue.rescued': 'Bring Wren to his mother.',
  +       'dialogue.elspeth_rescued.acknowledge': '“You’re together again.”',
  +       'dialogue.elspeth_rescued.prompt': 'Elspeth keeps Wren close beside her. “He’s home. I can hardly believe it.”',
  +       'dialogue.elspeth_return.prompt': 'Elspeth looks at the folded message. “You have news of Wren?”',
  +       'dialogue.elspeth_return.stays': 'Give Elspeth Vesper’s message.',
  +       'dialogue.elspeth_stays.acknowledge': '“I’m glad you have his word.”',
  +       'dialogue.elspeth_stays.prompt': 'Elspeth folds the message carefully. “I know where Wren is now. He has chosen to stay with Vesper.”',
  +       'dialogue.gareth.leave': 'Leave',
  +       'dialogue.gareth.leave_narration': 'You leave Gareth to the evening.',
  +       'dialogue.gareth.prompt': 'Gareth says, “Ada minds the orchard while I’m at the anvil. Take fallen apples if you need them.”',
  +       'dialogue.hale.leave': 'Leave',
  +       'dialogue.hale.prompt': 'The garden feeds the Priory. Even the thyme has its place.',
  +       'dialogue.maud_offer.prompt': '“Clear the five rats out of my cellar and I’ll give you the key to the storage chest upstairs.”',
  +       'dialogue.maud_turn_in.done': '“Your cellar is clear.”',
  +       'dialogue.maud_turn_in.prompt': '“Well? Have you dealt with those rats?”',
  +       'dialogue.peg_debt.accept_late': 'Take the ledger; accept that only late delivery remains.',
  +       'dialogue.peg_debt.accept_on_time': 'Take the ledger; promise to deliver it by the second day at six.',
  +       'dialogue.peg_debt.elapsed': 'Ask about the ledger after the deadline.',
  +       'dialogue.peg_debt.prompt': '“Aldric at the Chapel Nave is still waiting for my ledger,” Peg says.',
  +       'dialogue.vesper.greet': 'Greet the stranger',
  +       'dialogue.vesper.prompt': 'The foxlike stranger watches you from beside the hollow.',
  +       'dialogue.wisp.accept': 'Accept the riddle',
  +       'dialogue.wisp.answer': 'Answer the riddle',
  +       'dialogue.wisp.offer': 'The wisp offers a riddle and a ward for its answer. Will you accept?',
  +       'dialogue.wisp.riddle': 'Keep any carried light doused. I come and go, yet never leave the shore. What am I?',
  +       'dialogue.wren.greet': 'Speak to Wren',
  +       'dialogue.wren.prompt': 'The boy looks up from the reed in his hands.',
  +       'dialogue.wren_escort.prompt': 'Wren glances from Vesper to you. “Mother must be worried. Will you walk back to her with me?”',
  +       'dialogue.wren_escort.rescue': '“Come with me. I’ll take you back to Elspeth.”',
  +       'dialogue.wren_rejoin.prompt': 'Wren looks relieved to see you. “There you are. Can we go back together now?”',
  +       'dialogue.wren_rejoin.rejoin': 'Rejoin Wren and continue to Elspeth.',
  +       'dream.choice': 'The fox waits at a fork in the reeds.',
  +       'dream.choose': 'Choose',
  +       'dream.description': 'A dream waiting at the Lantern. Close it whenever you wish; its place will be kept.',
  +       'dream.fen': 'You stand among the reeds of the fen. A narrow track winds toward a light you cannot quite see.',
  +       'dream.follow': 'Follow the fox',
  +       'dream.follow.final': 'You follow the fox to the water’s edge. Across the fen, a lantern shines through the mist.',
  +       'dream.fox': 'A red fox steps onto the track. It looks back once, waiting.',
  +       'dream.opening': 'The Lantern falls quiet around you. Beyond the window, mist gathers over dark water.',
  +       'dream.title': 'The Fen Dream',
  +       'dream.wake': 'Wake',
  +       'dream.wake.final': 'You turn toward the warmth of the Lantern. The fox slips between the reeds as the window brightens.',
  +       'item.ale_cask.description': 'Maud keeps this finite cask behind her counter.',
  +       'item.ale_cask.room': 'A small [ale cask](lantern_ale_cask) holds Maud’s ale.',
  +       'item.ale_cask.short': 'ale cask',
  +       'item.apple.description': 'A small red apple, firm and sweet. Eating it restores up to six movement points.',
  +       'item.apple.short': 'a ripe apple',
  +       'item.apple_01.room': 'A ripe [apple](apple_01) lies in the grass.',
  +       'item.apple_02.room': 'A ripe [apple](apple_02) lies in the grass.',
  +       'item.apple_03.room': 'A ripe [apple](apple_03) lies in the grass.',
  +       'item.bandage.description': 'A clean strip of linen from the infirmary.',
  +       'item.bandage.room': 'A clean [bandage] lies here.',
  +       'item.bandage.short': 'bandage',
  +       'item.bell_rites.description': 'A small bound volume titled [Bell Rites](bell_rites). Its single page is written in a steady hand.',
  +       'item.bell_rites.room': '[Bell Rites](bell_rites) rests on a copying desk.',
  +       'item.bell_rites.short': 'Bell Rites',
  +       'item.brass_key.description': 'A small brass key with a narrow tooth.',
  +       'item.brass_key.room': 'A small [brass key] lies here, its narrow tooth glinting.',
  +       'item.brass_key.short': 'a brass key',
  +       'item.cellar_key.description': 'An iron key, its bow worn smooth.',
  +       'item.cellar_key.room': 'A [storage key] lies here.',
  +       'item.cellar_key.short': 'a storage key',
  +       'item.fenwort.description': 'A small sprig of fenwort, useful to Brother Wick.',
  +       'item.fenwort.room': 'A [sprig of fenwort] grows low among the roots.',
  +       'item.fenwort.short': 'fenwort',
  +       'item.fox_drawing.description': "A child's charcoal drawing shows a fox among tall reeds. The paper is creased and muddy. There is no name on it.",
  +       'item.fox_drawing.room': "A folded [fox drawing] lies near the elm's roots.",
  +       'item.fox_drawing.short': 'a fox drawing',
  +       'item.hound_corpse.description': 'The body of a fen hound.',
  +       'item.hound_corpse.room': 'A [hound corpse](hound_corpse) lies here.',
  +       'item.hound_corpse.short': 'a hound corpse',
  +       'item.hound_pelt.description': 'The coarse hide of a fen hound.',
  +       'item.hound_pelt.room': 'A [hound pelt](hound_pelt) lies here.',
  +       'item.hound_pelt.short': 'a hound pelt',
  +       'item.iron_sword.description': 'A balanced iron blade, sharper than Tobin’s old sword.',
  +       'item.iron_sword.room': '[An iron sword](iron_sword) lies here.',
  +       'item.iron_sword.short': 'an iron sword',
  +       'item.lamp_oil.description': 'A bottle of oil for refilling the torch. Its empty shell can still be sold.',
  +       'item.lamp_oil.room': '[A flask of lamp oil](lamp_oil) lies here.',
  +       'item.lamp_oil.short': 'a flask of lamp oil',
  +       'item.player_corpse.description': 'Possessions remain with this body.',
  +       'item.player_corpse.room': 'A [player corpse] lies here.',
  +       'item.player_corpse.short': 'a fallen body',
  +       'item.rat_corpse.description': 'The cellar rat lies still.',
  +       'item.rat_corpse.room': 'A [rat corpse] lies here.',
  +       'item.rat_corpse.short': 'a dead cellar rat',
  +       'item.rusty_sword.description': 'A sound old blade with rust along its edge.',
  +       'item.rusty_sword.room': '[A rusty sword](rusty_sword) lies here.',
  +       'item.rusty_sword.short': 'a rusty sword',
  +       'item.satchel.description': 'A small satchel with room for four items.',
  +       'item.satchel.room': '[A small satchel](satchel) lies here.',
  +       'item.satchel.short': 'a small satchel',
  +       'item.spare_waterskin.description': 'A second sturdy leather waterskin, with a pale cord around its neck. It holds four quarter-litres.',
  +       'item.spare_waterskin.room': 'A [spare waterskin](spare_waterskin) lies here.',
  +       'item.spare_waterskin.short': 'a spare waterskin',
  +       'item.storage_chest.description': 'A wooden chest with an iron lock.',
  +       'item.storage_chest.room': 'A [storage chest] stands here.',
  +       'item.storage_chest.short': 'a storage chest',
  +       'item.tin_whistle.description': 'A small tin whistle, dulled by dust.',
  +       'item.tin_whistle.room': 'A small [tin whistle] lies in the trunk.',
  +       'item.tin_whistle.short': 'a tin whistle',
  +       'item.tithe_ledger.description': 'A narrow ledger lists the tithe owed to the Priory.',
  +       'item.tithe_ledger.room': 'A [tithe ledger] lies here.',
  +       'item.tithe_ledger.short': 'a tithe ledger',
  +       'item.torch.description': 'An oil-soaked wick on a sturdy handle can be lit, doused and refilled with lamp oil.',
  +       'item.torch.room': '[A torch](torch) lies here.',
  +       'item.torch.short': 'a torch',
  +       'item.trunk.description': 'An old wooden trunk. Its iron hasp is dark with age.',
  +       'item.trunk.room': 'An old [trunk] sits under the slope of the roof.',
  +       'item.trunk.short': 'an old trunk',
  +       'item.vesper_message.description': 'A folded message addressed to Elspeth in a fine, slanting hand. Vesper entrusted it to you for Wren’s mother.',
  +       'item.vesper_message.room': 'A folded [message] lies here.',
  +       'item.vesper_message.short': 'Vesper’s message',
  +       'item.ward_of_the_fen.description': 'A small bound volume titled [The Ward of the Fen](ward_of_the_fen). Its single page is written in a steady hand.',
  +       'item.ward_of_the_fen.room': '[The Ward of the Fen](ward_of_the_fen) rests on a copying desk.',
  +       'item.ward_of_the_fen.short': 'The Ward of the Fen',
  +       'item.waterskin.description': 'A sturdy leather waterskin.',
  +       'item.waterskin.room': '[A waterskin](waterskin) lies here.',
  +       'item.waterskin.short': 'a waterskin',
  +       'item.wooden_shield.description': 'A plain wooden shield, ready for your off hand.',
  +       'item.wooden_shield.room': '[A wooden shield](wooden_shield) lies here.',
  +       'item.wooden_shield.short': 'a wooden shield',
  +       'item.wool_cloak.description': 'Heavy grey wool. Rain runs off it.',
  +       'item.wool_cloak.room': 'A [wool cloak] hangs over the bedpost.',
  +       'item.wool_cloak.short': 'a wool cloak',
  +       'light.doused': 'You douse the torch.',
  +       'light.ignited': 'You ignite the oil-soaked wick.',
  +       'light.refueled': 'You refill the torch from the oil bottle.',
  +       'liquid.ale': 'ale',
  +       'liquid.drank': 'You drink from the waterskin.',
  +       'liquid.empty': 'Empty',
  +       'liquid.filled': 'You fill the waterskin.',
  +       'liquid.poured': 'You pour into the other waterskin.',
  +       'liquid.units': 'quarter-litres',
  +       'liquid.water': 'Water',
  +       'narration.a_vesper_meeting': 'Wren nods. “I know. Vesper was showing me the fox paths.” You have found him alive, here in the hollow.',
  +       'narration.aldric.accept': 'Aldric nods toward the tower stair. “Up through the belfry. The rope is beside the bell.”',
  +       'narration.aldric.bell': '“It has called this village together longer than I have lived here,” Aldric says.',
  +       'narration.aldric.leave': 'Aldric returns to his watch beneath the tower.',
  +       'narration.aldric.ward': 'Aldric calls it an old marsh tradition: a promise to respect the fen, not a spell.',
  +       'narration.aldric_debt.late': 'Aldric takes the overdue ledger without payment.',
  +       'narration.aldric_debt.on_time': 'Aldric takes the ledger and pays you ten pennies from his purse.',
  +       'narration.b_vesper_riddle': '“A lantern. Well answered,” Vesper says. Wren smiles. The question of returning to Elspeth still waits.',
  +       'narration.begin_epilogue': 'You pause beside the market cross and let the village settle around you.',
  +       'narration.c_vesper_answered': 'Vesper places his folded message in your hand. Wren stays beside him. You agree to take the message to Elspeth at Ferry Landing.',
  +       'narration.eat_apple': 'You eat the apple and feel a little less weary.',
  +       'narration.elspeth.accept': 'You agree to look around Village Green for a sign of Wren.',
  +       'narration.elspeth.directions': '“North from here, up Well Lane,” Elspeth says. “Keep going north and you’ll reach Village Green. That’s the heart of Ashmere.”',
  +       'narration.elspeth.inn': '“Go north to Well Lane, then east into the Drowned Lantern. Maud keeps the inn. Speak to her at the bar; she’ll tell you what needs doing.”',
  +       'narration.elspeth.report': "“That could be Wren's drawing,” Elspeth says. “He was always exploring. The reeds south of the landing may be worth searching, but I can't know where he went.” “Look closely at the tracks on Reed Bank,” Elspeth says. “Follow them south. Wren is still missing.”",
  +       'narration.elspeth.wren': '“My son.” Elspeth looks back at the river. “He’s always off exploring, but he should have been home by now.”',
  +       'narration.elspeth_lost': "You tell her the bell was rung before Wren was found. Elspeth lowers her eyes. “Then I'll keep watching the landing.”",
  +       'narration.elspeth_rescue': 'Wren runs into Elspeth’s arms. She holds him close. “You brought him home. Thank you.” Wren stays with his mother at the landing.',
  +       'narration.elspeth_rescued': 'Elspeth rests a hand on Wren’s shoulder. “We won’t forget what you did.”',
  +       'narration.elspeth_return': 'Elspeth accepts Vesper’s message and reads it slowly. “He has chosen to stay,” she says. “Thank you for bringing me his word.” Wren remains with Vesper at Fox Hollow.',
  +       'narration.elspeth_stays': '“I will keep his message,” Elspeth says. She tucks the folded paper safely inside her shawl.',
  +       'narration.forage_apple': 'You gather a fallen apple.',
  +       'narration.harvest': 'You gather a sprig of fenwort.',
  +       'narration.maud.accept': 'You agree to clear Maud’s cellar.',
  +       'narration.maud.done': 'Maud sets an iron key in your palm. “For the storage chest upstairs. You’ve earned it.”',
  +       'narration.peg_debt.accept_late': 'Peg puts her ledger in your hands. “It is late already, but Aldric still needs it.”',
  +       'narration.peg_debt.accept_on_time': 'Peg puts her ledger in your hands and names the second day at six as the deadline.',
  +       'narration.peg_debt.elapsed': '“The time for that ledger passed,” Peg says. She asks nothing of you.',
  +       'narration.ring_bell': 'You pull the rope. The bell answers with a deep note that rolls over Ashmere and into the fen.',
  +       'narration.seek_wisp': 'You follow the glow and find a wisp waiting above the reeds.',
  +       'narration.seek_wisp_failed': 'The glow slips from your sight. You can seek it again.',
  +       'narration.silence_bell': 'You leave the bell rope untouched. In the hush, the fox has your answer.',
  +       'narration.study_tracks': 'You kneel beside the tracks. Small footprints run south across the mire toward Fox Hollow. They give you a lead, but Wren remains unfound.',
  +       'narration.vesper': '“The firm path runs north,” the stranger says. “There is no need to wait for the tide.”',
  +       'narration.vesper_wrong': 'Vesper shakes his head gently. “Try the letters again. Think of the light a traveller carries.”',
  +       'narration.wick.accept': 'You agree to exchange three fenwort for three bandages with Wick.',
  +       'narration.wick.exchange': 'Wick takes the three fenwort and places three bandages in your hand.',
  +       'narration.wisp.accept': 'The wisp waits for your answer.',
  +       'narration.wisp.correct': 'The wisp brightens. You learn the ward of the fen.',
  +       'narration.wisp.wrong': 'The wisp dims. That is not the answer.',
  +       'narration.wren': '“I never knew the fen had so many fox paths,” Wren says, turning the reed between his fingers.',
  +       'narration.wren_escort': 'Wren joins you for the walk to Ferry Landing. Vesper keeps his folded message and watches you set out together.',
  +       'narration.wren_rejoin': 'Wren steps beside you again, ready to continue to his mother at Ferry Landing.',
  +       'npc.ada.description': 'Ada wears a work apron and smells faintly of apple leaves.',
  +       'npc.ada.room': '[Ada](ada) pauses from the day’s work.',
  +       'npc.ada.short': 'Ada',
  +       'npc.aldric.description': 'Aldric wears a plain dark habit. His hands are ink-stained, and his gaze moves to the tower whenever the wind shifts.',
  +       'npc.aldric.room': '[Prior Aldric] stands beside the altar, watching the open stair to the tower.',
  +       'npc.aldric.short': 'Prior Aldric',
  +       'npc.ash.description': 'Novice Ash keeps ink on his fingertips and a half-finished thought on his tongue.',
  +       'npc.ash.room': '[Novice Ash](ash) studies a scrap of writing.',
  +       'npc.ash.short': 'Novice Ash',
  +       'npc.cellar_rat.description': 'A small grey rat watches from beside a barrel, its whiskers twitching.',
  +       'npc.cellar_rat.short': 'a cellar rat',
  +       'npc.cellar_rat_1.room': 'A [[cellar_rat_1|cellar rat]] noses among the dusty barrels.',
  +       'npc.cellar_rat_2.room': 'A [[cellar_rat_2|cellar rat]] noses among the dusty barrels.',
  +       'npc.cellar_rat_3.room': 'A [[cellar_rat_3|cellar rat]] noses among the dusty barrels.',
  +       'npc.cellar_rat_4.room': 'A [[cellar_rat_4|cellar rat]] noses among the dusty barrels.',
  +       'npc.cellar_rat_5.room': 'A [[cellar_rat_5|cellar rat]] noses among the dusty barrels.',
  +       'npc.elspeth.description': 'A woman in a worn shawl keeps turning toward the river. One hand worries the edge of her sleeve; her eyes search every face on the landing.',
  +       'npc.elspeth.room': '[Elspeth] stands beside the mooring post, watching each boat come in.',
  +       'npc.elspeth.short': 'Elspeth',
  +       'npc.fen_hound.description': 'A lean hound with a coarse marsh coat.',
  +       'npc.fen_hound.room': 'A [fen hound](fen_hound) watches the path.',
  +       'npc.fen_hound.short': 'a fen hound',
  +       'npc.gareth.description': 'Gareth’s hands carry the soot and scars of long work at the forge.',
  +       'npc.gareth.room': '[Gareth](gareth) pauses from the day’s work.',
  +       'npc.gareth.short': 'Gareth',
  +       'npc.hale.description': 'Novice Hale has soil on his cuffs and a patient, careful manner.',
  +       'npc.hale.room': '[Novice Hale](hale) pauses beside the stone walk.',
  +       'npc.hale.short': 'Novice Hale',
  +       'npc.maud.description': 'Broad, floury, sharp-eyed. She has been widowed by the river and has not forgiven it.',
  +       'npc.maud.room': '[Widow Maud] is here behind the bar, wiping a mug that is already clean.',
  +       'npc.maud.short': 'Widow Maud',
  +       'npc.peg.description': 'Peg keeps careful accounts and speaks without wasting a word.',
  +       'npc.peg.room': '[Peg Harrow] waits behind the counter.',
  +       'npc.peg.short': 'Peg Harrow',
  +       'npc.sedge.description': 'Mother Sedge has lived beside the fen longer than anyone remembers. She teaches swimming freely to those who ask.',
  +       'npc.sedge.room': '[Mother Sedge] sorts dried leaves beside the hearth.',
  +       'npc.sedge.short': 'Mother Sedge',
  +       'npc.tobin.description': 'Tobin keeps an old sword beside him. He offers immediate lessons in swords and dodge for two pennies each. Learning a skill and qualifying to use it are separate.',
  +       'npc.tobin.room': '[Tobin] stands beside the north gate, watching the road.',
  +       'npc.tobin.short': 'Tobin',
  +       'npc.vesper.description': 'A slender figure in a russet coat stands beneath the roots. His pointed face and bright amber eyes are unmistakably foxlike.',
  +       'npc.vesper.room': '[Vesper] waits beside the hollow, a russet tail curled around his feet.',
  +       'npc.vesper.short': 'Vesper',
  +       'npc.wick.description': 'Wick welcomes visitors at any hour. He will exchange three fenwort for three bandages when you hold the herbs and he has the linen. These exchanges are optional; his supplies are finite.',
  +       'npc.wick.room': '[Brother Wick] sorts linen beside the infirmary table.',
  +       'npc.wick.short': 'Brother Wick',
  +       'npc.wisp.description': 'A patient pale light hovers in the still air. It shies away from a carried flame; douse your light to speak or answer.',
  +       'npc.wisp.room': 'A [wisp](wisp) floats above the reeds.',
  +       'npc.wisp.short': 'Wisp',
  +       'npc.wren.description': 'A small boy with muddy knees holds a reed between his fingers. His eyes are bright with curiosity.',
  +       'npc.wren.room': '[Wren], a small boy with muddy knees, looks about him.',
  +       'npc.wren.short': 'Wren',
  +       'quest.bell.abandoned': 'You left the bell quest unfinished.',
  +       'quest.bell.active': 'Climb from Chapel Nave through Bell Tower to the Belfry and ring the bell.',
  +       'quest.bell.failed': 'The bell quest ended without a ringing.',
  +       'quest.bell.fox': 'You left the bell silent. The fox has your allegiance.',
  +       'quest.bell.prior': 'You rang the chapel bell. Its first call belongs to Aldric and the priory.',
  +       'quest.bell.ready': 'The bell has sounded across Ashmere.',
  +       'quest.bell.resolved': 'You rang the chapel bell for Aldric.',
  +       'quest.bell.title': 'The Bell of Ashmere',
  +       'quest.chandlers_debt.abandoned': 'The ledger delivery was abandoned.',
  +       'quest.chandlers_debt.active': 'Carry Peg’s ledger directly to Aldric at the Chapel Nave before the third day at six. Payment is due only by the second day at six.',
  +       'quest.chandlers_debt.failed': 'The accepted ledger delivery expired.',
  +       'quest.chandlers_debt.late': 'You delivered the ledger late, without payment.',
  +       'quest.chandlers_debt.never': 'The accepted ledger delivery expired.',
  +       'quest.chandlers_debt.on_time': 'You delivered the ledger on time and received ten pennies.',
  +       'quest.chandlers_debt.ready': 'Bring the ledger directly to Aldric at the Chapel Nave.',
  +       'quest.chandlers_debt.resolved': 'You delivered Peg’s ledger to Aldric.',
  +       'quest.chandlers_debt.title': 'Chandler’s Debt',
  +       'quest.first_lead.abandoned': 'You set aside the search for a sign of Wren.',
  +       'quest.first_lead.active': 'Look for a sign of Wren on Village Green.',
  +       'quest.first_lead.failed': 'You could not follow the first lead.',
  +       'quest.first_lead.ready': 'You found a fox drawing. Bring it to Elspeth at Ferry Landing.',
  +       'quest.first_lead.resolved': "Elspeth thought the drawing might be Wren's and suggested searching the reeds south of the landing.",
  +       'quest.first_lead.title': 'The First Lead',
  +       'quest.infirmary_herbs.abandoned': 'You left the optional herb exchange.',
  +       'quest.infirmary_herbs.accept': 'Accept or reaccept',
  +       'quest.infirmary_herbs.active': 'Retrieve three fenwort into your hands and return to Wick. Ground, stored or corpse-held herbs need to be recovered first.',
  +       'quest.infirmary_herbs.failed': 'This optional exchange is unavailable.',
  +       'quest.infirmary_herbs.ready': 'Wick can exchange your three directly held fenwort for three funded bandages.',
  +       'quest.infirmary_herbs.resolved': 'The exchange is complete. You may explicitly accept another while you hold three fenwort and Wick has three bandages; it is optional.',
  +       'quest.infirmary_herbs.title': 'Infirmary Herbs',
  +       'quest.infirmary_herbs.turn_in': 'Turn in three fenwort',
  +       'quest.lantern.active': 'You have rested at the Lantern. A dream waits at the Inn Rooms bed; return there to resume it.',
  +       'quest.lantern.resolved': 'You rested at the Lantern and acknowledged the fen dream.',
  +       'quest.lantern.title': 'A Room at the Lantern',
  +       'quest.mauds_cellar.abandoned': 'You abandoned Maud’s cellar quest.',
  +       'quest.mauds_cellar.accept': '“I’ll deal with the rats.”',
  +       'quest.mauds_cellar.active': 'Clear the five rats from the Lantern cellar.',
  +       'quest.mauds_cellar.failed': 'Maud’s cellar quest failed.',
  +       'quest.mauds_cellar.ready': 'The five cellar rats are dead. Return to Maud at the Drowned Lantern.',
  +       'quest.mauds_cellar.resolved': 'You cleared Maud’s cellar and received the storage key.',
  +       'quest.mauds_cellar.title': 'Maud’s Cellar',
  +       'quest.missing_child.abandoned': 'You left the search for Wren.',
  +       'quest.missing_child.active': 'Elspeth asks you to search for Wren. Study the tracks at Reed Bank, south of the landing.',
  +       'quest.missing_child.answered': 'Vesper accepted your answer. Speak to Wren about going home, or to Vesper about carrying a message to Elspeth while Wren stays.',
  +       'quest.missing_child.deliver': 'Wren has chosen to stay with Vesper. Deliver Vesper’s original message to Elspeth at Ferry Landing; if you left it behind, recover it first.',
  +       'quest.missing_child.failed': 'The search for Wren has failed.',
  +       'quest.missing_child.following': 'Wren is walking with you. Take him to Elspeth at Ferry Landing and speak to her to complete the return.',
  +       'quest.missing_child.lead': 'The tracks lead south across Mire Crossing toward Fox Hollow. Wren remains unfound.',
  +       'quest.missing_child.lost': 'The bell rang before you met Wren. The search has ended without bringing him home; Elspeth has not received a message or a rescue.',
  +       'quest.missing_child.met': 'You met Wren alive at Fox Hollow. Speak to Vesper and answer his letter-bank riddle. Wren has not returned home.',
  +       'quest.missing_child.rescued': 'You brought Wren safely to his mother, Elspeth, at Ferry Landing. He remains with her.',
  +       'quest.missing_child.resolved': 'The search for Wren has ended.',
  +       'quest.missing_child.separated': 'You were separated from Wren. Return to where you left him and speak to him to Rejoin before continuing to Elspeth.',
  +       'quest.missing_child.stays': 'Wren chose to remain with Vesper at Fox Hollow. You delivered Vesper’s message to his mother, Elspeth.',
  +       'quest.missing_child.title': 'The Missing Child',
  +       'quest.watch_rounds.title': 'Watchman’s Rounds',
  +       'quest.wisp_ward.active': 'Answer the wisp’s riddle. You may ask again immediately.',
  +       'quest.wisp_ward.resolved': 'You answered the wisp and learned the ward of the fen.',
  +       'quest.wisp_ward.title': 'The Wisp’s Ward',
  +       'readable.bell': 'Letters worn by years circle the rim: ASHMERE. The bell can be heard across the village and out into the fen.',
  +       'readable.bell_rites': 'The Priory bell calls witness to a vow. A clear note carries the rite beyond the stone walls; the keeper tends both rope and promise.',
  +       'readable.cellar_help': 'Maud needs help clearing rats from the cellar. Speak to her at the bar.',
  +       'readable.duty_roster': 'Tobin leads one short round at a time. Join him at each checkpoint. If you leave, return and Rejoin. If you die, return and Restart immediately.',
  +       'readable.fox_prints': 'The prints are small and close-set. They turn into the reeds; following them by sight ends at the first pool of dark water.',
  +       'readable.hollow': 'Flattened grass and old fox bones mark a place where something has rested.',
  +       'readable.lost_whistle': 'Lost a tin whistle? Ask at the Drowned Lantern.',
  +       'readable.notice': 'Keep the landing clear. Tie boats to the mooring post.',
  +       'readable.plank': 'The plank is worn but steady, with a dry line across the mire.',
  +       'readable.road_sign': 'The King’s Road is flooded beyond this gate and lies outside this chapter. Return west to Village Green.',
  +       'readable.tracks': 'Several narrow marks cross the bank toward the water. Wet reeds hide where they continue.',
  +       'readable.ward_of_the_fen': 'The ward is a promise kept between the Priory and the fen. Ask Aldric how its protection is renewed.',
  +       'readable.ward_stone': 'A worn ring surrounds a carved doorway. Beneath it, the remaining marks read: “Keep the threshold. Let the path remain open.”',
  +       'room.adder_nest.description': 'A dry mound rises above the water. An [empty nest](empty_nest) lies among the reeds.',
  +       'room.adder_nest.title': 'Adder Nest',
  +       'room.belfry.description': 'Wind passes through the slats and over the [bell](bell), dark with age. Its rope hangs within reach. The stair leads down to the chapel.',
  +       'room.belfry.title': 'Belfry',
  +       'room.bell_tower.description': 'A narrow stair climbs inside the chapel tower. Old mortar flakes from the wall. Above, daylight falls through the belfry slats; below, the nave waits in silence.',
  +       'room.bell_tower.title': 'Bell Tower',
  +       'room.black_pool.description': 'Still black water lies beside a broad, dry bank. Firm footing runs north to the oak, east toward Fox Hollow and south to a shallow reed edge. The water has no safe way down.',
  +       'room.black_pool.title': 'Black Pool',
  +       'room.boathouse.description': 'Weathered timbers shelter an unattended [rope ferry](ferry). A taut cable crosses the fen to the isle.',
  +       'room.boathouse.title': 'Boathouse',
  +       'room.chandler.description': 'Peg keeps the chandler’s shelves in order. The well lane lies east; steps lead down to the storeroom.',
  +       'room.chandler.title': 'Chandler',
  +       'room.chandler_storeroom.description': 'Crates and empty casks line the storeroom. The chandler is upstairs.',
  +       'room.chandler_storeroom.title': 'Chandler Storeroom',
  +       'room.chapel_nave.description': 'The nave is cold and high. A fresco covers the east wall, and the altar is plain stone.',
  +       'room.chapel_nave.title': 'Chapel Nave',
  +       'room.chapel_steps.description': 'Wide stone steps, worn into dips, climb to the chapel door. An alms bowl sits on the top step.',
  +       'room.chapel_steps.title': 'Chapel Steps',
  +       'room.cloister.description': 'Open stone arches surround a quiet courtyard. The nave is south, the public infirmary east.',
  +       'room.cloister.title': 'Cloister',
  +       'room.drowned_lantern.description': 'The inn is low and warm and smells of peat smoke and spilled ale. The hearth is big enough to stand in. The [rumor board](rumor_board) is thick with pinned notes, and Maud’s bar runs along the back wall.',
  +       'room.drowned_lantern.title': 'The Drowned Lantern',
  +       'room.drowned_oak.description': 'A broad oak stands in dark water, its lower trunk silvered by old flood marks. The ground is still firm beneath its roots, and the willow path leads north. A firm bank leads east to the mire crossing. Broad branches offer a way up; a dry bank follows the water south to the black pool.',
  +       'room.drowned_oak.title': 'Drowned Oak',
  +       'room.east_gate.description': 'A [road sign](road_sign) stands by a flooded lane. The village green is west of you.',
  +       'room.east_gate.title': 'East Gate',
  +       'room.elspeth_cottage.description': 'The small cottage is quiet. A [cot](cot) stands near the [hearth](hearth). No homecoming has been reported.',
  +       'room.elspeth_cottage.lost': 'The quiet cottage holds a [cot](cot) beside the [hearth](hearth). Elspeth has heard the news, but Wren has not been brought back. The cot remains empty.',
  +       'room.elspeth_cottage.rescued': 'The quiet cottage holds a [cot](cot) beside the [hearth](hearth). Wren is safely back with Elspeth at the Ferry Landing; he has not been brought to this cot.',
  +       'room.elspeth_cottage.stays': 'The quiet cottage holds a [cot](cot) beside the [hearth](hearth). Wren has chosen to stay with Vesper in Fox Hollow. His message has reached Elspeth; the cot remains empty.',
  +       'room.elspeth_cottage.title': 'Elspeth’s Cottage',
  +       'room.fen_isle_landing.description': 'Reeds brush the [rope ferry](ferry). A narrow path leads east to a hut; south, a shrine stands among the sedge.',
  +       'room.fen_isle_landing.title': 'Fen Isle Landing',
  +       'room.ferry_landing.description': 'Reeds crowd a slick wooden landing, and the river slides past it the color of strong tea. A mooring post leans into the current with a [notice](notice) nailed to it. Tide marks stripe the pilings.',
  +       'room.ferry_landing.title': 'Ferry Landing',
  +       'room.fishing_shallows.description': 'Reeds stand in shallow water beside a strip of dry, firm ground. Small ripples move between the stems. The bank leads north to the black pool.',
  +       'room.fishing_shallows.title': 'Fishing Shallows',
  +       'room.fox_den_deep.description': 'A shallow chamber opens beneath the roots. Its broad entrance admits daylight and the open night sky; the dry floor and low walls remain visible without a lamp. A worn [ward stone](ward_stone) rests beside the passage up to Fox Hollow.',
  +       'room.fox_den_deep.title': 'Fox Den Deep',
  +       'room.fox_hollow.description': 'The path ends at a sheltered [hollow](hollow) among the reeds. Wren sits beside a foxlike stranger beneath the roots. The firm path returns north across the mire. A dry path leads west to the black pool. Beneath the roots, a shallow passage slopes down into the den.',
  +       'room.fox_hollow.title': 'Fox Hollow',
  +       'room.gate_tower.description': 'Wind passes through the low tower. The stairs lead straight down to the Watch Post.',
  +       'room.gate_tower.title': 'Gate Tower',
  +       'room.herb_garden.description': 'Herbs fill crooked beds between the reeds. The hut door lies west.',
  +       'room.herb_garden.title': 'Herb Garden',
  +       'room.hound_run.description': 'A trampled path crosses the sedge. [Gnawed bones](gnawed_bones) lie beside the reeds.',
  +       'room.hound_run.title': 'Hound Run',
  +       'room.hut_loft.dark': 'The loft is dark. You know the ladder leads down.',
  +       'room.hut_loft.description': 'The low loft smells of dried leaves and old rope. The ladder is the only way down.',
  +       'room.hut_loft.title': 'Hut Loft',
  +       'room.infirmary.description': 'Clean linen hangs above a long table. The cloister lies west.',
  +       'room.infirmary.title': 'Infirmary',
  +       'room.inn_attic.description': 'Dust lies thick as felt. A trunk with an iron hasp sits under the slope of the roof.',
  +       'room.inn_attic.title': 'Inn Attic',
  +       'room.inn_rooms.description': 'A narrow passage of doors under the eaves. One stands open on a bed made up tight, and a window over the green. The ceiling sags a little at the end of the passage. A plain [bed](bed) stands ready.',
  +       'room.inn_rooms.title': 'Inn Rooms',
  +       'room.isle_hut.description': 'Bundles of drying herbs hang from the rafters. An open door leads to the garden, and a ladder rises into the loft.',
  +       'room.isle_hut.title': 'Isle Hut',
  +       'room.isle_shrine.description': 'A worn stone marks a quiet sanctuary beside the fen. No priest tends it. The path north returns to the landing.',
  +       'room.isle_shrine.title': 'Isle Shrine',
  +       'room.kitchen_garden.description': 'Rows of kitchen herbs grow between gravel paths. Bees move through the thyme.',
  +       'room.kitchen_garden.title': 'Kitchen Garden',
  +       'room.lantern_cellar.description': 'Ale casks lie on their sides in cradles. The floor is gritty, and the air tastes of old beer. Rat holes gnaw the base of every wall.',
  +       'room.lantern_cellar.title': 'Lantern Cellar',
  +       'room.marsh_light.dark': 'Dark reeds hide the marsh. A [glow](glow) hovers above the path.',
  +       'room.marsh_light.description': 'Firm footing threads the reeds. A [glow](glow) hovers ahead, beyond the [reeds](reeds).',
  +       'room.marsh_light.title': 'Marsh Light',
  +       'room.mire_crossing.description': 'A narrow [plank](plank) spans the deepest mud. Firm banks lead north to the reeds and west beneath the old oak; the path continues south.',
  +       'room.mire_crossing.title': 'Mire Crossing',
  +       'room.north_gate.description': 'The north gate is oak banded with iron, set in the village wall. North, a track climbs to the priory.',
  +       'room.north_gate.title': 'North Gate',
  +       'room.oak_branches.description': 'Broad oak limbs make a firm perch above the fen. The trunk leads down to the roots, and a stout branch rises into the crown.',
  +       'room.oak_branches.title': 'Oak Branches',
  +       'room.oak_crown.description': 'Leaves stir around the oak’s open crown. Branches and pale sky fill the gaps; the sturdy limb below leads back down.',
  +       'room.oak_crown.title': 'Oak Crown',
  +       'room.old_causeway.description': 'Dry stones cross the marsh. A [carved fox](carved_fox) watches the path.',
  +       'room.old_causeway.title': 'Old Causeway',
  +       'room.orchard.description': 'Low apple trees shelter a grassy enclosure west of the smithy. Ripe fruit rests beneath the [apple trees](apple_trees); a [beehive](beehive) hums at the edge.',
  +       'room.orchard.title': 'The Orchard',
  +       'room.prior_study.description': 'Shelves flank a plain desk. A ledger of household accounts lies closed beside an inkpot.',
  +       'room.prior_study.title': 'Prior Study',
  +       'room.reed_bank.description': 'The path reaches a low bank above brown fen water. [Tracks](tracks) mark the damp earth near the reeds. Firmer ground bends west under the willows. A firm path leads south to the mire crossing.',
  +       'room.reed_bank.title': 'Reed Bank',
  +       'room.reed_path.description': 'A narrow path presses south between tall reeds. Mud darkens the edges, where [fox prints](fox_prints) cross the path and vanish among the stems. The landing lies north.',
  +       'room.reed_path.title': 'Reed Path',
  +       'room.scriptorium.description': 'Daylight falls across two books: [The Ward of the Fen](ward_of_the_fen) and [Bell Rites](bell_rites). Narrow desks stand ready for copying.',
  +       'room.scriptorium.title': 'Scriptorium',
  +       'room.smithy.description': 'The forge has gone quiet for the evening. A broad [anvil](anvil) stands beside the [forge](forge), with [tools](tools) arranged along the wall.',
  +       'room.smithy.title': 'Gareth’s Smithy',
  +       'room.spire.description': 'Wind moves around the stone crown. Ashmere roofs and the broad fen stretch below.',
  +       'room.spire.title': 'Priory Spire',
  +       'room.tide_flats.description': 'The public path ends at the edge of the tide flats. Dry stones lead back west.',
  +       'room.tide_flats.title': 'Tide Flats',
  +       'room.village_green.description': 'An old elm shades a patch of trodden grass at the heart of Ashmere. The stocks stand empty beside the weathered [market cross](market_cross). Elspeth is still waiting for Wren’s return.',
  +       'room.village_green.lost': 'An old elm shades a patch of trodden grass at the heart of Ashmere. The stocks stand empty beside the weathered [market cross](market_cross). Nobody has brought Wren back. Elspeth has heard the news, and the road to the landing remains open.',
  +       'room.village_green.rescued': 'An old elm shades a patch of trodden grass at the heart of Ashmere. The stocks stand empty beside the weathered [market cross](market_cross). Wren is safely back with his mother at the landing.',
  +       'room.village_green.stays': 'An old elm shades a patch of trodden grass at the heart of Ashmere. The stocks stand empty beside the weathered [market cross](market_cross). Wren has chosen to stay with Vesper; his message has reached his mother.',
  +       'room.village_green.title': 'Village Green',
  +       'room.watch_cell.description': 'The empty cell stands open. You can walk back into the Watch Post without a key.',
  +       'room.watch_cell.title': 'Watch Cell',
  +       'room.watch_post.description': 'An open guard room overlooks the northern arch. The [duty roster](duty_roster) hangs beside an unlocked cell and the tower stairs.',
  +       'room.watch_post.title': 'Watch Post',
  +       'room.well_lane.description': 'A cobbled lane climbs from the landing toward the green. In the middle stands the well, with a bucket on a chain. The Drowned Lantern’s sign creaks to the east. The [well](well) has a rope and bucket for drawing clear water.',
  +       'room.well_lane.title': 'Well Lane',
  +       'room.well_shaft.dark': 'Darkness fills the shaft. The stair up leads back to Well Lane.',
  +       'room.well_shaft.description': 'A narrow stair descends beside old [masonry](masonry). The way up returns to Well Lane.',
  +       'room.well_shaft.title': 'Well Shaft',
  +       'room.willow_shade.description': 'Long willow branches hang over a strip of firm ground. The reed bank is east; south, the path passes beneath a great old oak. A [fenwort patch](fenwort_patch) grows beneath the roots.',
  +       'room.willow_shade.title': 'Willow Shade',
  +       'scene.bell_rung.bell': "The bell's voice shudders through the timber around you.",
  +       'scene.bell_rung.fen': 'Beyond the slats, the fen lies still beneath the sound.',
  +       'scene.bell_rung.fox': 'When the last note fades, even the fox calls have gone quiet.',
  +       'scene.bell_silenced.aldric': 'Aldric sees the untouched rope. His face goes cold. “Then you have made your choice,” he says.',
  +       'scene.bell_silenced.bell': 'The bell hangs still above Ashmere. Far below, the fen keeps its own counsel.',
  +       'scene.epilogue_lost_prior.1': 'Wren did not return. His absence sits with the village even here.',
  +       'scene.epilogue_lost_prior.2': 'The bell you rang still seems to echo from the priory hill. The fox calls have quieted.',
  +       'scene.epilogue_lost_prior.3': 'You leave the cross carrying the truth of Wren’s loss.',
  +       'scene.epilogue_rescued_fox.1': 'Wren is home with Elspeth. Their voices carry across the green.',
  +       'scene.epilogue_rescued_fox.2': 'The bell remains silent. The fen and its fox calls answer for themselves.',
  +       'scene.epilogue_rescued_fox.3': 'You leave the cross knowing Wren came safely through.',
  +       'scene.epilogue_rescued_prior.1': 'Wren is home with Elspeth. Their voices carry across the green.',
  +       'scene.epilogue_rescued_prior.2': 'The bell you rang still seems to echo from the priory hill. The fox calls have quieted.',
  +       'scene.epilogue_rescued_prior.3': 'You leave the cross knowing Wren came safely through.',
  +       'scene.epilogue_stays_fox.1': 'Wren remains with Vesper in the fen; his message has reached Elspeth.',
  +       'scene.epilogue_stays_fox.2': 'The bell remains silent. The fen and its fox calls answer for themselves.',
  +       'scene.epilogue_stays_fox.3': 'You leave the cross knowing Wren chose his own place.',
  +       'scene.epilogue_stays_prior.1': 'Wren remains with Vesper in the fen; his message has reached Elspeth.',
  +       'scene.epilogue_stays_prior.2': 'The bell you rang still seems to echo from the priory hill. The fox calls have quieted.',
  +       'scene.epilogue_stays_prior.3': 'You leave the cross knowing Wren chose his own place.',
  +       'sedge.swim.choice': 'Learn swim — free',
  +       'sedge.swim.learned': 'Mother Sedge teaches you to keep afloat and swim. You have learned swim.',
  +       'sedge.swim.prompt': 'Mother Sedge offers to teach you to swim.',
  +       'service.ale': 'Drink ale',
  +       'service.ale.used': 'Maud takes a penny and pours a serving of ale. You drink it and recover movement.',
  +       'service.already_paid': 'You have already paid for the bed.',
  +       'service.full_mv': 'Your MV is full.',
  +       'service.meal': 'Eat bread meal',
  +       'service.meal.used': 'Maud takes two pennies and serves bread. You eat the meal and recover movement.',
  +       'service.room': 'Rent room',
  +       'service.room.used': 'Maud takes your three pennies. The bed upstairs in Inn Rooms is yours to rest in.',
  +       'service.sold_out': 'Sold out.',
  +       'service.unaffordable': 'The exact penny payment is unavailable.',
  +       'shop.bought': 'Peg takes your pennies and hands you the purchase.',
  +       'shop.sold': 'Peg takes the item and counts your pennies into your hand.',
  +       'skill.dodge.label': 'Dodge',
  +       'skill.dodge.requirement': 'DEX at least 10',
  +       'skill.swim.label': 'Swim',
  +       'skill.swim.requirement': 'No attribute requirement for learning; water access is not yet available.',
  +       'skill.swords.label': 'Swords',
  +       'skill.swords.requirement': 'STR at least 10',
  +       'tobin.dodge.choice': 'Learn dodge — 2 pennies',
  +       'tobin.dodge.learned': 'Tobin accepts two pennies and teaches you dodge.',
  +       'tobin.dodge.prompt': '“I can teach you dodge now. The lesson costs two pennies. Dodge requires DEX at least 10 to use.”',
  +       'tobin.swords.choice': 'Learn swords — 2 pennies',
  +       'tobin.swords.learned': 'Tobin accepts two pennies and teaches you swords. He gives you his rusty sword.',
  +       'tobin.swords.prompt': '“I can teach you swords now. The lesson costs two pennies. I will give you this rusty sword. Swords require STR at least 10 to use.”',
  +       'topic.bell': 'Bell',
  +       'topic.ward': 'Ward of the Fen',
  +       'transport.board': 'Board',
  +       'transport.outbound.used': 'You draw the rope ferry across the fen and step onto Fen Isle Landing.',
  +       'transport.return': 'Return',
  +       'transport.return.used': 'You draw the rope ferry back to the Boathouse.',
  +       'transport.unaffordable': 'You need two pennies for passage to the isle.',
  +       'watch.active': 'Follow Tobin by ordinary exits. A departure pauses the attempt; return and Rejoin. After a fatal fall, return and Restart immediately.',
  +       'watch.completed': 'You completed the rounds with Tobin. The watch recognizes your help.',
  +       'watch.continue': 'Continue rounds',
  +       'watch.departed': 'Tobin takes the next leg alone. Walk the ordinary exit to join him.',
  +       'watch.prompt': 'Tobin checks where the two of you stand in the rounds.',
  +       'watch.rejoin': 'Rejoin',
  +       'watch.rejoined': 'Tobin waits beside you again. The next leg continues from here.',
  +       'watch.restart': 'Restart',
  +       'watch.restarted': 'Tobin begins a fresh attempt from here. Earlier checkpoint credit is cleared.',
  +       'watch.start': 'Start rounds',
  +       'watch.started': 'Tobin welcomes you on the rounds. No checkpoint is earned until you walk after him.',
  +       'watch.talk': 'Watchman’s Rounds'
  +     },
  +     topics: [Object: null prototype] {
  +       'ashmere_missing_child@0.0.31:topic/bell': [Object: null prototype] {
  +         fact: [Object: null prototype] {
  +           cartridge_id: 'ashmere_missing_child',
  +           cartridge_version: '0.0.31',
  +           key: 'topic_bell_known',
  +           kind: 'fact'
  +         },
  +         key: 'bell',
  +         label: 'topic.bell'
  +       },
  +       'ashmere_missing_child@0.0.31:topic/ward': [Object: null prototype] {
  +         fact: [Object: null prototype] {
  +           cartridge_id: 'ashmere_missing_child',
  +           cartridge_version: '0.0.31',
  +           key: 'topic_ward_known',
  +           kind: 'fact'
  +         },
  +         key: 'ward',
  +         label: 'topic.ward'
  +       }
  +     },
  +     transports: [Object: null prototype] {
  +       'ashmere_missing_child@0.0.31:transport/fen_outbound': [Object: null prototype] {
  +         action: 'board_ferry',
  +         currency: [Object: null prototype] {
  +           cartridge_id: 'ashmere_missing_child',
  +           cartridge_version: '0.0.31',
  +           key: 'pennies',
  +           kind: 'resource'
  +         },
  +         destination: [Object: null prototype] {
  +           cartridge_id: 'ashmere_missing_child',
  +           cartridge_version: '0.0.31',
  +           key: 'fen_isle_landing',
  +           kind: 'room'
  +         },
  +         detail: 'ferry',
  +         fare: 2,
  +         key: 'fen_outbound',
  +         label: 'transport.board',
  +         narration: 'transport.outbound.used',
  +         recipient: [Object: null prototype] {
  +           cartridge_id: 'ashmere_missing_child',
  +           cartridge_version: '0.0.31',
  +           key: 'sedge',
  +           kind: 'npc'
  +         },
  +         recovery_rooms: [
  +           [Object: null prototype] {
  +             cartridge_id: 'ashmere_missing_child',
  +             cartridge_version: '0.0.31',
  +             key: 'fen_isle_landing',
  +             kind: 'room'
  +           },
  +           [Object: null prototype] {
  +             cartridge_id: 'ashmere_missing_child',
  +             cartridge_version: '0.0.31',
  +             key: 'isle_hut',
  +             kind: 'room'
  +           },
  +           [Object: null prototype] {
  +             cartridge_id: 'ashmere_missing_child',
  +             cartridge_version: '0.0.31',
  +             key: 'hut_loft',
  +             kind: 'room'
  +           },
  +           [Object: null prototype] {
  +             cartridge_id: 'ashmere_missing_child',
  +             cartridge_version: '0.0.31',
  +             key: 'herb_garden',
  +             kind: 'room'
  +           },
  +           [Object: null prototype] {
  +             cartridge_id: 'ashmere_missing_child',
  +             cartridge_version: '0.0.31',
  +             key: 'isle_shrine',
  +             kind: 'room'
  +           }
  +         ],
  +         reverse: [Object: null prototype] {
  +           cartridge_id: 'ashmere_missing_child',
  +           cartridge_version: '0.0.31',
  +           key: 'fen_return',
  +           kind: 'transport'
  +         },
  +         room: [Object: null prototype] {
  +           cartridge_id: 'ashmere_missing_child',
  +           cartridge_version: '0.0.31',
  +           key: 'boathouse',
  +           kind: 'room'
  +         }
  +       },
  +       'ashmere_missing_child@0.0.31:transport/fen_return': [Object: null prototype] {
  +         action: 'return_ferry',
  +         currency: [Object: null prototype] {
  +           cartridge_id: 'ashmere_missing_child',
  +           cartridge_version: '0.0.31',
  +           key: 'pennies',
  +           kind: 'resource'
  +         },
  +         destination: [Object: null prototype] {
  +           cartridge_id: 'ashmere_missing_child',
  +           cartridge_version: '0.0.31',
  +           key: 'boathouse',
  +           kind: 'room'
  +         },
  +         detail: 'ferry',
  +         fare: 0,
  +         key: 'fen_return',
  +         label: 'transport.return',
  +         narration: 'transport.return.used',
  +         recipient: [Object: null prototype] {
  +           cartridge_id: 'ashmere_missing_child',
  +           cartridge_version: '0.0.31',
  +           key: 'sedge',
  +           kind: 'npc'
  +         },
  +         recovery_rooms: [],
  +         reverse: [Object: null prototype] {
  +           cartridge_id: 'ashmere_missing_child',
  +           cartridge_version: '0.0.31',
  +           key: 'fen_outbound',
  +           kind: 'transport'
  +         },
  +         room: [Object: null prototype] {
  +           cartridge_id: 'ashmere_missing_child',
  +           cartridge_version: '0.0.31',
  +           key: 'fen_isle_landing',
  +           kind: 'room'
  +         }
  +       }
  +     },
  +     world: [Object: null prototype] {
  +       bands: [
  +         [Object: null prototype] {
  +           at_percent: 100,
  +           key: 'ready',
  +           tone: 'normal'
  +         },
  +         [Object: null prototype] {
  +           at_percent: 90,
  +           key: 'slightly_scratched',
  +           tone: 'normal'
  +         },
  +         [Object: null prototype] {
  +           at_percent: 80,
  +           key: 'few_bruises',
  +           tone: 'normal'
  +         },
  +         [Object: null prototype] {
  +           at_percent: 70,
  +           key: 'some_cuts',
  +           tone: 'warning'
  +         },
  +         [Object: null prototype] {
  +           at_percent: 60,
  +           key: 'several_wounds',
  +           tone: 'warning'
  +         },
  +         [Object: null prototype] {
  +           at_percent: 50,
  +           key: 'many_nasty_wounds',
  +           tone: 'warning'
  +         },
  +         [Object: null prototype] {
  +           at_percent: 40,
  +           key: 'bleeding_freely',
  +           tone: 'warning'
  +         },
  +         [Object: null prototype] {
  +           at_percent: 30,
  +           key: 'covered_in_blood',
  +           tone: 'danger'
  +         },
  +         [Object: null prototype] {
  +           at_percent: 20,
  +           key: 'leaking_guts',
  +           tone: 'danger'
  +         },
  +         [Object: null prototype] {
  +           at_percent: 10,
  +           key: 'almost_dead',
  +           tone: 'danger'
  +         },
  +         [Object: null prototype] {
  +           at_percent: 0,
  +           key: 'dying',
  +           tone: 'danger'
  +         }
  +       ],
  +       carry: [Object: null prototype] {
  +         max_grams: 12000
  +       },
  +       combat: [Object: null prototype] {
  +         dodge: [Object: null prototype] {
  +           chance: 50,
  +           skill: [Object: null prototype] {
  +             cartridge_id: 'ashmere_missing_child',
  +             cartridge_version: '0.0.31',
  +             key: 'dodge',
  +             kind: 'skill'
  +           }
  +         },
  +         flee_multiplier: 2,
  +         interval: 150,
  +         narration: [Object: null prototype] {
  +           block: 'combat.block',
  +           dodge: 'combat.dodge',
  +           npc_died: 'combat.npc_died',
  +           npc_hit: 'combat.npc_hit',
  +           npc_miss: 'combat.npc_miss',
  +           player_died: 'combat.player_died',
  +           player_hit: 'combat.player_hit',
  +           player_miss: 'combat.player_miss'
  +         },
  +         player_attack: [Object: null prototype] {
  +           chance: 75,
  +           damage_max: 2,
  +           damage_min: 1
  +         },
  +         sleep_multiplier: 2
  +       },
  +       death: [Object: null prototype] {
  +         npc_corpse: [Object: null prototype] {
  +           cartridge_id: 'ashmere_missing_child',
  +           cartridge_version: '0.0.31',
  +           key: 'rat_corpse',
  +           kind: 'item'
  +         },
  +         player_corpse: [Object: null prototype] {
  +           cartridge_id: 'ashmere_missing_child',
  +           cartridge_version: '0.0.31',
  +           key: 'player_corpse',
  +           kind: 'item'
  +         },
  +         restore: [Object: null prototype] {
  +           hp: 10,
  +           mv: 100
  +         },
  +         shrine: [Object: null prototype] {
  +           cartridge_id: 'ashmere_missing_child',
  +           cartridge_version: '0.0.31',
  +           key: 'chapel_nave',
  +           kind: 'room'
  +         }
  +       },
  +       death_credit: [
  +         [Object: null prototype] {
  +           fact: [Object: null prototype] {
  +             cartridge_id: 'ashmere_missing_child',
  +             cartridge_version: '0.0.31',
  +             key: 'rat_1_killed',
  +             kind: 'fact'
  +           },
  +           npc: [Object: null prototype] {
  +             cartridge_id: 'ashmere_missing_child',
  +             cartridge_version: '0.0.31',
  +             key: 'cellar_rat_1',
  +             kind: 'npc'
  +           },
  +           room: [Object: null prototype] {
  +             cartridge_id: 'ashmere_missing_child',
  +             cartridge_version: '0.0.31',
  +             key: 'lantern_cellar',
  +             kind: 'room'
  +           }
  +         },
  +         [Object: null prototype] {
  +           fact: [Object: null prototype] {
  +             cartridge_id: 'ashmere_missing_child',
  +             cartridge_version: '0.0.31',
  +             key: 'rat_2_killed',
  +             kind: 'fact'
  +           },
  +           npc: [Object: null prototype] {
  +             cartridge_id: 'ashmere_missing_child',
  +             cartridge_version: '0.0.31',
  +             key: 'cellar_rat_2',
  +             kind: 'npc'
  +           },
  +           room: [Object: null prototype] {
  +             cartridge_id: 'ashmere_missing_child',
  +             cartridge_version: '0.0.31',
  +             key: 'lantern_cellar',
  +             kind: 'room'
  +           }
  +         },
  +         [Object: null prototype] {
  +           fact: [Object: null prototype] {
  +             cartridge_id: 'ashmere_missing_child',
  +             cartridge_version: '0.0.31',
  +             key: 'rat_3_killed',
  +             kind: 'fact'
  +           },
  +           npc: [Object: null prototype] {
  +             cartridge_id: 'ashmere_missing_child',
  +             cartridge_version: '0.0.31',
  +             key: 'cellar_rat_3',
  +             kind: 'npc'
  +           },
  +           room: [Object: null prototype] {
  +             cartridge_id: 'ashmere_missing_child',
  +             cartridge_version: '0.0.31',
  +             key: 'lantern_cellar',
  +             kind: 'room'
  +           }
  +         },
  +         [Object: null prototype] {
  +           fact: [Object: null prototype] {
  +             cartridge_id: 'ashmere_missing_child',
  +             cartridge_version: '0.0.31',
  +             key: 'rat_4_killed',
  +             kind: 'fact'
  +           },
  +           npc: [Object: null prototype] {
  +             cartridge_id: 'ashmere_missing_child',
  +             cartridge_version: '0.0.31',
  +             key: 'cellar_rat_4',
  +             kind: 'npc'
  +           },
  +           room: [Object: null prototype] {
  +             cartridge_id: 'ashmere_missing_child',
  +             cartridge_version: '0.0.31',
  +             key: 'lantern_cellar',
  +             kind: 'room'
  +           }
  +         },
  +         [Object: null prototype] {
  +           fact: [Object: null prototype] {
  +             cartridge_id: 'ashmere_missing_child',
  +             cartridge_version: '0.0.31',
  +             key: 'rat_5_killed',
  +             kind: 'fact'
  +           },
  +           npc: [Object: null prototype] {
  +             cartridge_id: 'ashmere_missing_child',
  +             cartridge_version: '0.0.31',
  +             key: 'cellar_rat_5',
  +             kind: 'npc'
  +           },
  +           room: [Object: null prototype] {
  +             cartridge_id: 'ashmere_missing_child',
  +             cartridge_version: '0.0.31',
  +             key: 'lantern_cellar',
  +             kind: 'room'
  +           }
  +         }
  +       ],
  +       movement: [Object: null prototype] {
  +         cost: [Object: null prototype] {
  +           amount: 1,
  +           resource: [Object: null prototype] {
  +             cartridge_id: 'ashmere_missing_child',
  +             cartridge_version: '0.0.31',
  +             key: 'mv',
  +             kind: 'resource'
  +           }
  +         }
  +       }
  +     }
  +   },
  +   character: 'bd595711-ea5f-89a5-abb0-046cd349d2f9',
  +   consumed: '4eec3894-027a-8584-9797-f7fdcd3641e5',
  +   context: '0d4e8a5c-3f1b-4c2a-9e7d-6b5a4c3d2e1f',
  +   corpseTemplates: {
  +     '{"cartridge_id":"ashmere_missing_child","cartridge_version":"0.0.31","key":"hound_corpse","kind":"item"}': 'npc',
  +     '{"cartridge_id":"ashmere_missing_child","cartridge_version":"0.0.31","key":"player_corpse","kind":"item"}': 'player',
  +     '{"cartridge_id":"ashmere_missing_child","cartridge_version":"0.0.31","key":"rat_corpse","kind":"item"}': 'npc'
  +   },
  +   details: {
  +     '0dae9e17-24d1-8ced-9d1d-e55f7c1df768': {
  +       aliases: [
  +         'duty_roster'
  +       ],
  +       description: 'detail.duty_roster.description',
  +       key: 'duty_roster',
  +       readable: [Object: null prototype] {
  +         label: 'actions.read_duty_roster',
  +         text: 'readable.duty_roster',
  +         title: 'detail.duty_roster.title'
  +       },
  +       room: '65271e0f-75a2-82f3-a0a7-a15f7418ae6a'
  +     },
  +     '18b273a9-3f9d-8800-a357-f40e2dbf2195': {
  +       aliases: [
  +         'tools'
  +       ],
  +       description: 'detail.smithy.tools.description',
  +       key: 'tools',
  +       room: 'bb3d1241-f191-84a0-949a-1f061efceee3'
  +     },
  +     '192ab4e9-ab36-8b5c-bb12-50a93f8cacd2': {
  +       aliases: [
  +         'reeds'
  +       ],
  +       description: 'detail.marsh_reeds.description',
  +       key: 'reeds',
  +       room: '8a20c3d3-0f0f-84ec-b058-d27c85d5ba17'
  +     },
  +     '1b2bc79f-64d7-8f86-86c4-b8ffe05ca5e2': {
  +       aliases: [
  +         'beehive'
  +       ],
  +       description: 'detail.orchard.beehive.description',
  +       key: 'beehive',
  +       room: '609faefb-5552-8610-86e8-4b614753ee04'
  +     },
  +     '1d977082-84af-8453-b374-f8e9be74e514': {
  +       aliases: [
  +         'cot'
  +       ],
  +       description: 'detail.elspeth_cottage.cot.description',
  +       key: 'cot',
  +       room: '251e7a71-b5ad-8d22-858b-533e52cc5415',
  +       variants: [
  +         [Object: null prototype] {
  +           description: 'detail.elspeth_cottage.cot.rescued',
  +           when: [Object: null prototype] {
  +             policy_version: 1,
  +             root: [Object: null prototype] {
  +               equals: 'rescued',
  +               fact: [Object: null prototype] {
  +                 cartridge_id: 'ashmere_missing_child',
  +                 cartridge_version: '0.0.31',
  +                 key: 'village_child_status',
  +                 kind: 'fact'
  +               },
  +               op: 'fact_compare'
  +             }
  +           }
  +         },
  +         [Object: null prototype] {
  +           description: 'detail.elspeth_cottage.cot.stays',
  +           when: [Object: null prototype] {
  +             policy_version: 1,
  +             root: [Object: null prototype] {
  +               equals: 'stays',
  +               fact: [Object: null prototype] {
  +                 cartridge_id: 'ashmere_missing_child',
  +                 cartridge_version: '0.0.31',
  +                 key: 'village_child_status',
  +                 kind: 'fact'
  +               },
  +               op: 'fact_compare'
  +             }
  +           }
  +         },
  +         [Object: null prototype] {
  +           description: 'detail.elspeth_cottage.cot.lost',
  +           when: [Object: null prototype] {
  +             policy_version: 1,
  +             root: [Object: null prototype] {
  +               equals: 'lost',
  +               fact: [Object: null prototype] {
  +                 cartridge_id: 'ashmere_missing_child',
  +                 cartridge_version: '0.0.31',
  +                 key: 'village_child_status',
  +                 kind: 'fact'
  +               },
  +               op: 'fact_compare'
  +             }
  +           }
  +         }
  +       ]
  +     },
  +     '2d522955-ddb6-8da2-8a2d-9819faa6d2b1': {
  +       aliases: [
  +         'forge'
  +       ],
  +       description: 'detail.smithy.forge.description',
  +       key: 'forge',
  +       room: 'bb3d1241-f191-84a0-949a-1f061efceee3'
  +     },
  +     '2de11812-eff4-801c-9a6e-ab526f783330': {
  +       aliases: [
  +         'glow',
  +         'wisp'
  +       ],
  +       description: 'detail.glow.description',
  +       key: 'glow',
  +       perception: [Object: null prototype] {
  +         self_luminous: true,
  +         title: 'detail.glow.title'
  +       },
  +       room: '8a20c3d3-0f0f-84ec-b058-d27c85d5ba17'
  +     },
  +     '308fdba0-75a4-8483-9ac3-7c91575c75c1': {
  +       aliases: [
  +         'notice',
  +         'landing_notice'
  +       ],
  +       description: 'detail.notice.description',
  +       key: 'notice',
  +       readable: [Object: null prototype] {
  +         label: 'actions.read_notice',
  +         text: 'readable.notice',
  +         title: 'detail.notice.title'
  +       },
  +       room: '58cfbca8-0448-8e2e-af98-49d0a71d1a04'
  +     },
  +     '311fd11c-f827-8829-93cc-8fb9d45780e7': {
  +       aliases: [
  +         'plank'
  +       ],
  +       description: 'detail.plank.description',
  +       key: 'plank',
  +       readable: [Object: null prototype] {
  +         label: 'actions.read_plank',
  +         text: 'readable.plank',
  +         title: 'detail.plank.title'
  +       },
  +       room: '2a2d32e5-e113-8dca-a989-b9f1a35c4c78'
  +     },
  +     '35b6cc9c-b7d1-893b-9ba7-29c5447b8074': {
  +       aliases: [
  +         'road_sign'
  +       ],
  +       description: 'detail.road_sign.description',
  +       key: 'road_sign',
  +       readable: [Object: null prototype] {
  +         label: 'actions.read_road_sign',
  +         text: 'readable.road_sign',
  +         title: 'detail.road_sign.title'
  +       },
  +       room: 'd7e286c7-c344-8eef-8aa6-94a781d448bd'
  +     },
  +     '478fa0c5-5e19-81ca-964f-9fa745503d4b': {
  +       aliases: [
  +         'fox'
  +       ],
  +       description: 'detail.carved_fox.description',
  +       key: 'carved_fox',
  +       room: '7a1941ef-f5c1-8d29-9d98-a148ea7e0d64'
  +     },
  +     '48e925e9-3e80-821a-961b-285dfd4c0f7f': {
  +       aliases: [
  +         'bell'
  +       ],
  +       description: 'detail.bell.description',
  +       key: 'bell',
  +       readable: [Object: null prototype] {
  +         label: 'actions.read_bell',
  +         text: 'readable.bell',
  +         title: 'detail.bell.title'
  +       },
  +       room: '91fde0fc-dd14-846f-826e-245e45d16ec7'
  +     },
  +     '4ab97506-6638-89ed-92ba-1dd9267d590b': {
  +       aliases: [
  +         'lost_whistle'
  +       ],
  +       description: 'detail.lost_whistle.description',
  +       key: 'lost_whistle',
  +       readable: [Object: null prototype] {
  +         label: 'actions.read_lost_whistle',
  +         text: 'readable.lost_whistle'
  +       },
  +       room: '15349791-fa65-81f7-b378-bb8212b808d2'
  +     },
  +     '4c52acd0-a115-8aa7-8f2a-1a90fa463ca7': {
  +       aliases: [
  +         'ferry',
  +         'rope_ferry'
  +       ],
  +       description: 'detail.fen_return.description',
  +       key: 'ferry',
  +       room: 'b0711280-2a6c-8b4e-844c-3e902e0c2184',
  +       transport: [Object: null prototype] {
  +         route: [Object: null prototype] {
  +           cartridge_id: 'ashmere_missing_child',
  +           cartridge_version: '0.0.31',
  +           key: 'fen_return',
  +           kind: 'transport'
  +         },
  +         title: 'detail.ferry.title'
  +       }
  +     },
  +     '51db588e-5bdf-8d22-b1ba-602568a6ad5b': {
  +       aliases: [
  +         'well',
  +         'water'
  +       ],
  +       description: 'detail.well.description',
  +       key: 'well',
  +       liquid_source: [Object: null prototype] {
  +         cartridge_id: 'ashmere_missing_child',
  +         cartridge_version: '0.0.31',
  +         key: 'water',
  +         kind: 'liquid'
  +       },
  +       readable: [Object: null prototype] {
  +         label: 'detail.well.read',
  +         text: 'detail.well.description',
  +         title: 'detail.well.title'
  +       },
  +       room: '41f5d4b9-8494-82cd-b350-2650f8a9efd4'
  +     },
  +     '53a9dd69-4a95-87dc-9acb-554acd36770d': {
  +       aliases: [
  +         'stone',
  +         'ward',
  +         'ward_stone'
  +       ],
  +       description: 'detail.ward_stone.description',
  +       key: 'ward_stone',
  +       readable: [Object: null prototype] {
  +         label: 'actions.read_ward_stone',
  +         text: 'readable.ward_stone',
  +         title: 'detail.ward_stone.title'
  +       },
  +       room: '58ee172d-aa6f-8023-a3c1-a1d46af6d167'
  +     },
  +     '6514913d-4eee-8eae-857e-c5bd36d48735': {
  +       aliases: [
  +         'empty_nest',
  +         'nest'
  +       ],
  +       description: 'detail.empty_nest.description',
  +       key: 'empty_nest',
  +       room: '1a7c3699-2844-8a55-b29f-eac079c7bf50'
  +     },
  +     '76a59aff-d11c-8bcd-875e-43097d20b3b2': {
  +       aliases: [
  +         'masonry',
  +         'stonework'
  +       ],
  +       description: 'detail.masonry.description',
  +       key: 'masonry',
  +       room: 'aee0aa7b-c6a9-8407-98aa-26c5384f4bea'
  +     },
  +     '79854351-b43a-85e0-a50d-72c7ba29e197': {
  +       aliases: [
  +         'gnawed_bones',
  +         'bones'
  +       ],
  +       description: 'detail.gnawed_bones.description',
  +       key: 'gnawed_bones',
  +       room: '2603d738-5a68-83d2-93fe-8e50819f9741'
  +     },
  +     '89854665-aaa3-821b-a01c-6ca566ef983a': {
  +       aliases: [
  +         'hollow'
  +       ],
  +       description: 'detail.hollow.description',
  +       key: 'hollow',
  +       readable: [Object: null prototype] {
  +         label: 'actions.read_hollow',
  +         text: 'readable.hollow',
  +         title: 'detail.hollow.title'
  +       },
  +       room: '19785203-d373-8973-8e64-1a9d8e50be82'
  +     },
  +     '9c59c35a-a2b2-89d8-ad5c-7e43bf6a7c5a': {
  +       aliases: [
  +         'market_cross',
  +         'cross'
  +       ],
  +       description: 'detail.market_cross.description',
  +       key: 'market_cross',
  +       room: '4c1926fa-026d-84bf-bed4-42760d1553dd'
  +     },
  +     'ab8a8c57-b23a-8814-9cf6-293d9141c078': {
  +       aliases: [
  +         'fenwort_patch',
  +         'fenwort',
  +         'patch'
  +       ],
  +       description: 'detail.fenwort_patch.description',
  +       harvest: [Object: null prototype] {
  +         items: [
  +           [Object: null prototype] {
  +             cartridge_id: 'ashmere_missing_child',
  +             cartridge_version: '0.0.31',
  +             key: 'fenwort_01',
  +             kind: 'item'
  +           },
  +           [Object: null prototype] {
  +             cartridge_id: 'ashmere_missing_child',
  +             cartridge_version: '0.0.31',
  +             key: 'fenwort_02',
  +             kind: 'item'
  +           },
  +           [Object: null prototype] {
  +             cartridge_id: 'ashmere_missing_child',
  +             cartridge_version: '0.0.31',
  +             key: 'fenwort_03',
  +             kind: 'item'
  +           },
  +           [Object: null prototype] {
  +             cartridge_id: 'ashmere_missing_child',
  +             cartridge_version: '0.0.31',
  +             key: 'fenwort_04',
  +             kind: 'item'
  +           },
  +           [Object: null prototype] {
  +             cartridge_id: 'ashmere_missing_child',
  +             cartridge_version: '0.0.31',
  +             key: 'fenwort_05',
  +             kind: 'item'
  +           },
  +           [Object: null prototype] {
  +             cartridge_id: 'ashmere_missing_child',
  +             cartridge_version: '0.0.31',
  +             key: 'fenwort_06',
  +             kind: 'item'
  +           },
  +           [Object: null prototype] {
  +             cartridge_id: 'ashmere_missing_child',
  +             cartridge_version: '0.0.31',
  +             key: 'fenwort_07',
  +             kind: 'item'
  +           },
  +           [Object: null prototype] {
  +             cartridge_id: 'ashmere_missing_child',
  +             cartridge_version: '0.0.31',
  +             key: 'fenwort_08',
  +             kind: 'item'
  +           },
  +           [Object: null prototype] {
  +             cartridge_id: 'ashmere_missing_child',
  +             cartridge_version: '0.0.31',
  +             key: 'fenwort_09',
  +             kind: 'item'
  +           },
  +           [Object: null prototype] {
  +             cartridge_id: 'ashmere_missing_child',
  +             cartridge_version: '0.0.31',
  +             key: 'fenwort_10',
  +             kind: 'item'
  +           },
  +           [Object: null prototype] {
  +             cartridge_id: 'ashmere_missing_child',
  +             cartridge_version: '0.0.31',
  +             key: 'fenwort_11',
  +             kind: 'item'
  +           },
  +           [Object: null prototype] {
  +             cartridge_id: 'ashmere_missing_child',
  +             cartridge_version: '0.0.31',
  +             key: 'fenwort_12',
  +             kind: 'item'
  +           }
  +         ],
  +         label: 'action.harvest',
  +         narration: 'narration.harvest',
  +         title: 'detail.fenwort_patch.title'
  +       },
  +       key: 'fenwort_patch',
  +       room: '3f7be222-cc48-8fb0-b007-f6d17119bd7f'
  +     },
  +     'aecc745c-f218-8b1f-bc81-7685a73295c0': {
  +       aliases: [
  +         'fox_prints',
  +         'prints'
  +       ],
  +       description: 'detail.fox_prints.description',
  +       key: 'fox_prints',
  +       readable: [Object: null prototype] {
  +         label: 'actions.read_fox_prints',
  +         text: 'readable.fox_prints',
  +         title: 'detail.fox_prints.title'
  +       },
  +       room: 'b03b53e3-456d-8c7a-b056-ff22f4adf06d'
  +     },
  +     'b8ed867e-f3e4-857a-a9cd-7fc283bc71a2': {
  +       aliases: [
  +         'bed'
  +       ],
  +       bed: [Object: null prototype] {
  +         entitlement: [Object: null prototype] {
  +           cartridge_id: 'ashmere_missing_child',
  +           cartridge_version: '0.0.31',
  +           key: 'lantern_bed_paid',
  +           kind: 'fact'
  +         },
  +         title: 'detail.bed.title'
  +       },
  +       description: 'detail.bed.free',
  +       key: 'bed',
  +       room: '169f9a28-2c18-8ffe-8c39-fdb5ddd42d67',
  +       variants: [
  +         [Object: null prototype] {
  +           description: 'detail.bed.paid',
  +           when: [Object: null prototype] {
  +             policy_version: 1,
  +             root: [Object: null prototype] {
  +               equals: true,
  +               fact: [Object: null prototype] {
  +                 cartridge_id: 'ashmere_missing_child',
  +                 cartridge_version: '0.0.31',
  +                 key: 'lantern_bed_paid',
  +                 kind: 'fact'
  +               },
  +               op: 'fact_compare'
  +             }
  +           }
  +         }
  +       ]
  +     },
  +     'bb12a796-8060-8b15-bf03-cb94459ded6e': {
  +       aliases: [
  +         'anvil'
  +       ],
  +       description: 'detail.smithy.anvil.description',
  +       key: 'anvil',
  +       room: 'bb3d1241-f191-84a0-949a-1f061efceee3'
  +     },
  +     'bb23fa9b-1a4a-85de-a4e5-9689db3cdc84': {
  +       aliases: [
  +         'cellar_help'
  +       ],
  +       description: 'detail.cellar_help.description',
  +       key: 'cellar_help',
  +       readable: [Object: null prototype] {
  +         label: 'actions.read_cellar_help',
  +         text: 'readable.cellar_help'
  +       },
  +       room: '15349791-fa65-81f7-b378-bb8212b808d2'
  +     },
  +     'c2911a55-31ab-8851-9e0d-a41f68dc9df8': {
  +       aliases: [
  +         'ferry',
  +         'rope_ferry'
  +       ],
  +       description: 'detail.fen_outbound.description',
  +       key: 'ferry',
  +       room: '6a70d262-b6ea-8b64-9809-ec7f79d1521e',
  +       transport: [Object: null prototype] {
  +         route: [Object: null prototype] {
  +           cartridge_id: 'ashmere_missing_child',
  +           cartridge_version: '0.0.31',
  +           key: 'fen_outbound',
  +           kind: 'transport'
  +         },
  +         title: 'detail.ferry.title'
  +       }
  +     },
  +     'c502e9fc-8929-89a9-bf2d-3fbc2927aebf': {
  +       aliases: [
  +         'rumor_board',
  +         'board'
  +       ],
  +       description: 'detail.rumor_board.description',
  +       key: 'rumor_board',
  +       notice_board: [Object: null prototype] {
  +         notices: [
  +           [Object: null prototype] {
  +             detail: 'lost_whistle',
  +             title: 'detail.lost_whistle.title'
  +           },
  +           [Object: null prototype] {
  +             detail: 'cellar_help',
  +             title: 'detail.cellar_help.title'
  +           }
  +         ],
  +         title: 'detail.rumor_board.title'
  +       },
  +       room: '15349791-fa65-81f7-b378-bb8212b808d2'
  +     },
  +     'd56fa105-a2b8-8760-a46c-d0c78dbed920': {
  +       aliases: [
  +         'tracks'
  +       ],
  +       description: 'detail.tracks.description',
  +       key: 'tracks',
  +       readable: [Object: null prototype] {
  +         label: 'actions.read_tracks',
  +         text: 'readable.tracks',
  +         title: 'detail.tracks.title'
  +       },
  +       room: '7d88a524-5246-885e-a937-f6be4219ad48'
  +     },
  +     'dc0af619-e9bf-881e-8f32-9098160c25f4': {
  +       aliases: [
  +         'hearth'
  +       ],
  +       description: 'detail.elspeth_cottage.hearth.description',
  +       key: 'hearth',
  +       room: '251e7a71-b5ad-8d22-858b-533e52cc5415'
  +     },
  +     'ec91fb58-3e69-84ae-ae0c-8e970e6d3dc3': {
  +       aliases: [
  +         'apple_trees',
  +         'trees',
  +         'apples'
  +       ],
  +       description: 'detail.orchard.apple_trees.description',
  +       harvest: [Object: null prototype] {
  +         items: [
  +           [Object: null prototype] {
  +             cartridge_id: 'ashmere_missing_child',
  +             cartridge_version: '0.0.31',
  +             key: 'apple_01',
  +             kind: 'item'
  +           },
  +           [Object: null prototype] {
  +             cartridge_id: 'ashmere_missing_child',
  +             cartridge_version: '0.0.31',
  +             key: 'apple_02',
  +             kind: 'item'
  +           },
  +           [Object: null prototype] {
  +             cartridge_id: 'ashmere_missing_child',
  +             cartridge_version: '0.0.31',
  +             key: 'apple_03',
  +             kind: 'item'
  +           }
  +         ],
  +         label: 'action.forage',
  +         narration: 'narration.forage_apple',
  +         title: 'detail.apple_trees.title'
  +       },
  +       key: 'apple_trees',
  +       room: '609faefb-5552-8610-86e8-4b614753ee04'
  +     }
  +   },
  +   entities: {
  +     '00a60498-0ca6-8137-8172-7101d3767e0c': {
  +       description: 'item.iron_sword.description',
  +       key: 'iron_sword',
  +       keywords: [
  +         'iron_sword',
  +         'sword'
  +       ],
  +       kind: 'item',
  +       location: [Object: null prototype] {
  +         in: 'npc',
  +         npc: [Object: null prototype] {
  +           cartridge_id: 'ashmere_missing_child',
  +           cartridge_version: '0.0.31',
  +           key: 'peg',
  +           kind: 'npc'
  +         }
  +       },
  +       mass_grams: 600,
  +       room_line: 'item.iron_sword.room',
  +       short: 'item.iron_sword.short',
  +       slot: 'wield',
  +       weapon: [Object: null prototype] {
  +         attack: [Object: null prototype] {
  +           chance: 95,
  +           damage_max: 4,
  +           damage_min: 4
  +         },
  +         skill: [Object: null prototype] {
  +           cartridge_id: 'ashmere_missing_child',
  +           cartridge_version: '0.0.31',
  +           key: 'swords',
  +           kind: 'skill'
  +         }
  +       }
  +     },
  +     '040cd593-516a-8270-9e6d-7b49fe6a516a': {
  +       daily_schedule: [Object: null prototype] {
  +         '18': [Object: null prototype] {
  +           cartridge_id: 'ashmere_missing_child',
  +           cartridge_version: '0.0.31',
  +           key: 'cloister',
  +           kind: 'room'
  +         },
  +         '6': [Object: null prototype] {
  +           cartridge_id: 'ashmere_missing_child',
  +           cartridge_version: '0.0.31',
  +           key: 'kitchen_garden',
  +           kind: 'room'
  +         }
  +       },
  +       description: 'npc.hale.description',
  +       key: 'hale',
  +       keywords: [
  +         'hale',
  +         'novice_hale',
  +         'novice'
  +       ],
  +       kind: 'npc',
  +       room: [Object: null prototype] {
  +         cartridge_id: 'ashmere_missing_child',
  +         cartridge_version: '0.0.31',
  +         key: 'cloister',
  +         kind: 'room'
  +       },
  +       room_line: 'npc.hale.room',
  +       short: 'npc.hale.short'
  +     },
  +     '0556eeda-6c38-8679-bc0b-5a9848eba57a': {
  +       description: 'item.bandage.description',
  +       key: 'bandage_02',
  +       keywords: [
  +         'bandage',
  +         'bandage_02'
  +       ],
  +       kind: 'item',
  +       location: [Object: null prototype] {
  +         in: 'npc',
  +         npc: [Object: null prototype] {
  +           cartridge_id: 'ashmere_missing_child',
  +           cartridge_version: '0.0.31',
  +           key: 'wick',
  +           kind: 'npc'
  +         }
  +       },
  +       mass_grams: 10,
  +       room_line: 'item.bandage.room',
  +       short: 'item.bandage.short'
  +     },
  +     '095f2582-fe61-8790-8a4d-01463a2975b7': {
  +       attack: [Object: null prototype] {
  +         chance: 80,
  +         damage_max: 1,
  +         damage_min: 1
  +       },
  +       description: 'npc.fen_hound.description',
  +       hp: [Object: null prototype] {
  +         gain: 0,
  +         maximum: 8,
  +         minimum: 0,
  +         start: 8
  +       },
  +       key: 'fen_hound',
  +       keywords: [
  +         'hound',
  +         'fen_hound'
  +       ],
  +       kind: 'npc',
  +       room: [Object: null prototype] {
  +         cartridge_id: 'ashmere_missing_child',
  +         cartridge_version: '0.0.31',
  +         key: 'hound_run',
  +         kind: 'room'
  +       },
  +       room_line: 'npc.fen_hound.room',
  +       short: 'npc.fen_hound.short',
  +       spawn_template: true
  +     },
  +     '10798f17-56fe-899f-b1f1-2165bc7aa94a': {
  +       description: 'item.fenwort.description',
  +       key: 'fenwort_06',
  +       keywords: [
  +         'fenwort',
  +         'fenwort_06'
  +       ],
  +       kind: 'item',
  +       location: [Object: null prototype] {
  +         in: 'room',
  +         room: [Object: null prototype] {
  +           cartridge_id: 'ashmere_missing_child',
  +           cartridge_version: '0.0.31',
  +           key: 'willow_shade',
  +           kind: 'room'
  +         }
  +       },
  +       mass_grams: 20,
  +       room_line: 'item.fenwort.room',
  +       short: 'item.fenwort.short'
  +     },
  +     '135ad56f-dfaa-8e43-985d-9dd1e051753b': {
  +       description: 'item.waterskin.description',
  +       key: 'waterskin',
  +       keywords: [
  +         'waterskin',
  +         'waterskin'
  +       ],
  +       kind: 'item',
  +       location: [Object: null prototype] {
  +         in: 'npc',
  +         npc: [Object: null prototype] {
  +           cartridge_id: 'ashmere_missing_child',
  +           cartridge_version: '0.0.31',
  +           key: 'peg',
  +           kind: 'npc'
  +         }
  +       },
  +       mass_grams: 500,
  +       room_line: 'item.waterskin.room',
  +       short: 'item.waterskin.short',
  +       vessel: [Object: null prototype] {
  +         capacity: 4,
  +         initial: [Object: null prototype] {
  +           kind: null,
  +           quantity: 0
  +         },
  +         unit_label: 'liquid.units'
  +       }
  +     },
  +     '13e64759-6fc3-8b88-ade5-56dbaa5d940d': {
  +       attack: [Object: null prototype] {
  +         chance: 50,
  +         damage_max: 1,
  +         damage_min: 1
  +       },
  +       description: 'npc.cellar_rat.description',
  +       hp: [Object: null prototype] {
  +         gain: 0,
  +         maximum: 6,
  +         minimum: 0,
  +         start: 6
  +       },
  +       key: 'cellar_rat_1',
  +       keywords: [
  +         'rat',
  +         'cellar_rat_1'
  +       ],
  +       kind: 'npc',
  +       room: [Object: null prototype] {
  +         cartridge_id: 'ashmere_missing_child',
  +         cartridge_version: '0.0.31',
  +         key: 'lantern_cellar',
  +         kind: 'room'
  +       },
  +       room_line: 'npc.cellar_rat_1.room',
  +       short: 'npc.cellar_rat.short'
  +     },
  +     '15076a66-097b-8dbc-85ec-bd166d6ecab9': {
  +       description: 'item.fenwort.description',
  +       key: 'fenwort_11',
  +       keywords: [
  +         'fenwort',
  +         'fenwort_11'
  +       ],
  +       kind: 'item',
  +       location: [Object: null prototype] {
  +         in: 'room',
  +         room: [Object: null prototype] {
  +           cartridge_id: 'ashmere_missing_child',
  +           cartridge_version: '0.0.31',
  +           key: 'willow_shade',
  +           kind: 'room'
  +         }
  +       },
  +       mass_grams: 20,
  +       room_line: 'item.fenwort.room',
  +       short: 'item.fenwort.short'
  +     },
  +     '1d7cfec5-84d1-89df-b0f3-6a9e9852e647': {
  +       description: 'npc.aldric.description',
  +       key: 'aldric',
  +       keywords: [
  +         'aldric',
  +         'prior'
  +       ],
  +       kind: 'npc',
  +       resource_starts: [Object: null prototype] {
  +         pennies: 10
  +       },
  +       room: [Object: null prototype] {
  +         cartridge_id: 'ashmere_missing_child',
  +         cartridge_version: '0.0.31',
  +         key: 'chapel_nave',
  +         kind: 'room'
  +       },
  +       room_line: 'npc.aldric.room',
  +       short: 'npc.aldric.short'
  +     },
  +     '1ff34115-09bf-88cc-94fc-be3e623e9a19': {
  +       barrier: [Object: null prototype] {
  +         cartridge_id: 'ashmere_missing_child',
  +         cartridge_version: '0.0.31',
  +         key: 'trunk_lid',
  +         kind: 'barrier'
  +       },
  +       container: true,
  +       description: 'item.trunk.description',
  +       key: 'trunk',
  +       keywords: [
  +         'trunk'
  +       ],
  +       kind: 'item',
  +       location: [Object: null prototype] {
  +         in: 'room',
  +         room: [Object: null prototype] {
  +           cartridge_id: 'ashmere_missing_child',
  +           cartridge_version: '0.0.31',
  +           key: 'inn_attic',
  +           kind: 'room'
  +         }
  +       },
  +       mass_grams: 8000,
  +       room_line: 'item.trunk.room',
  +       short: 'item.trunk.short'
  +     },
  +     '21f61dc2-0501-8853-a8ff-88ed5dbd71b7': {
  +       description: 'item.fox_drawing.description',
  +       key: 'fox_drawing',
  +       keywords: [
  +         'drawing',
  +         'fox_drawing'
  +       ],
  +       kind: 'item',
  +       location: [Object: null prototype] {
  +         in: 'room',
  +         room: [Object: null prototype] {
  +           cartridge_id: 'ashmere_missing_child',
  +           cartridge_version: '0.0.31',
  +           key: 'village_green',
  +           kind: 'room'
  +         }
  +       },
  +       mass_grams: 20,
  +       room_line: 'item.fox_drawing.room',
  +       short: 'item.fox_drawing.short'
  +     },
  +     '2a07c1ae-7036-8a06-8426-de75078d79a3': {
  +       daily_schedule: [Object: null prototype] {
  +         '17': [Object: null prototype] {
  +           cartridge_id: 'ashmere_missing_child',
  +           cartridge_version: '0.0.31',
  +           key: 'elspeth_cottage',
  +           kind: 'room'
  +         },
  +         '7': [Object: null prototype] {
  +           cartridge_id: 'ashmere_missing_child',
  +           cartridge_version: '0.0.31',
  +           key: 'orchard',
  +           kind: 'room'
  +         }
  +       },
  +       description: 'npc.ada.description',
  +       key: 'ada',
  +       keywords: [
  +         'ada'
  +       ],
  +       kind: 'npc',
  +       room: [Object: null prototype] {
  +         cartridge_id: 'ashmere_missing_child',
  +         cartridge_version: '0.0.31',
  +         key: 'elspeth_cottage',
  +         kind: 'room'
  +       },
  +       room_line: 'npc.ada.room',
  +       short: 'npc.ada.short'
  +     },
  +     '2d75f5bd-a92e-8c56-97b0-652cdbf9ca62': {
  +       description: 'item.fenwort.description',
  +       key: 'fenwort_07',
  +       keywords: [
  +         'fenwort',
  +         'fenwort_07'
  +       ],
  +       kind: 'item',
  +       location: [Object: null prototype] {
  +         in: 'room',
  +         room: [Object: null prototype] {
  +           cartridge_id: 'ashmere_missing_child',
  +           cartridge_version: '0.0.31',
  +           key: 'willow_shade',
  +           kind: 'room'
  +         }
  +       },
  +       mass_grams: 20,
  +       room_line: 'item.fenwort.room',
  +       short: 'item.fenwort.short'
  +     },
  +     '30c00822-6fb5-833d-a05e-7787134bea59': {
  +       description: 'item.hound_pelt.description',
  +       key: 'hound_pelt',
  +       keywords: [
  +         'pelt',
  +         'hound_pelt'
  +       ],
  +       kind: 'item',
  +       location: [Object: null prototype] {
  +         in: 'template'
  +       },
  +       mass_grams: 250,
  +       room_line: 'item.hound_pelt.room',
  +       short: 'item.hound_pelt.short'
  +     },
  +     '3592b213-4e3c-892f-bfca-e2653121110e': {
  +       description: 'npc.tobin.description',
  +       key: 'tobin',
  +       keywords: [
  +         'tobin',
  +         'guard',
  +         'teacher'
  +       ],
  +       kind: 'npc',
  +       resource_starts: [Object: null prototype] {
  +         pennies: 0
  +       },
  +       room: [Object: null prototype] {
  +         cartridge_id: 'ashmere_missing_child',
  +         cartridge_version: '0.0.31',
  +         key: 'watch_post',
  +         kind: 'room'
  +       },
  +       room_line: 'npc.tobin.room',
  +       short: 'npc.tobin.short'
  +     },
  +     '37ef3668-8242-851e-94bc-66e562abebd7': {
  +       description: 'item.bandage.description',
  +       key: 'bandage_09',
  +       keywords: [
  +         'bandage',
  +         'bandage_09'
  +       ],
  +       kind: 'item',
  +       location: [Object: null prototype] {
  +         in: 'npc',
  +         npc: [Object: null prototype] {
  +           cartridge_id: 'ashmere_missing_child',
  +           cartridge_version: '0.0.31',
  +           key: 'wick',
  +           kind: 'npc'
  +         }
  +       },
  +       mass_grams: 10,
  +       room_line: 'item.bandage.room',
  +       short: 'item.bandage.short'
  +     },
  +     '385d5416-3de6-82e4-aae0-775164b045c2': {
  +       description: 'item.fenwort.description',
  +       key: 'fenwort_03',
  +       keywords: [
  +         'fenwort',
  +         'fenwort_03'
  +       ],
  +       kind: 'item',
  +       location: [Object: null prototype] {
  +         in: 'room',
  +         room: [Object: null prototype] {
  +           cartridge_id: 'ashmere_missing_child',
  +           cartridge_version: '0.0.31',
  +           key: 'willow_shade',
  +           kind: 'room'
  +         }
  +       },
  +       mass_grams: 20,
  +       room_line: 'item.fenwort.room',
  +       short: 'item.fenwort.short'
  +     },
  +     '3924002c-1621-899b-a2b3-c34d2c4cdcf1': {
  +       description: 'item.wool_cloak.description',
  +       key: 'wool_cloak',
  +       keywords: [
  +         'cloak',
  +         'wool_cloak'
  +       ],
  +       kind: 'item',
  +       location: [Object: null prototype] {
  +         in: 'room',
  +         room: [Object: null prototype] {
  +           cartridge_id: 'ashmere_missing_child',
  +           cartridge_version: '0.0.31',
  +           key: 'inn_rooms',
  +           kind: 'room'
  +         }
  +       },
  +       mass_grams: 3000,
  +       room_line: 'item.wool_cloak.room',
  +       short: 'item.wool_cloak.short',
  +       slot: 'cloak'
  +     },
  +     '48a8dc05-4012-86d8-9d24-e68f2d7317ac': {
  +       description: 'item.hound_pelt.description',
  +       key: 'hound_pelt',
  +       keywords: [
  +         'pelt',
  +         'hound_pelt'
  +       ],
  +       kind: 'item',
  +       location: [Object: null prototype] {
  +         in: 'template'
  +       },
  +       mass_grams: 250,
  +       room_line: 'item.hound_pelt.room',
  +       short: 'item.hound_pelt.short'
  +     },
  +     '4c9c088a-aede-8ef6-906d-8bc0a9bc1701': {
  +       description: 'npc.maud.description',
  +       key: 'maud',
  +       keywords: [
  +         'maud',
  +         'widow',
  +         'innkeeper'
  +       ],
  +       kind: 'npc',
  +       resource_starts: [Object: null prototype] {
  +         lantern_meals: 4,
  +         pennies: 10
  +       },
  +       room: [Object: null prototype] {
  +         cartridge_id: 'ashmere_missing_child',
  +         cartridge_version: '0.0.31',
  +         key: 'drowned_lantern',
  +         kind: 'room'
  +       },
  +       room_line: 'npc.maud.room',
  +       services: [
  +         [Object: null prototype] {
  +           cartridge_id: 'ashmere_missing_child',
  +           cartridge_version: '0.0.31',
  +           key: 'lantern_room',
  +           kind: 'service'
  +         },
  +         [Object: null prototype] {
  +           cartridge_id: 'ashmere_missing_child',
  +           cartridge_version: '0.0.31',
  +           key: 'lantern_meal',
  +           kind: 'service'
  +         },
  +         [Object: null prototype] {
  +           cartridge_id: 'ashmere_missing_child',
  +           cartridge_version: '0.0.31',
  +           key: 'lantern_ale',
  +           kind: 'service'
  +         }
  +       ],
  +       short: 'npc.maud.short'
  +     },
  +     '5618d912-3e17-8488-a2e6-0927cff37eb5': {
  +       description: 'npc.elspeth.description',
  +       key: 'elspeth',
  +       keywords: [
  +         'elspeth',
  +         'mother'
  +       ],
  +       kind: 'npc',
  +       room: [Object: null prototype] {
  +         cartridge_id: 'ashmere_missing_child',
  +         cartridge_version: '0.0.31',
  +         key: 'ferry_landing',
  +         kind: 'room'
  +       },
  +       room_line: 'npc.elspeth.room',
  +       short: 'npc.elspeth.short'
  +     },
  +     '56362445-0a33-8900-9bd2-1cfa0e0e1cfb': {
  +       description: 'item.cellar_key.description',
  +       key: 'cellar_key',
  +       keywords: [
  +         'key',
  +         'storage_key',
  +         'cellar_key'
  +       ],
  +       kind: 'item',
  +       location: [Object: null prototype] {
  +         in: 'npc',
  +         npc: [Object: null prototype] {
  +           cartridge_id: 'ashmere_missing_child',
  +           cartridge_version: '0.0.31',
  +           key: 'maud',
  +           kind: 'npc'
  +         }
  +       },
  +       mass_grams: 100,
  +       room_line: 'item.cellar_key.room',
  +       short: 'item.cellar_key.short'
  +     },
  +     '58935a9a-fada-894c-978c-607047afbc25': {
  +       description: 'item.bandage.description',
  +       key: 'bandage_01',
  +       keywords: [
  +         'bandage',
  +         'bandage_01'
  +       ],
  +       kind: 'item',
  +       location: [Object: null prototype] {
  +         in: 'npc',
  +         npc: [Object: null prototype] {
  +           cartridge_id: 'ashmere_missing_child',
  +           cartridge_version: '0.0.31',
  +           key: 'wick',
  +           kind: 'npc'
  +         }
  +       },
  +       mass_grams: 10,
  +       room_line: 'item.bandage.room',
  +       short: 'item.bandage.short'
  +     },
  +     '5ce172d0-4fa9-8ded-bde5-0f32bc984fcc': {
  +       attack: [Object: null prototype] {
  +         chance: 50,
  +         damage_max: 1,
  +         damage_min: 1
  +       },
  +       description: 'npc.cellar_rat.description',
  +       hp: [Object: null prototype] {
  +         gain: 0,
  +         maximum: 6,
  +         minimum: 0,
  +         start: 6
  +       },
  +       key: 'cellar_rat_4',
  +       keywords: [
  +         'rat',
  +         'cellar_rat_4'
  +       ],
  +       kind: 'npc',
  +       room: [Object: null prototype] {
  +         cartridge_id: 'ashmere_missing_child',
  +         cartridge_version: '0.0.31',
  +         key: 'lantern_cellar',
  +         kind: 'room'
  +       },
  +       room_line: 'npc.cellar_rat_4.room',
  +       short: 'npc.cellar_rat.short'
  +     },
  +     '65d77be3-068c-8eff-a84e-8b17a5777bcc': {
  +       description: 'item.lamp_oil.description',
  +       fuel: [Object: null prototype] {
  +         capacity: 7200,
  +         initial: 7200,
  +         kind: 'supply',
  +         unit: 'oil'
  +       },
  +       key: 'lamp_oil',
  +       keywords: [
  +         'lamp_oil',
  +         'oil'
  +       ],
  +       kind: 'item',
  +       location: [Object: null prototype] {
  +         in: 'npc',
  +         npc: [Object: null prototype] {
  +           cartridge_id: 'ashmere_missing_child',
  +           cartridge_version: '0.0.31',
  +           key: 'peg',
  +           kind: 'npc'
  +         }
  +       },
  +       mass_grams: 200,
  +       room_line: 'item.lamp_oil.room',
  +       short: 'item.lamp_oil.short'
  +     },
  +     '676a7640-aee6-8d70-a326-ed19a6d9a130': {
  +       capacity: 4,
  +       container: true,
  +       description: 'item.satchel.description',
  +       key: 'satchel',
  +       keywords: [
  +         'satchel',
  +         'satchel'
  +       ],
  +       kind: 'item',
  +       location: [Object: null prototype] {
  +         in: 'npc',
  +         npc: [Object: null prototype] {
  +           cartridge_id: 'ashmere_missing_child',
  +           cartridge_version: '0.0.31',
  +           key: 'peg',
  +           kind: 'npc'
  +         }
  +       },
  +       mass_grams: 100,
  +       room_line: 'item.satchel.room',
  +       short: 'item.satchel.short'
  +     },
  +     '695264ac-d0fd-8ff9-a2ce-a5bc68ecd3e8': {
  +       description: 'item.fenwort.description',
  +       key: 'fenwort_01',
  +       keywords: [
  +         'fenwort',
  +         'fenwort_01'
  +       ],
  +       kind: 'item',
  +       location: [Object: null prototype] {
  +         in: 'room',
  +         room: [Object: null prototype] {
  +           cartridge_id: 'ashmere_missing_child',
  +           cartridge_version: '0.0.31',
  +           key: 'willow_shade',
  +           kind: 'room'
  +         }
  +       },
  +       mass_grams: 20,
  +       room_line: 'item.fenwort.room',
  +       short: 'item.fenwort.short'
  +     },
  +     '699d2010-15a3-8a4a-936b-e8e55b4fa065': {
  +       attack: [Object: null prototype] {
  +         chance: 50,
  +         damage_max: 1,
  +         damage_min: 1
  +       },
  +       description: 'npc.cellar_rat.description',
  +       hp: [Object: null prototype] {
  +         gain: 0,
  +         maximum: 6,
  +         minimum: 0,
  +         start: 6
  +       },
  +       key: 'cellar_rat_3',
  +       keywords: [
  +         'rat',
  +         'cellar_rat_3'
  +       ],
  +       kind: 'npc',
  +       room: [Object: null prototype] {
  +         cartridge_id: 'ashmere_missing_child',
  +         cartridge_version: '0.0.31',
  +         key: 'lantern_cellar',
  +         kind: 'room'
  +       },
  +       room_line: 'npc.cellar_rat_3.room',
  +       short: 'npc.cellar_rat.short'
  +     },
  +     '6c939a35-4efc-8a5c-8bc7-00f4c42bdfc2': {
  +       description: 'item.fenwort.description',
  +       key: 'fenwort_12',
  +       keywords: [
  +         'fenwort',
  +         'fenwort_12'
  +       ],
  +       kind: 'item',
  +       location: [Object: null prototype] {
  +         in: 'room',
  +         room: [Object: null prototype] {
  +           cartridge_id: 'ashmere_missing_child',
  +           cartridge_version: '0.0.31',
  +           key: 'willow_shade',
  +           kind: 'room'
  +         }
  +       },
  +       mass_grams: 20,
  +       room_line: 'item.fenwort.room',
  +       short: 'item.fenwort.short'
  +     },
  +     '73239b47-e139-8175-9373-e192e96ad419': {
  +       description: 'item.hound_pelt.description',
  +       key: 'hound_pelt',
  +       keywords: [
  +         'pelt',
  +         'hound_pelt'
  +       ],
  +       kind: 'item',
  +       location: [Object: null prototype] {
  +         in: 'template'
  +       },
  +       mass_grams: 250,
  +       room_line: 'item.hound_pelt.room',
  +       short: 'item.hound_pelt.short'
  +     },
  +     '73868cdd-0749-8a27-877e-1059c7fcbd74': {
  +       description: 'item.ward_of_the_fen.description',
  +       key: 'ward_of_the_fen',
  +       keywords: [
  +         'ward_of_the_fen',
  +         'book'
  +       ],
  +       kind: 'item',
  +       location: [Object: null prototype] {
  +         in: 'room',
  +         room: [Object: null prototype] {
  +           cartridge_id: 'ashmere_missing_child',
  +           cartridge_version: '0.0.31',
  +           key: 'scriptorium',
  +           kind: 'room'
  +         }
  +       },
  +       mass_grams: 100,
  +       readable: [Object: null prototype] {
  +         label: 'actions.read_book',
  +         text: 'readable.ward_of_the_fen',
  +         topic: [Object: null prototype] {
  +           cartridge_id: 'ashmere_missing_child',
  +           cartridge_version: '0.0.31',
  +           key: 'ward',
  +           kind: 'topic'
  +         }
  +       },
  +       room_line: 'item.ward_of_the_fen.room',
  +       short: 'item.ward_of_the_fen.short'
  +     },
  +     '7561d6c2-0c34-8719-9bc2-6851f7b04682': {
  +       description: 'item.apple.description',
  +       edible: [Object: null prototype] {
  +         amount: 6,
  +         label: 'action.eat',
  +         narration: 'narration.eat_apple',
  +         resource: [Object: null prototype] {
  +           cartridge_id: 'ashmere_missing_child',
  +           cartridge_version: '0.0.31',
  +           key: 'mv',
  +           kind: 'resource'
  +         }
  +       },
  +       key: 'apple_03',
  +       keywords: [
  +         'apple',
  +         'apple_03'
  +       ],
  +       kind: 'item',
  +       location: [Object: null prototype] {
  +         in: 'room',
  +         room: [Object: null prototype] {
  +           cartridge_id: 'ashmere_missing_child',
  +           cartridge_version: '0.0.31',
  +           key: 'orchard',
  +           kind: 'room'
  +         }
  +       },
  +       mass_grams: 100,
  +       room_line: 'item.apple_03.room',
  +       short: 'item.apple.short'
  +     },
  +     '7aa6c88d-bb91-86bf-add6-146962885046': {
  +       description: 'item.fenwort.description',
  +       key: 'fenwort_05',
  +       keywords: [
  +         'fenwort',
  +         'fenwort_05'
  +       ],
  +       kind: 'item',
  +       location: [Object: null prototype] {
  +         in: 'room',
  +         room: [Object: null prototype] {
  +           cartridge_id: 'ashmere_missing_child',
  +           cartridge_version: '0.0.31',
  +           key: 'willow_shade',
  +           kind: 'room'
  +         }
  +       },
  +       mass_grams: 20,
  +       room_line: 'item.fenwort.room',
  +       short: 'item.fenwort.short'
  +     },
  +     '84fd3cbf-5a89-8680-bea7-cf44e790ff8c': {
  +       barrier: [Object: null prototype] {
  +         cartridge_id: 'ashmere_missing_child',
  +         cartridge_version: '0.0.31',
  +         key: 'storage_chest_lid',
  +         kind: 'barrier'
  +       },
  +       capacity: 12,
  +       container: true,
  +       description: 'item.storage_chest.description',
  +       key: 'storage_chest',
  +       keywords: [
  +         'chest',
  +         'storage_chest'
  +       ],
  +       kind: 'item',
  +       location: [Object: null prototype] {
  +         in: 'room',
  +         room: [Object: null prototype] {
  +           cartridge_id: 'ashmere_missing_child',
  +           cartridge_version: '0.0.31',
  +           key: 'inn_rooms',
  +           kind: 'room'
  +         }
  +       },
  +       mass_grams: 8000,
  +       room_line: 'item.storage_chest.room',
  +       short: 'item.storage_chest.short'
  +     },
  +     '887efed7-40bb-8854-8ece-640e45e3e5d4': {
  +       description: 'item.bandage.description',
  +       key: 'bandage_05',
  +       keywords: [
  +         'bandage',
  +         'bandage_05'
  +       ],
  +       kind: 'item',
  +       location: [Object: null prototype] {
  +         in: 'npc',
  +         npc: [Object: null prototype] {
  +           cartridge_id: 'ashmere_missing_child',
  +           cartridge_version: '0.0.31',
  +           key: 'wick',
  +           kind: 'npc'
  +         }
  +       },
  +       mass_grams: 10,
  +       room_line: 'item.bandage.room',
  +       short: 'item.bandage.short'
  +     },
  +     '8cbac3ab-b59e-823a-90ae-6f7935e3b763': {
  +       attack: [Object: null prototype] {
  +         chance: 80,
  +         damage_max: 1,
  +         damage_min: 1
  +       },
  +       description: 'npc.fen_hound.description',
  +       hp: [Object: null prototype] {
  +         gain: 0,
  +         maximum: 8,
  +         minimum: 0,
  +         start: 8
  +       },
  +       key: 'fen_hound',
  +       keywords: [
  +         'hound',
  +         'fen_hound'
  +       ],
  +       kind: 'npc',
  +       room: [Object: null prototype] {
  +         cartridge_id: 'ashmere_missing_child',
  +         cartridge_version: '0.0.31',
  +         key: 'hound_run',
  +         kind: 'room'
  +       },
  +       room_line: 'npc.fen_hound.room',
  +       short: 'npc.fen_hound.short',
  +       spawn_template: true
  +     },
  +     '91dc36d6-58da-89cb-be0d-64940e791e80': {
  +       description: 'npc.wren.description',
  +       key: 'wren',
  +       keywords: [
  +         'wren'
  +       ],
  +       kind: 'npc',
  +       room: [Object: null prototype] {
  +         cartridge_id: 'ashmere_missing_child',
  +         cartridge_version: '0.0.31',
  +         key: 'fox_hollow',
  +         kind: 'room'
  +       },
  +       room_line: 'npc.wren.room',
  +       short: 'npc.wren.short'
  +     },
  +     '91de55c4-b469-873b-abb9-334cce88d6a9': {
  +       description: 'item.bandage.description',
  +       key: 'bandage_08',
  +       keywords: [
  +         'bandage',
  +         'bandage_08'
  +       ],
  +       kind: 'item',
  +       location: [Object: null prototype] {
  +         in: 'npc',
  +         npc: [Object: null prototype] {
  +           cartridge_id: 'ashmere_missing_child',
  +           cartridge_version: '0.0.31',
  +           key: 'wick',
  +           kind: 'npc'
  +         }
  +       },
  +       mass_grams: 10,
  +       room_line: 'item.bandage.room',
  +       short: 'item.bandage.short'
  +     },
  +     '96959e17-0504-835b-8968-b091fda108b6': {
  +       description: 'item.hound_pelt.description',
  +       key: 'hound_pelt',
  +       keywords: [
  +         'pelt',
  +         'hound_pelt'
  +       ],
  +       kind: 'item',
  +       location: [Object: null prototype] {
  +         in: 'template'
  +       },
  +       mass_grams: 250,
  +       room_line: 'item.hound_pelt.room',
  +       short: 'item.hound_pelt.short'
  +     },
  +     'a1451e93-408d-8bbb-8485-a3c04b023270': {
  +       attack: [Object: null prototype] {
  +         chance: 80,
  +         damage_max: 1,
  +         damage_min: 1
  +       },
  +       description: 'npc.fen_hound.description',
  +       hp: [Object: null prototype] {
  +         gain: 0,
  +         maximum: 8,
  +         minimum: 0,
  +         start: 8
  +       },
  +       key: 'fen_hound',
  +       keywords: [
  +         'hound',
  +         'fen_hound'
  +       ],
  +       kind: 'npc',
  +       room: [Object: null prototype] {
  +         cartridge_id: 'ashmere_missing_child',
  +         cartridge_version: '0.0.31',
  +         key: 'hound_run',
  +         kind: 'room'
  +       },
  +       room_line: 'npc.fen_hound.room',
  +       short: 'npc.fen_hound.short',
  +       spawn_template: true
  +     },
  +     'a41582c6-b5eb-846f-b138-ea39dc49e797': {
  +       description: 'item.apple.description',
  +       edible: [Object: null prototype] {
  +         amount: 6,
  +         label: 'action.eat',
  +         narration: 'narration.eat_apple',
  +         resource: [Object: null prototype] {
  +           cartridge_id: 'ashmere_missing_child',
  +           cartridge_version: '0.0.31',
  +           key: 'mv',
  +           kind: 'resource'
  +         }
  +       },
  +       key: 'apple_02',
  +       keywords: [
  +         'apple',
  +         'apple_02'
  +       ],
  +       kind: 'item',
  +       location: [Object: null prototype] {
  +         in: 'room',
  +         room: [Object: null prototype] {
  +           cartridge_id: 'ashmere_missing_child',
  +           cartridge_version: '0.0.31',
  +           key: 'orchard',
  +           kind: 'room'
  +         }
  +       },
  +       mass_grams: 100,
  +       room_line: 'item.apple_02.room',
  +       short: 'item.apple.short'
  +     },
  +     'a7749537-b626-8535-82ba-69330478c06f': {
  +       description: 'npc.vesper.description',
  +       key: 'vesper',
  +       keywords: [
  +         'vesper'
  +       ],
  +       kind: 'npc',
  +       room: [Object: null prototype] {
  +         cartridge_id: 'ashmere_missing_child',
  +         cartridge_version: '0.0.31',
  +         key: 'fox_hollow',
  +         kind: 'room'
  +       },
  +       room_line: 'npc.vesper.room',
  +       short: 'npc.vesper.short'
  +     },
  +     'a843bbb3-846a-8dce-ade2-36356c37c183': {
  +       description: 'item.bandage.description',
  +       key: 'bandage_03',
  +       keywords: [
  +         'bandage',
  +         'bandage_03'
  +       ],
  +       kind: 'item',
  +       location: [Object: null prototype] {
  +         in: 'npc',
  +         npc: [Object: null prototype] {
  +           cartridge_id: 'ashmere_missing_child',
  +           cartridge_version: '0.0.31',
  +           key: 'wick',
  +           kind: 'npc'
  +         }
  +       },
  +       mass_grams: 10,
  +       room_line: 'item.bandage.room',
  +       short: 'item.bandage.short'
  +     },
  +     'aa3ddc23-4cd4-8c1c-9619-627eca1fe15c': {
  +       description: 'npc.sedge.description',
  +       key: 'sedge',
  +       keywords: [
  +         'sedge',
  +         'mother'
  +       ],
  +       kind: 'npc',
  +       resource_starts: [Object: null prototype] {
  +         pennies: 0
  +       },
  +       room: [Object: null prototype] {
  +         cartridge_id: 'ashmere_missing_child',
  +         cartridge_version: '0.0.31',
  +         key: 'isle_hut',
  +         kind: 'room'
  +       },
  +       room_line: 'npc.sedge.room',
  +       short: 'npc.sedge.short'
  +     },
  +     'b0abb6c3-7896-807a-a308-5f6ee0ddd150': {
  +       description: 'item.fenwort.description',
  +       key: 'fenwort_10',
  +       keywords: [
  +         'fenwort',
  +         'fenwort_10'
  +       ],
  +       kind: 'item',
  +       location: [Object: null prototype] {
  +         in: 'room',
  +         room: [Object: null prototype] {
  +           cartridge_id: 'ashmere_missing_child',
  +           cartridge_version: '0.0.31',
  +           key: 'willow_shade',
  +           kind: 'room'
  +         }
  +       },
  +       mass_grams: 20,
  +       room_line: 'item.fenwort.room',
  +       short: 'item.fenwort.short'
  +     },
  +     'b303069b-00e7-8e90-9241-9392c7c6bd7d': {
  +       description: 'item.tithe_ledger.description',
  +       key: 'tithe_ledger',
  +       keywords: [
  +         'ledger',
  +         'tithe_ledger'
  +       ],
  +       kind: 'item',
  +       location: [Object: null prototype] {
  +         in: 'npc',
  +         npc: [Object: null prototype] {
  +           cartridge_id: 'ashmere_missing_child',
  +           cartridge_version: '0.0.31',
  +           key: 'peg',
  +           kind: 'npc'
  +         }
  +       },
  +       mass_grams: 200,
  +       room_line: 'item.tithe_ledger.room',
  +       short: 'item.tithe_ledger.short'
  +     },
  +     'b449f807-96d1-8fb8-9304-c45553d7e4f2': {
  +       description: 'npc.wisp.description',
  +       key: 'wisp',
  +       keywords: [
  +         'wisp'
  +       ],
  +       kind: 'npc',
  +       perception: [Object: null prototype] {
  +         discovered: [Object: null prototype] {
  +           cartridge_id: 'ashmere_missing_child',
  +           cartridge_version: '0.0.31',
  +           key: 'fen_wisp_discovered',
  +           kind: 'fact'
  +         }
  +       },
  +       room: [Object: null prototype] {
  +         cartridge_id: 'ashmere_missing_child',
  +         cartridge_version: '0.0.31',
  +         key: 'marsh_light',
  +         kind: 'room'
  +       },
  +       room_line: 'npc.wisp.room',
  +       short: 'npc.wisp.short'
  +     },
  +     'b45f7385-6cf5-800d-b604-1dc7bab19891': {
  +       description: 'item.brass_key.description',
  +       key: 'brass_key',
  +       keywords: [
  +         'key',
  +         'brass_key'
  +       ],
  +       kind: 'item',
  +       location: [Object: null prototype] {
  +         in: 'room',
  +         room: [Object: null prototype] {
  +           cartridge_id: 'ashmere_missing_child',
  +           cartridge_version: '0.0.31',
  +           key: 'inn_rooms',
  +           kind: 'room'
  +         }
  +       },
  +       mass_grams: 100,
  +       room_line: 'item.brass_key.room',
  +       short: 'item.brass_key.short'
  +     },
  +     'b53e677f-7d1b-8954-bab9-d66f7acf1f09': {
  +       description: 'npc.wick.description',
  +       key: 'wick',
  +       keywords: [
  +         'wick',
  +         'brother_wick'
  +       ],
  +       kind: 'npc',
  +       room: [Object: null prototype] {
  +         cartridge_id: 'ashmere_missing_child',
  +         cartridge_version: '0.0.31',
  +         key: 'infirmary',
  +         kind: 'room'
  +       },
  +       room_line: 'npc.wick.room',
  +       short: 'npc.wick.short'
  +     },
  +     'b887681c-2d13-8cab-a2e3-6b4388ee0dd9': {
  +       description: 'item.rusty_sword.description',
  +       key: 'rusty_sword',
  +       keywords: [
  +         'rusty_sword',
  +         'sword'
  +       ],
  +       kind: 'item',
  +       location: [Object: null prototype] {
  +         in: 'npc',
  +         npc: [Object: null prototype] {
  +           cartridge_id: 'ashmere_missing_child',
  +           cartridge_version: '0.0.31',
  +           key: 'tobin',
  +           kind: 'npc'
  +         }
  +       },
  +       mass_grams: 500,
  +       room_line: 'item.rusty_sword.room',
  +       short: 'item.rusty_sword.short',
  +       slot: 'wield',
  +       weapon: [Object: null prototype] {
  +         attack: [Object: null prototype] {
  +           chance: 95,
  +           damage_max: 3,
  +           damage_min: 3
  +         },
  +         skill: [Object: null prototype] {
  +           cartridge_id: 'ashmere_missing_child',
  +           cartridge_version: '0.0.31',
  +           key: 'swords',
  +           kind: 'skill'
  +         }
  +       }
  +     },
  +     'b98193c5-44c9-8ea4-9b9d-600c2aa84ebb': {
  +       description: 'item.fenwort.description',
  +       key: 'fenwort_09',
  +       keywords: [
  +         'fenwort',
  +         'fenwort_09'
  +       ],
  +       kind: 'item',
  +       location: [Object: null prototype] {
  +         in: 'room',
  +         room: [Object: null prototype] {
  +           cartridge_id: 'ashmere_missing_child',
  +           cartridge_version: '0.0.31',
  +           key: 'willow_shade',
  +           kind: 'room'
  +         }
  +       },
  +       mass_grams: 20,
  +       room_line: 'item.fenwort.room',
  +       short: 'item.fenwort.short'
  +     },
  +     'bea306fb-2b58-847c-a4e0-045f9d13b739': {
  +       description: 'item.bandage.description',
  +       key: 'bandage_11',
  +       keywords: [
  +         'bandage',
  +         'bandage_11'
  +       ],
  +       kind: 'item',
  +       location: [Object: null prototype] {
  +         in: 'npc',
  +         npc: [Object: null prototype] {
  +           cartridge_id: 'ashmere_missing_child',
  +           cartridge_version: '0.0.31',
  +           key: 'wick',
  +           kind: 'npc'
  +         }
  +       },
  +       mass_grams: 10,
  +       room_line: 'item.bandage.room',
  +       short: 'item.bandage.short'
  +     },
  +     'c2dcc404-9fda-84ea-af86-4596e9beb2d6': {
  +       attack: [Object: null prototype] {
  +         chance: 50,
  +         damage_max: 1,
  +         damage_min: 1
  +       },
  +       description: 'npc.cellar_rat.description',
  +       hp: [Object: null prototype] {
  +         gain: 0,
  +         maximum: 6,
  +         minimum: 0,
  +         start: 6
  +       },
  +       key: 'cellar_rat_2',
  +       keywords: [
  +         'rat',
  +         'cellar_rat_2'
  +       ],
  +       kind: 'npc',
  +       room: [Object: null prototype] {
  +         cartridge_id: 'ashmere_missing_child',
  +         cartridge_version: '0.0.31',
  +         key: 'lantern_cellar',
  +         kind: 'room'
  +       },
  +       room_line: 'npc.cellar_rat_2.room',
  +       short: 'npc.cellar_rat.short'
  +     },
  +     'c735ddfb-fc9d-866a-b5e0-1feb5a516bf6': {
  +       description: 'item.tin_whistle.description',
  +       key: 'tin_whistle',
  +       keywords: [
  +         'whistle',
  +         'tin_whistle'
  +       ],
  +       kind: 'item',
  +       location: [Object: null prototype] {
  +         in: 'item',
  +         item: [Object: null prototype] {
  +           cartridge_id: 'ashmere_missing_child',
  +           cartridge_version: '0.0.31',
  +           key: 'trunk',
  +           kind: 'item'
  +         }
  +       },
  +       mass_grams: 200,
  +       room_line: 'item.tin_whistle.room',
  +       short: 'item.tin_whistle.short'
  +     },
  +     'ca9abb6b-add9-8496-9f83-3c6069959fb6': {
  +       description: 'item.fenwort.description',
  +       key: 'fenwort_08',
  +       keywords: [
  +         'fenwort',
  +         'fenwort_08'
  +       ],
  +       kind: 'item',
  +       location: [Object: null prototype] {
  +         in: 'room',
  +         room: [Object: null prototype] {
  +           cartridge_id: 'ashmere_missing_child',
  +           cartridge_version: '0.0.31',
  +           key: 'willow_shade',
  +           kind: 'room'
  +         }
  +       },
  +       mass_grams: 20,
  +       room_line: 'item.fenwort.room',
  +       short: 'item.fenwort.short'
  +     },
  +     'cf0d9c5d-717d-8796-b5f0-095efed5e284': {
  +       description: 'item.bandage.description',
  +       key: 'bandage_07',
  +       keywords: [
  +         'bandage',
  +         'bandage_07'
  +       ],
  +       kind: 'item',
  +       location: [Object: null prototype] {
  +         in: 'npc',
  +         npc: [Object: null prototype] {
  +           cartridge_id: 'ashmere_missing_child',
  +           cartridge_version: '0.0.31',
  +           key: 'wick',
  +           kind: 'npc'
  +         }
  +       },
  +       mass_grams: 10,
  +       room_line: 'item.bandage.room',
  +       short: 'item.bandage.short'
  +     },
  +     'd72e86a8-d96d-81da-b47f-ee8097d9290d': {
  +       description: 'item.bandage.description',
  +       key: 'bandage_10',
  +       keywords: [
  +         'bandage',
  +         'bandage_10'
  +       ],
  +       kind: 'item',
  +       location: [Object: null prototype] {
  +         in: 'npc',
  +         npc: [Object: null prototype] {
  +           cartridge_id: 'ashmere_missing_child',
  +           cartridge_version: '0.0.31',
  +           key: 'wick',
  +           kind: 'npc'
  +         }
  +       },
  +       mass_grams: 10,
  +       room_line: 'item.bandage.room',
  +       short: 'item.bandage.short'
  +     },
  +     'd74bfe67-ee0c-839e-b5e1-ef2095ae3109': {
  +       description: 'item.ale_cask.description',
  +       key: 'lantern_ale_cask',
  +       keywords: [
  +         'cask',
  +         'ale'
  +       ],
  +       kind: 'item',
  +       location: [Object: null prototype] {
  +         in: 'npc',
  +         npc: [Object: null prototype] {
  +           cartridge_id: 'ashmere_missing_child',
  +           cartridge_version: '0.0.31',
  +           key: 'maud',
  +           kind: 'npc'
  +         }
  +       },
  +       mass_grams: 500,
  +       room_line: 'item.ale_cask.room',
  +       short: 'item.ale_cask.short',
  +       vessel: [Object: null prototype] {
  +         capacity: 4,
  +         initial: [Object: null prototype] {
  +           kind: [Object: null prototype] {
  +             cartridge_id: 'ashmere_missing_child',
  +             cartridge_version: '0.0.31',
  +             key: 'ale',
  +             kind: 'liquid'
  +           },
  +           quantity: 4
  +         },
  +         unit_label: 'liquid.units'
  +       }
  +     },
  +     'dce25ff1-322e-80ae-8f48-e0c4062c2783': {
  +       block_chance: 25,
  +       description: 'item.wooden_shield.description',
  +       key: 'wooden_shield',
  +       keywords: [
  +         'wooden_shield',
  +         'shield'
  +       ],
  +       kind: 'item',
  +       location: [Object: null prototype] {
  +         in: 'npc',
  +         npc: [Object: null prototype] {
  +           cartridge_id: 'ashmere_missing_child',
  +           cartridge_version: '0.0.31',
  +           key: 'peg',
  +           kind: 'npc'
  +         }
  +       },
  +       mass_grams: 400,
  +       room_line: 'item.wooden_shield.room',
  +       short: 'item.wooden_shield.short',
  +       slot: 'off_hand'
  +     },
  +     'dd8c6f46-accd-87e3-af31-b0caf37caeeb': {
  +       daily_schedule: [Object: null prototype] {
  +         '18': [Object: null prototype] {
  +           cartridge_id: 'ashmere_missing_child',
  +           cartridge_version: '0.0.31',
  +           key: 'drowned_lantern',
  +           kind: 'room'
  +         },
  +         '22': [Object: null prototype] {
  +           cartridge_id: 'ashmere_missing_child',
  +           cartridge_version: '0.0.31',
  +           key: 'smithy',
  +           kind: 'room'
  +         },
  +         '8': [Object: null prototype] {
  +           cartridge_id: 'ashmere_missing_child',
  +           cartridge_version: '0.0.31',
  +           key: 'smithy',
  +           kind: 'room'
  +         }
  +       },
  +       description: 'npc.gareth.description',
  +       key: 'gareth',
  +       keywords: [
  +         'gareth'
  +       ],
  +       kind: 'npc',
  +       room: [Object: null prototype] {
  +         cartridge_id: 'ashmere_missing_child',
  +         cartridge_version: '0.0.31',
  +         key: 'drowned_lantern',
  +         kind: 'room'
  +       },
  +       room_line: 'npc.gareth.room',
  +       short: 'npc.gareth.short'
  +     },
  +     'deefcfd1-0955-825a-bd67-e8f03665a8f3': {
  +       description: 'item.bandage.description',
  +       key: 'bandage_12',
  +       keywords: [
  +         'bandage',
  +         'bandage_12'
  +       ],
  +       kind: 'item',
  +       location: [Object: null prototype] {
  +         in: 'npc',
  +         npc: [Object: null prototype] {
  +           cartridge_id: 'ashmere_missing_child',
  +           cartridge_version: '0.0.31',
  +           key: 'wick',
  +           kind: 'npc'
  +         }
  +       },
  +       mass_grams: 10,
  +       room_line: 'item.bandage.room',
  +       short: 'item.bandage.short'
  +     },
  +     'e1f06e4a-2ae6-8f75-bb0b-b0a2e8370be0': {
  +       description: 'item.fenwort.description',
  +       key: 'fenwort_02',
  +       keywords: [
  +         'fenwort',
  +         'fenwort_02'
  +       ],
  +       kind: 'item',
  +       location: [Object: null prototype] {
  +         in: 'room',
  +         room: [Object: null prototype] {
  +           cartridge_id: 'ashmere_missing_child',
  +           cartridge_version: '0.0.31',
  +           key: 'willow_shade',
  +           kind: 'room'
  +         }
  +       },
  +       mass_grams: 20,
  +       room_line: 'item.fenwort.room',
  +       short: 'item.fenwort.short'
  +     },
  +     'e26d5050-0ec1-8ec4-a164-209a07f75784': {
  +       description: 'item.fenwort.description',
  +       key: 'fenwort_04',
  +       keywords: [
  +         'fenwort',
  +         'fenwort_04'
  +       ],
  +       kind: 'item',
  +       location: [Object: null prototype] {
  +         in: 'room',
  +         room: [Object: null prototype] {
  +           cartridge_id: 'ashmere_missing_child',
  +           cartridge_version: '0.0.31',
  +           key: 'willow_shade',
  +           kind: 'room'
  +         }
  +       },
  +       mass_grams: 20,
  +       room_line: 'item.fenwort.room',
  +       short: 'item.fenwort.short'
  +     },
  +     'e3d910f1-e91f-81c4-b647-6b5590597af2': {
  +       description: 'item.apple.description',
  +       edible: [Object: null prototype] {
  +         amount: 6,
  +         label: 'action.eat',
  +         narration: 'narration.eat_apple',
  +         resource: [Object: null prototype] {
  +           cartridge_id: 'ashmere_missing_child',
  +           cartridge_version: '0.0.31',
  +           key: 'mv',
  +           kind: 'resource'
  +         }
  +       },
  +       key: 'apple_01',
  +       keywords: [
  +         'apple',
  +         'apple_01'
  +       ],
  +       kind: 'item',
  +       location: [Object: null prototype] {
  +         in: 'room',
  +         room: [Object: null prototype] {
  +           cartridge_id: 'ashmere_missing_child',
  +           cartridge_version: '0.0.31',
  +           key: 'orchard',
  +           kind: 'room'
  +         }
  +       },
  +       mass_grams: 100,
  +       room_line: 'item.apple_01.room',
  +       short: 'item.apple.short'
  +     },
  +     'e89b9f79-f8a1-8062-a340-1996b92e8a39': {
  +       description: 'npc.peg.description',
  +       key: 'peg',
  +       keywords: [
  +         'peg',
  +         'harrow',
  +         'chandler'
  +       ],
  +       kind: 'npc',
  +       resource_starts: [Object: null prototype] {
  +         pennies: 20
  +       },
  +       room: [Object: null prototype] {
  +         cartridge_id: 'ashmere_missing_child',
  +         cartridge_version: '0.0.31',
  +         key: 'chandler',
  +         kind: 'room'
  +       },
  +       room_line: 'npc.peg.room',
  +       shop: [Object: null prototype] {
  +         bought: 'shop.bought',
  +         offers: [
  +           [Object: null prototype] {
  +             buy: 3,
  +             item: [Object: null prototype] {
  +               cartridge_id: 'ashmere_missing_child',
  +               cartridge_version: '0.0.31',
  +               key: 'torch',
  +               kind: 'item'
  +             },
  +             sell: 1
  +           },
  +           [Object: null prototype] {
  +             buy: 2,
  +             item: [Object: null prototype] {
  +               cartridge_id: 'ashmere_missing_child',
  +               cartridge_version: '0.0.31',
  +               key: 'lamp_oil',
  +               kind: 'item'
  +             },
  +             sell: 1
  +           },
  +           [Object: null prototype] {
  +             buy: 4,
  +             item: [Object: null prototype] {
  +               cartridge_id: 'ashmere_missing_child',
  +               cartridge_version: '0.0.31',
  +               key: 'waterskin',
  +               kind: 'item'
  +             },
  +             sell: 2
  +           },
  +           [Object: null prototype] {
  +             buy: 5,
  +             item: [Object: null prototype] {
  +               cartridge_id: 'ashmere_missing_child',
  +               cartridge_version: '0.0.31',
  +               key: 'satchel',
  +               kind: 'item'
  +             },
  +             sell: 2
  +           },
  +           [Object: null prototype] {
  +             buy: 8,
  +             item: [Object: null prototype] {
  +               cartridge_id: 'ashmere_missing_child',
  +               cartridge_version: '0.0.31',
  +               key: 'iron_sword',
  +               kind: 'item'
  +             },
  +             sell: 4
  +           },
  +           [Object: null prototype] {
  +             buy: 4,
  +             item: [Object: null prototype] {
  +               cartridge_id: 'ashmere_missing_child',
  +               cartridge_version: '0.0.31',
  +               key: 'wooden_shield',
  +               kind: 'item'
  +             },
  +             sell: 2
  +           },
  +           [Object: null prototype] {
  +             buy: 4,
  +             item: [Object: null prototype] {
  +               cartridge_id: 'ashmere_missing_child',
  +               cartridge_version: '0.0.31',
  +               key: 'spare_waterskin',
  +               kind: 'item'
  +             },
  +             sell: 2
  +           }
  +         ],
  +         resource: [Object: null prototype] {
  +           cartridge_id: 'ashmere_missing_child',
  +           cartridge_version: '0.0.31',
  +           key: 'pennies',
  +           kind: 'resource'
  +         },
  +         sold: 'shop.sold'
  +       },
  +       short: 'npc.peg.short'
  +     },
  +     'ee88876f-e173-89bf-b354-fa9b2ddb3f0b': {
  +       description: 'item.bandage.description',
  +       key: 'bandage_06',
  +       keywords: [
  +         'bandage',
  +         'bandage_06'
  +       ],
  +       kind: 'item',
  +       location: [Object: null prototype] {
  +         in: 'npc',
  +         npc: [Object: null prototype] {
  +           cartridge_id: 'ashmere_missing_child',
  +           cartridge_version: '0.0.31',
  +           key: 'wick',
  +           kind: 'npc'
  +         }
  +       },
  +       mass_grams: 10,
  +       room_line: 'item.bandage.room',
  +       short: 'item.bandage.short'
  +     },
  +     'f0e76c82-d099-811e-a6ba-caef3f2615e9': {
  +       description: 'item.vesper_message.description',
  +       give_allowed: false,
  +       key: 'vesper_message',
  +       keywords: [
  +         'message',
  +         'vesper_message'
  +       ],
  +       kind: 'item',
  +       location: [Object: null prototype] {
  +         in: 'npc',
  +         npc: [Object: null prototype] {
  +           cartridge_id: 'ashmere_missing_child',
  +           cartridge_version: '0.0.31',
  +           key: 'vesper',
  +           kind: 'npc'
  +         }
  +       },
  +       mass_grams: 20,
  +       room_line: 'item.vesper_message.room',
  +       short: 'item.vesper_message.short'
  +     },
  +     'f1af1320-32d6-83ce-9ba2-9c107b5ecc56': {
  +       daily_schedule: [Object: null prototype] {
  +         '12': [Object: null prototype] {
  +           cartridge_id: 'ashmere_missing_child',
  +           cartridge_version: '0.0.31',
  +           key: 'cloister',
  +           kind: 'room'
  +         },
  +         '20': [Object: null prototype] {
  +           cartridge_id: 'ashmere_missing_child',
  +           cartridge_version: '0.0.31',
  +           key: 'scriptorium',
  +           kind: 'room'
  +         },
  +         '6': [Object: null prototype] {
  +           cartridge_id: 'ashmere_missing_child',
  +           cartridge_version: '0.0.31',
  +           key: 'scriptorium',
  +           kind: 'room'
  +         }
  +       },
  +       description: 'npc.ash.description',
  +       key: 'ash',
  +       keywords: [
  +         'ash',
  +         'novice_ash',
  +         'novice'
  +       ],
  +       kind: 'npc',
  +       room: [Object: null prototype] {
  +         cartridge_id: 'ashmere_missing_child',
  +         cartridge_version: '0.0.31',
  +         key: 'cloister',
  +         kind: 'room'
  +       },
  +       room_line: 'npc.ash.room',
  +       short: 'npc.ash.short'
  +     },
  +     'f3c7442b-1155-8f9a-8482-3a4f621a90fd': {
  +       attack: [Object: null prototype] {
  +         chance: 50,
  +         damage_max: 1,
  +         damage_min: 1
  +       },
  +       description: 'npc.cellar_rat.description',
  +       hp: [Object: null prototype] {
  +         gain: 0,
  +         maximum: 6,
  +         minimum: 0,
  +         start: 6
  +       },
  +       key: 'cellar_rat_5',
  +       keywords: [
  +         'rat',
  +         'cellar_rat_5'
  +       ],
  +       kind: 'npc',
  +       room: [Object: null prototype] {
  +         cartridge_id: 'ashmere_missing_child',
  +         cartridge_version: '0.0.31',
  +         key: 'lantern_cellar',
  +         kind: 'room'
  +       },
  +       room_line: 'npc.cellar_rat_5.room',
  +       short: 'npc.cellar_rat.short'
  +     },
  +     'f3de2a43-417f-8e67-86d1-a375231e01ed': {
  +       description: 'item.torch.description',
  +       fuel: [Object: null prototype] {
  +         capacity: 7200,
  +         doused: 'light.doused',
  +         ignited: 'light.ignited',
  +         initial: 7200,
  +         kind: 'source',
  +         rate: 1,
  +         refueled: 'light.refueled',
  +         supply: [Object: null prototype] {
  +           cartridge_id: 'ashmere_missing_child',
  +           cartridge_version: '0.0.31',
  +           key: 'lamp_oil',
  +           kind: 'item'
  +         },
  +         unit: 'oil'
  +       },
  +       key: 'torch',
  +       keywords: [
  +         'torch',
  +         'torch'
  +       ],
  +       kind: 'item',
  +       location: [Object: null prototype] {
  +         in: 'npc',
  +         npc: [Object: null prototype] {
  +           cartridge_id: 'ashmere_missing_child',
  +           cartridge_version: '0.0.31',
  +           key: 'peg',
  +           kind: 'npc'
  +         }
  +       },
  +       mass_grams: 100,
  +       room_line: 'item.torch.room',
  +       short: 'item.torch.short',
  +       slot: 'light'
  +     },
  +     'f6fc60a2-0eb4-8a50-8ed8-38cd3dbd0f1a': {
  +       description: 'item.spare_waterskin.description',
  +       key: 'spare_waterskin',
  +       keywords: [
  +         'spare',
  +         'waterskin',
  +         'skin'
  +       ],
  +       kind: 'item',
  +       location: [Object: null prototype] {
  +         in: 'npc',
  +         npc: [Object: null prototype] {
  +           cartridge_id: 'ashmere_missing_child',
  +           cartridge_version: '0.0.31',
  +           key: 'peg',
  +           kind: 'npc'
  +         }
  +       },
  +       mass_grams: 500,
  +       room_line: 'item.spare_waterskin.room',
  +       short: 'item.spare_waterskin.short',
  +       vessel: [Object: null prototype] {
  +         capacity: 4,
  +         initial: [Object: null prototype] {
  +           kind: null,
  +           quantity: 0
  +         },
  +         unit_label: 'liquid.units'
  +       }
  +     },
  +     'f9f5ff00-b852-83ff-97b4-b54072c401bd': {
  +       description: 'item.bandage.description',
  +       key: 'bandage_04',
  +       keywords: [
  +         'bandage',
  +         'bandage_04'
  +       ],
  +       kind: 'item',
  +       location: [Object: null prototype] {
  +         in: 'npc',
  +         npc: [Object: null prototype] {
  +           cartridge_id: 'ashmere_missing_child',
  +           cartridge_version: '0.0.31',
  +           key: 'wick',
  +           kind: 'npc'
  +         }
  +       },
  +       mass_grams: 10,
  +       room_line: 'item.bandage.room',
  +       short: 'item.bandage.short'
  +     },
  +     'fae561a6-53e6-8a8c-bd7c-19430abda2ac': {
  +       attack: [Object: null prototype] {
  +         chance: 80,
  +         damage_max: 1,
  +         damage_min: 1
  +       },
  +       description: 'npc.fen_hound.description',
  +       hp: [Object: null prototype] {
  +         gain: 0,
  +         maximum: 8,
  +         minimum: 0,
  +         start: 8
  +       },
  +       key: 'fen_hound',
  +       keywords: [
  +         'hound',
  +         'fen_hound'
  +       ],
  +       kind: 'npc',
  +       room: [Object: null prototype] {
  +         cartridge_id: 'ashmere_missing_child',
  +         cartridge_version: '0.0.31',
  +         key: 'hound_run',
  +         kind: 'room'
  +       },
  +       room_line: 'npc.fen_hound.room',
  +       short: 'npc.fen_hound.short',
  +       spawn_template: true
  +     },
  +     'fe8a933a-59bb-8e0c-b129-e40cd6678f85': {
  +       description: 'item.bell_rites.description',
  +       key: 'bell_rites',
  +       keywords: [
  +         'bell_rites',
  +         'book'
  +       ],
  +       kind: 'item',
  +       location: [Object: null prototype] {
  +         in: 'room',
  +         room: [Object: null prototype] {
  +           cartridge_id: 'ashmere_missing_child',
  +           cartridge_version: '0.0.31',
  +           key: 'scriptorium',
  +           kind: 'room'
  +         }
  +       },
  +       mass_grams: 100,
  +       readable: [Object: null prototype] {
  +         label: 'actions.read_book',
  +         text: 'readable.bell_rites',
  +         topic: [Object: null prototype] {
  +           cartridge_id: 'ashmere_missing_child',
  +           cartridge_version: '0.0.31',
  +           key: 'bell',
  +           kind: 'topic'
  +         }
  +       },
  +       room_line: 'item.bell_rites.room',
  +       short: 'item.bell_rites.short'
  +     }
  +   },
  +   entityIds: {
  +     'ashmere_missing_child@0.0.31:item/apple_01': 'e3d910f1-e91f-81c4-b647-6b5590597af2',
  +     'ashmere_missing_child@0.0.31:item/apple_02': 'a41582c6-b5eb-846f-b138-ea39dc49e797',
  +     'ashmere_missing_child@0.0.31:item/apple_03': '7561d6c2-0c34-8719-9bc2-6851f7b04682',
  +     'ashmere_missing_child@0.0.31:item/bandage_01': '58935a9a-fada-894c-978c-607047afbc25',
  +     'ashmere_missing_child@0.0.31:item/bandage_02': '0556eeda-6c38-8679-bc0b-5a9848eba57a',
  +     'ashmere_missing_child@0.0.31:item/bandage_03': 'a843bbb3-846a-8dce-ade2-36356c37c183',
  +     'ashmere_missing_child@0.0.31:item/bandage_04': 'f9f5ff00-b852-83ff-97b4-b54072c401bd',
  +     'ashmere_missing_child@0.0.31:item/bandage_05': '887efed7-40bb-8854-8ece-640e45e3e5d4',
  +     'ashmere_missing_child@0.0.31:item/bandage_06': 'ee88876f-e173-89bf-b354-fa9b2ddb3f0b',
  +     'ashmere_missing_child@0.0.31:item/bandage_07': 'cf0d9c5d-717d-8796-b5f0-095efed5e284',
  +     'ashmere_missing_child@0.0.31:item/bandage_08': '91de55c4-b469-873b-abb9-334cce88d6a9',
  +     'ashmere_missing_child@0.0.31:item/bandage_09': '37ef3668-8242-851e-94bc-66e562abebd7',
  +     'ashmere_missing_child@0.0.31:item/bandage_10': 'd72e86a8-d96d-81da-b47f-ee8097d9290d',
  +     'ashmere_missing_child@0.0.31:item/bandage_11': 'bea306fb-2b58-847c-a4e0-045f9d13b739',
  +     'ashmere_missing_child@0.0.31:item/bandage_12': 'deefcfd1-0955-825a-bd67-e8f03665a8f3',
  +     'ashmere_missing_child@0.0.31:item/bell_rites': 'fe8a933a-59bb-8e0c-b129-e40cd6678f85',
  +     'ashmere_missing_child@0.0.31:item/brass_key': 'b45f7385-6cf5-800d-b604-1dc7bab19891',
  +     'ashmere_missing_child@0.0.31:item/cellar_key': '56362445-0a33-8900-9bd2-1cfa0e0e1cfb',
  +     'ashmere_missing_child@0.0.31:item/fenwort_01': '695264ac-d0fd-8ff9-a2ce-a5bc68ecd3e8',
  +     'ashmere_missing_child@0.0.31:item/fenwort_02': 'e1f06e4a-2ae6-8f75-bb0b-b0a2e8370be0',
  +     'ashmere_missing_child@0.0.31:item/fenwort_03': '385d5416-3de6-82e4-aae0-775164b045c2',
  +     'ashmere_missing_child@0.0.31:item/fenwort_04': 'e26d5050-0ec1-8ec4-a164-209a07f75784',
  +     'ashmere_missing_child@0.0.31:item/fenwort_05': '7aa6c88d-bb91-86bf-add6-146962885046',
  +     'ashmere_missing_child@0.0.31:item/fenwort_06': '10798f17-56fe-899f-b1f1-2165bc7aa94a',
  +     'ashmere_missing_child@0.0.31:item/fenwort_07': '2d75f5bd-a92e-8c56-97b0-652cdbf9ca62',
  +     'ashmere_missing_child@0.0.31:item/fenwort_08': 'ca9abb6b-add9-8496-9f83-3c6069959fb6',
  +     'ashmere_missing_child@0.0.31:item/fenwort_09': 'b98193c5-44c9-8ea4-9b9d-600c2aa84ebb',
  +     'ashmere_missing_child@0.0.31:item/fenwort_10': 'b0abb6c3-7896-807a-a308-5f6ee0ddd150',
  +     'ashmere_missing_child@0.0.31:item/fenwort_11': '15076a66-097b-8dbc-85ec-bd166d6ecab9',
  +     'ashmere_missing_child@0.0.31:item/fenwort_12': '6c939a35-4efc-8a5c-8bc7-00f4c42bdfc2',
  +     'ashmere_missing_child@0.0.31:item/fox_drawing': '21f61dc2-0501-8853-a8ff-88ed5dbd71b7',
  +     'ashmere_missing_child@0.0.31:item/iron_sword': '00a60498-0ca6-8137-8172-7101d3767e0c',
  +     'ashmere_missing_child@0.0.31:item/lamp_oil': '65d77be3-068c-8eff-a84e-8b17a5777bcc',
  +     'ashmere_missing_child@0.0.31:item/lantern_ale_cask': 'd74bfe67-ee0c-839e-b5e1-ef2095ae3109',
  +     'ashmere_missing_child@0.0.31:item/rusty_sword': 'b887681c-2d13-8cab-a2e3-6b4388ee0dd9',
  +     'ashmere_missing_child@0.0.31:item/satchel': '676a7640-aee6-8d70-a326-ed19a6d9a130',
  +     'ashmere_missing_child@0.0.31:item/spare_waterskin': 'f6fc60a2-0eb4-8a50-8ed8-38cd3dbd0f1a',
  +     'ashmere_missing_child@0.0.31:item/storage_chest': '84fd3cbf-5a89-8680-bea7-cf44e790ff8c',
  +     'ashmere_missing_child@0.0.31:item/tin_whistle': 'c735ddfb-fc9d-866a-b5e0-1feb5a516bf6',
  +     'ashmere_missing_child@0.0.31:item/tithe_ledger': 'b303069b-00e7-8e90-9241-9392c7c6bd7d',
  +     'ashmere_missing_child@0.0.31:item/torch': 'f3de2a43-417f-8e67-86d1-a375231e01ed',
  +     'ashmere_missing_child@0.0.31:item/trunk': '1ff34115-09bf-88cc-94fc-be3e623e9a19',
  +     'ashmere_missing_child@0.0.31:item/vesper_message': 'f0e76c82-d099-811e-a6ba-caef3f2615e9',
  +     'ashmere_missing_child@0.0.31:item/ward_of_the_fen': '73868cdd-0749-8a27-877e-1059c7fcbd74',
  +     'ashmere_missing_child@0.0.31:item/waterskin': '135ad56f-dfaa-8e43-985d-9dd1e051753b',
  +     'ashmere_missing_child@0.0.31:item/wooden_shield': 'dce25ff1-322e-80ae-8f48-e0c4062c2783',
  +     'ashmere_missing_child@0.0.31:item/wool_cloak': '3924002c-1621-899b-a2b3-c34d2c4cdcf1',
  +     'ashmere_missing_child@0.0.31:npc/ada': '2a07c1ae-7036-8a06-8426-de75078d79a3',
  +     'ashmere_missing_child@0.0.31:npc/aldric': '1d7cfec5-84d1-89df-b0f3-6a9e9852e647',
  +     'ashmere_missing_child@0.0.31:npc/ash': 'f1af1320-32d6-83ce-9ba2-9c107b5ecc56',
  +     'ashmere_missing_child@0.0.31:npc/cellar_rat_1': '13e64759-6fc3-8b88-ade5-56dbaa5d940d',
  +     'ashmere_missing_child@0.0.31:npc/cellar_rat_2': 'c2dcc404-9fda-84ea-af86-4596e9beb2d6',
  +     'ashmere_missing_child@0.0.31:npc/cellar_rat_3': '699d2010-15a3-8a4a-936b-e8e55b4fa065',
  +     'ashmere_missing_child@0.0.31:npc/cellar_rat_4': '5ce172d0-4fa9-8ded-bde5-0f32bc984fcc',
  +     'ashmere_missing_child@0.0.31:npc/cellar_rat_5': 'f3c7442b-1155-8f9a-8482-3a4f621a90fd',
  +     'ashmere_missing_child@0.0.31:npc/elspeth': '5618d912-3e17-8488-a2e6-0927cff37eb5',
  +     'ashmere_missing_child@0.0.31:npc/gareth': 'dd8c6f46-accd-87e3-af31-b0caf37caeeb',
  +     'ashmere_missing_child@0.0.31:npc/hale': '040cd593-516a-8270-9e6d-7b49fe6a516a',
  +     'ashmere_missing_child@0.0.31:npc/maud': '4c9c088a-aede-8ef6-906d-8bc0a9bc1701',
  +     'ashmere_missing_child@0.0.31:npc/peg': 'e89b9f79-f8a1-8062-a340-1996b92e8a39',
  +     'ashmere_missing_child@0.0.31:npc/sedge': 'aa3ddc23-4cd4-8c1c-9619-627eca1fe15c',
  +     'ashmere_missing_child@0.0.31:npc/tobin': '3592b213-4e3c-892f-bfca-e2653121110e',
  +     'ashmere_missing_child@0.0.31:npc/vesper': 'a7749537-b626-8535-82ba-69330478c06f',
  +     'ashmere_missing_child@0.0.31:npc/wick': 'b53e677f-7d1b-8954-bab9-d66f7acf1f09',
  +     'ashmere_missing_child@0.0.31:npc/wisp': 'b449f807-96d1-8fb8-9304-c45553d7e4f2',
  +     'ashmere_missing_child@0.0.31:npc/wren': '91dc36d6-58da-89cb-be0d-64940e791e80'
  +   },
  +   entityResourceSpecs: {
  +     '{"entity_id":"095f2582-fe61-8790-8a4d-01463a2975b7","kind":"resource","resource":{"cartridge_id":"ashmere_missing_child","cartridge_version":"0.0.31","key":"hp","kind":"resource"}}': {
  +       gain: 0,
  +       key: 'hp',
  +       maximum: 8,
  +       minimum: 0,
  +       start: 8
  +     },
  +     '{"entity_id":"13e64759-6fc3-8b88-ade5-56dbaa5d940d","kind":"resource","resource":{"cartridge_id":"ashmere_missing_child","cartridge_version":"0.0.31","key":"hp","kind":"resource"}}': {
  +       gain: 0,
  +       key: 'hp',
  +       maximum: 6,
  +       minimum: 0,
  +       start: 6
  +     },
  +     '{"entity_id":"5ce172d0-4fa9-8ded-bde5-0f32bc984fcc","kind":"resource","resource":{"cartridge_id":"ashmere_missing_child","cartridge_version":"0.0.31","key":"hp","kind":"resource"}}': {
  +       gain: 0,
  +       key: 'hp',
  +       maximum: 6,
  +       minimum: 0,
  +       start: 6
  +     },
  +     '{"entity_id":"699d2010-15a3-8a4a-936b-e8e55b4fa065","kind":"resource","resource":{"cartridge_id":"ashmere_missing_child","cartridge_version":"0.0.31","key":"hp","kind":"resource"}}': {
  +       gain: 0,
  +       key: 'hp',
  +       maximum: 6,
  +       minimum: 0,
  +       start: 6
  +     },
  +     '{"entity_id":"8cbac3ab-b59e-823a-90ae-6f7935e3b763","kind":"resource","resource":{"cartridge_id":"ashmere_missing_child","cartridge_version":"0.0.31","key":"hp","kind":"resource"}}': {
  +       gain: 0,
  +       key: 'hp',
  +       maximum: 8,
  +       minimum: 0,
  +       start: 8
  +     },
  +     '{"entity_id":"a1451e93-408d-8bbb-8485-a3c04b023270","kind":"resource","resource":{"cartridge_id":"ashmere_missing_child","cartridge_version":"0.0.31","key":"hp","kind":"resource"}}': {
  +       gain: 0,
  +       key: 'hp',
  +       maximum: 8,
  +       minimum: 0,
  +       start: 8
  +     },
  +     '{"entity_id":"c2dcc404-9fda-84ea-af86-4596e9beb2d6","kind":"resource","resource":{"cartridge_id":"ashmere_missing_child","cartridge_version":"0.0.31","key":"hp","kind":"resource"}}': {
  +       gain: 0,
  +       key: 'hp',
  +       maximum: 6,
  +       minimum: 0,
  +       start: 6
  +     },
  +     '{"entity_id":"f3c7442b-1155-8f9a-8482-3a4f621a90fd","kind":"resource","resource":{"cartridge_id":"ashmere_missing_child","cartridge_version":"0.0.31","key":"hp","kind":"resource"}}': {
  +       gain: 0,
  +       key: 'hp',
  +       maximum: 6,
  +       minimum: 0,
  +       start: 6
  +     },
  +     '{"entity_id":"fae561a6-53e6-8a8c-bd7c-19430abda2ac","kind":"resource","resource":{"cartridge_id":"ashmere_missing_child","cartridge_version":"0.0.31","key":"hp","kind":"resource"}}': {
  +       gain: 0,
  +       key: 'hp',
  +       maximum: 8,
  +       minimum: 0,
  +       start: 8
  +     }
  +   },
  +   factDefaults: {
  +     '{"cartridge_id":"ashmere_missing_child","cartridge_version":"0.0.31","key":"chapel_allegiance","kind":"fact"}': 'unknown',
  +     '{"cartridge_id":"ashmere_missing_child","cartridge_version":"0.0.31","key":"chapel_bell_rung","kind":"fact"}': false,
  +     '{"cartridge_id":"ashmere_missing_child","cartridge_version":"0.0.31","key":"dream_seen","kind":"fact"}': false,
  +     '{"cartridge_id":"ashmere_missing_child","cartridge_version":"0.0.31","key":"fen_return_branch","kind":"fact"}': 'unselected',
  +     '{"cartridge_id":"ashmere_missing_child","cartridge_version":"0.0.31","key":"fen_tracks_found","kind":"fact"}': false,
  +     '{"cartridge_id":"ashmere_missing_child","cartridge_version":"0.0.31","key":"fen_vesper_riddle_answered","kind":"fact"}': false,
  +     '{"cartridge_id":"ashmere_missing_child","cartridge_version":"0.0.31","key":"fen_wisp_answered","kind":"fact"}': false,
  +     '{"cartridge_id":"ashmere_missing_child","cartridge_version":"0.0.31","key":"fen_wisp_discovered","kind":"fact"}': false,
  +     '{"cartridge_id":"ashmere_missing_child","cartridge_version":"0.0.31","key":"fen_wren_met","kind":"fact"}': false,
  +     '{"cartridge_id":"ashmere_missing_child","cartridge_version":"0.0.31","key":"infirmary_contribution","kind":"fact"}': 0,
  +     '{"cartridge_id":"ashmere_missing_child","cartridge_version":"0.0.31","key":"inn_cellar_cleared","kind":"fact"}': false,
  +     '{"cartridge_id":"ashmere_missing_child","cartridge_version":"0.0.31","key":"lantern_bed_paid","kind":"fact"}': false,
  +     '{"cartridge_id":"ashmere_missing_child","cartridge_version":"0.0.31","key":"maud_trust","kind":"fact"}': 0,
  +     '{"cartridge_id":"ashmere_missing_child","cartridge_version":"0.0.31","key":"memory_chapter_1_guild_tilt","kind":"fact"}': 'unreached',
  +     '{"cartridge_id":"ashmere_missing_child","cartridge_version":"0.0.31","key":"memory_fox_fate","kind":"fact"}': 'unreached',
  +     '{"cartridge_id":"ashmere_missing_child","cartridge_version":"0.0.31","key":"memory_village_ending","kind":"fact"}': 'unreached',
  +     '{"cartridge_id":"ashmere_missing_child","cartridge_version":"0.0.31","key":"peg_trust","kind":"fact"}': 0,
  +     '{"cartridge_id":"ashmere_missing_child","cartridge_version":"0.0.31","key":"position","kind":"fact"}': 'standing',
  +     '{"cartridge_id":"ashmere_missing_child","cartridge_version":"0.0.31","key":"priory_fen_axis","kind":"fact"}': 0,
  +     '{"cartridge_id":"ashmere_missing_child","cartridge_version":"0.0.31","key":"priory_tithe_delivered","kind":"fact"}': 'unoffered',
  +     '{"cartridge_id":"ashmere_missing_child","cartridge_version":"0.0.31","key":"rat_1_killed","kind":"fact"}': false,
  +     '{"cartridge_id":"ashmere_missing_child","cartridge_version":"0.0.31","key":"rat_2_killed","kind":"fact"}': false,
  +     '{"cartridge_id":"ashmere_missing_child","cartridge_version":"0.0.31","key":"rat_3_killed","kind":"fact"}': false,
  +     '{"cartridge_id":"ashmere_missing_child","cartridge_version":"0.0.31","key":"rat_4_killed","kind":"fact"}': false,
  +     '{"cartridge_id":"ashmere_missing_child","cartridge_version":"0.0.31","key":"rat_5_killed","kind":"fact"}': false,
  +     '{"cartridge_id":"ashmere_missing_child","cartridge_version":"0.0.31","key":"scene_bell_rung","kind":"fact"}': 0,
  +     '{"cartridge_id":"ashmere_missing_child","cartridge_version":"0.0.31","key":"scene_bell_silenced","kind":"fact"}': 0,
  +     '{"cartridge_id":"ashmere_missing_child","cartridge_version":"0.0.31","key":"scene_dream_of_the_fen","kind":"fact"}': 0,
  +     '{"cartridge_id":"ashmere_missing_child","cartridge_version":"0.0.31","key":"scene_epilogue_lost_prior","kind":"fact"}': 0,
  +     '{"cartridge_id":"ashmere_missing_child","cartridge_version":"0.0.31","key":"scene_epilogue_rescued_fox","kind":"fact"}': 0,
  +     '{"cartridge_id":"ashmere_missing_child","cartridge_version":"0.0.31","key":"scene_epilogue_rescued_prior","kind":"fact"}': 0,
  +     '{"cartridge_id":"ashmere_missing_child","cartridge_version":"0.0.31","key":"scene_epilogue_stays_fox","kind":"fact"}': 0,
  +     '{"cartridge_id":"ashmere_missing_child","cartridge_version":"0.0.31","key":"scene_epilogue_stays_prior","kind":"fact"}': 0,
  +     '{"cartridge_id":"ashmere_missing_child","cartridge_version":"0.0.31","key":"skill_dodge","kind":"fact"}': false,
  +     '{"cartridge_id":"ashmere_missing_child","cartridge_version":"0.0.31","key":"skill_swim","kind":"fact"}': false,
  +     '{"cartridge_id":"ashmere_missing_child","cartridge_version":"0.0.31","key":"skill_swords","kind":"fact"}': false,
  +     '{"cartridge_id":"ashmere_missing_child","cartridge_version":"0.0.31","key":"slept_at_lantern","kind":"fact"}': false,
  +     '{"cartridge_id":"ashmere_missing_child","cartridge_version":"0.0.31","key":"story_point_prologue_completed","kind":"fact"}': 'unreached',
  +     '{"cartridge_id":"ashmere_missing_child","cartridge_version":"0.0.31","key":"topic_bell_known","kind":"fact"}': false,
  +     '{"cartridge_id":"ashmere_missing_child","cartridge_version":"0.0.31","key":"topic_ward_known","kind":"fact"}': false,
  +     '{"cartridge_id":"ashmere_missing_child","cartridge_version":"0.0.31","key":"village_child_status","kind":"fact"}': 'missing',
  +     '{"cartridge_id":"ashmere_missing_child","cartridge_version":"0.0.31","key":"watch_gate_trusts_player","kind":"fact"}': false
  +   },
  +   fuelSpecs: {
  +     '65d77be3-068c-8eff-a84e-8b17a5777bcc': [Object: null prototype] {
  +       capacity: 7200,
  +       initial: 7200,
  +       kind: 'supply',
  +       unit: 'oil'
  +     },
  +     'f3de2a43-417f-8e67-86d1-a375231e01ed': [Object: null prototype] {
  +       capacity: 7200,
  +       doused: 'light.doused',
  +       ignited: 'light.ignited',
  +       initial: 7200,
  +       kind: 'source',
  +       rate: 1,
  +       refueled: 'light.refueled',
  +       supply: [Object: null prototype] {
  +         cartridge_id: 'ashmere_missing_child',
  +         cartridge_version: '0.0.31',
  +         key: 'lamp_oil',
  +         kind: 'item'
  +       },
  +       unit: 'oil'
  +     }
  +   },
  +   knownEntities: {
  +     '00a60498-0ca6-8137-8172-7101d3767e0c': {
  +       kind: 'item'
  +     },
  +     '040cd593-516a-8270-9e6d-7b49fe6a516a': {
  +       kind: 'npc'
  +     },
  +     '0556eeda-6c38-8679-bc0b-5a9848eba57a': {
  +       kind: 'item'
  +     },
  +     '05f6aca0-79cd-83fe-8096-bae95b0730e8': {
  +       kind: 'room'
  +     },
  +     '095f2582-fe61-8790-8a4d-01463a2975b7': {
  +       kind: 'npc'
  +     },
  +     '0dae9e17-24d1-8ced-9d1d-e55f7c1df768': {
  +       kind: 'detail'
  +     },
  +     '0f5f2329-bcff-82f4-948a-3d22a75fb068': {
  +       kind: 'room'
  +     },
  +     '10798f17-56fe-899f-b1f1-2165bc7aa94a': {
  +       kind: 'item'
  +     },
  +     '135ad56f-dfaa-8e43-985d-9dd1e051753b': {
  +       kind: 'item'
  +     },
  +     '13951eb1-f988-89b1-9bf2-a9fb73caa1bc': {
  +       kind: 'slot'
  +     },
  +     '13e64759-6fc3-8b88-ade5-56dbaa5d940d': {
  +       kind: 'npc'
  +     },
  +     '15076a66-097b-8dbc-85ec-bd166d6ecab9': {
  +       kind: 'item'
  +     },
  +     '15349791-fa65-81f7-b378-bb8212b808d2': {
  +       kind: 'room'
  +     },
  +     '169f9a28-2c18-8ffe-8c39-fdb5ddd42d67': {
  +       kind: 'room'
  +     },
  +     '18b273a9-3f9d-8800-a357-f40e2dbf2195': {
  +       kind: 'detail'
  +     },
  +     '192ab4e9-ab36-8b5c-bb12-50a93f8cacd2': {
  +       kind: 'detail'
  +     },
  +     '19785203-d373-8973-8e64-1a9d8e50be82': {
  +       kind: 'room'
  +     },
  +     '1a7c3699-2844-8a55-b29f-eac079c7bf50': {
  +       kind: 'room'
  +     },
  +     '1b2bc79f-64d7-8f86-86c4-b8ffe05ca5e2': {
  +       kind: 'detail'
  +     },
  +     '1d7cfec5-84d1-89df-b0f3-6a9e9852e647': {
  +       kind: 'npc'
  +     },
  +     '1d977082-84af-8453-b374-f8e9be74e514': {
  +       kind: 'detail'
  +     },
  +     '1f15fe56-3e56-8cfa-812b-1f231844c782': {
  +       kind: 'room'
  +     },
  +     '1ff34115-09bf-88cc-94fc-be3e623e9a19': {
  +       kind: 'item'
  +     },
  +     '21f61dc2-0501-8853-a8ff-88ed5dbd71b7': {
  +       kind: 'item'
  +     },
  +     '251e7a71-b5ad-8d22-858b-533e52cc5415': {
  +       kind: 'room'
  +     },
  +     '2603d738-5a68-83d2-93fe-8e50819f9741': {
  +       kind: 'room'
  +     },
  +     '2a07c1ae-7036-8a06-8426-de75078d79a3': {
  +       kind: 'npc'
  +     },
  +     '2a2d32e5-e113-8dca-a989-b9f1a35c4c78': {
  +       kind: 'room'
  +     },
  +     '2d522955-ddb6-8da2-8a2d-9819faa6d2b1': {
  +       kind: 'detail'
  +     },
  +     '2d75f5bd-a92e-8c56-97b0-652cdbf9ca62': {
  +       kind: 'item'
  +     },
  +     '2de11812-eff4-801c-9a6e-ab526f783330': {
  +       kind: 'detail'
  +     },
  +     '2ef35eee-f837-8b28-bea7-9748a332940a': {
  +       kind: 'room'
  +     },
  +     '308fdba0-75a4-8483-9ac3-7c91575c75c1': {
  +       kind: 'detail'
  +     },
  +     '30c00822-6fb5-833d-a05e-7787134bea59': {
  +       kind: 'item'
  +     },
  +     '311fd11c-f827-8829-93cc-8fb9d45780e7': {
  +       kind: 'detail'
  +     },
  +     '329aae20-7fc7-8e3d-9119-ad44c022c439': {
  +       kind: 'room'
  +     },
  +     '3592b213-4e3c-892f-bfca-e2653121110e': {
  +       kind: 'npc'
  +     },
  +     '35b6cc9c-b7d1-893b-9ba7-29c5447b8074': {
  +       kind: 'detail'
  +     },
  +     '37ef3668-8242-851e-94bc-66e562abebd7': {
  +       kind: 'item'
  +     },
  +     '385d5416-3de6-82e4-aae0-775164b045c2': {
  +       kind: 'item'
  +     },
  +     '3924002c-1621-899b-a2b3-c34d2c4cdcf1': {
  +       kind: 'item'
  +     },
  +     '3b60156f-75f9-8424-9ad0-59cbd9c0fd9c': {
  +       kind: 'room'
  +     },
  +     '3d4829ad-9e43-81ef-bc10-66b1b267e157': {
  +       kind: 'body',
  +       owner_id: 'bd595711-ea5f-89a5-abb0-046cd349d2f9'
  +     },
  +     '3f7be222-cc48-8fb0-b007-f6d17119bd7f': {
  +       kind: 'room'
  +     },
  +     '41f5d4b9-8494-82cd-b350-2650f8a9efd4': {
  +       kind: 'room'
  +     },
  +     '430c67c1-8c95-8bc2-8fae-84e23a486c3e': {
  +       kind: 'room'
  +     },
  +     '44819c06-9e90-8f1f-9f6c-87094560cc30': {
  +       kind: 'room'
  +     },
  +     '470b4175-5b92-89c1-bdac-645a128dc72f': {
  +       kind: 'room'
  +     },
  +     '478fa0c5-5e19-81ca-964f-9fa745503d4b': {
  +       kind: 'detail'
  +     },
  +     '48a8dc05-4012-86d8-9d24-e68f2d7317ac': {
  +       kind: 'item'
  +     },
  +     '48e925e9-3e80-821a-961b-285dfd4c0f7f': {
  +       kind: 'detail'
  +     },
  +     '4ab97506-6638-89ed-92ba-1dd9267d590b': {
  +       kind: 'detail'
  +     },
  +     '4c1926fa-026d-84bf-bed4-42760d1553dd': {
  +       kind: 'room'
  +     },
  +     '4c52acd0-a115-8aa7-8f2a-1a90fa463ca7': {
  +       kind: 'detail'
  +     },
  +     '4c9c088a-aede-8ef6-906d-8bc0a9bc1701': {
  +       kind: 'npc'
  +     },
  +     '4eec3894-027a-8584-9797-f7fdcd3641e5': {
  +       kind: 'consumed'
  +     },
  +     '51db588e-5bdf-8d22-b1ba-602568a6ad5b': {
  +       kind: 'detail'
  +     },
  +     '53a9dd69-4a95-87dc-9acb-554acd36770d': {
  +       kind: 'detail'
  +     },
  +     '5618d912-3e17-8488-a2e6-0927cff37eb5': {
  +       kind: 'npc'
  +     },
  +     '56362445-0a33-8900-9bd2-1cfa0e0e1cfb': {
  +       kind: 'item'
  +     },
  +     '58935a9a-fada-894c-978c-607047afbc25': {
  +       kind: 'item'
  +     },
  +     '58cfbca8-0448-8e2e-af98-49d0a71d1a04': {
  +       kind: 'room'
  +     },
  +     '58ee172d-aa6f-8023-a3c1-a1d46af6d167': {
  +       kind: 'room'
  +     },
  +     '5ce172d0-4fa9-8ded-bde5-0f32bc984fcc': {
  +       kind: 'npc'
  +     },
  +     '609faefb-5552-8610-86e8-4b614753ee04': {
  +       kind: 'room'
  +     },
  +     '619363b4-697f-8e0d-ae4a-5208a285a460': {
  +       kind: 'slot'
  +     },
  +     '63441f36-3a9b-8b10-9acd-43f4b5e634c7': {
  +       kind: 'slot'
  +     },
  +     '635dd81f-7dee-8017-a1ce-ba4049a60174': {
  +       kind: 'room'
  +     },
  +     '6514913d-4eee-8eae-857e-c5bd36d48735': {
  +       kind: 'detail'
  +     },
  +     '65271e0f-75a2-82f3-a0a7-a15f7418ae6a': {
  +       kind: 'room'
  +     },
  +     '65d77be3-068c-8eff-a84e-8b17a5777bcc': {
  +       kind: 'item'
  +     },
  +     '676a7640-aee6-8d70-a326-ed19a6d9a130': {
  +       kind: 'item'
  +     },
  +     '695264ac-d0fd-8ff9-a2ce-a5bc68ecd3e8': {
  +       kind: 'item'
  +     },
  +     '699d2010-15a3-8a4a-936b-e8e55b4fa065': {
  +       kind: 'npc'
  +     },
  +     '6a70d262-b6ea-8b64-9809-ec7f79d1521e': {
  +       kind: 'room'
  +     },
  +     '6b2b9c4f-6781-82f4-a079-908def5908f6': {
  +       kind: 'slot'
  +     },
  +     '6c939a35-4efc-8a5c-8bc7-00f4c42bdfc2': {
  +       kind: 'item'
  +     },
  +     '71697171-efcc-8028-9a88-60b32e4a73ad': {
  +       kind: 'room'
  +     },
  +     '73239b47-e139-8175-9373-e192e96ad419': {
  +       kind: 'item'
  +     },
  +     '73868cdd-0749-8a27-877e-1059c7fcbd74': {
  +       kind: 'item'
  +     },
  +     '7561d6c2-0c34-8719-9bc2-6851f7b04682': {
  +       edible: true,
  +       kind: 'item'
  +     },
  +     '76a59aff-d11c-8bcd-875e-43097d20b3b2': {
  +       kind: 'detail'
  +     },
  +     '79854351-b43a-85e0-a50d-72c7ba29e197': {
  +       kind: 'detail'
  +     },
  +     '7a1941ef-f5c1-8d29-9d98-a148ea7e0d64': {
  +       kind: 'room'
  +     },
  +     '7aa6c88d-bb91-86bf-add6-146962885046': {
  +       kind: 'item'
  +     },
  +     '7d88a524-5246-885e-a937-f6be4219ad48': {
  +       kind: 'room'
  +     },
  +     '7e36bf9c-d2fa-876f-aa4f-7cc991ac48b0': {
  +       kind: 'room'
  +     },
  +     '84fd3cbf-5a89-8680-bea7-cf44e790ff8c': {
  +       kind: 'item'
  +     },
  +     '86b28f4e-f743-87f8-8375-2ead5c2c295c': {
  +       kind: 'room'
  +     },
  +     '887efed7-40bb-8854-8ece-640e45e3e5d4': {
  +       kind: 'item'
  +     },
  +     '89854665-aaa3-821b-a01c-6ca566ef983a': {
  +       kind: 'detail'
  +     },
  +     '8a20c3d3-0f0f-84ec-b058-d27c85d5ba17': {
  +       kind: 'room'
  +     },
  +     '8cbac3ab-b59e-823a-90ae-6f7935e3b763': {
  +       kind: 'npc'
  +     },
  +     '91dc36d6-58da-89cb-be0d-64940e791e80': {
  +       kind: 'npc'
  +     },
  +     '91de55c4-b469-873b-abb9-334cce88d6a9': {
  +       kind: 'item'
  +     },
  +     '91fde0fc-dd14-846f-826e-245e45d16ec7': {
  +       kind: 'room'
  +     },
  +     '953a909b-3a29-8c5c-9e3f-4105b9a47c4b': {
  +       kind: 'room'
  +     },
  +     '96959e17-0504-835b-8968-b091fda108b6': {
  +       kind: 'item'
  +     },
  +     '9c59c35a-a2b2-89d8-ad5c-7e43bf6a7c5a': {
  +       kind: 'detail'
  +     },
  +     'a1451e93-408d-8bbb-8485-a3c04b023270': {
  +       kind: 'npc'
  +     },
  +     'a41582c6-b5eb-846f-b138-ea39dc49e797': {
  +       edible: true,
  +       kind: 'item'
  +     },
  +     'a443f590-c8d3-86d8-9972-75e09b637bed': {
  +       kind: 'room'
  +     },
  +     'a7749537-b626-8535-82ba-69330478c06f': {
  +       kind: 'npc'
  +     },
  +     'a843bbb3-846a-8dce-ade2-36356c37c183': {
  +       kind: 'item'
  +     },
  +     'aa3ddc23-4cd4-8c1c-9619-627eca1fe15c': {
  +       kind: 'npc'
  +     },
  +     'aae69ad9-ea5d-8dc0-b84a-5b427bedb688': {
  +       kind: 'room'
  +     },
  +     'ab8a8c57-b23a-8814-9cf6-293d9141c078': {
  +       kind: 'detail'
  +     },
  +     'aecc745c-f218-8b1f-bc81-7685a73295c0': {
  +       kind: 'detail'
  +     },
  +     'aee0aa7b-c6a9-8407-98aa-26c5384f4bea': {
  +       kind: 'room'
  +     },
  +     'b03b53e3-456d-8c7a-b056-ff22f4adf06d': {
  +       kind: 'room'
  +     },
  +     'b0711280-2a6c-8b4e-844c-3e902e0c2184': {
  +       kind: 'room'
  +     },
  +     'b0abb6c3-7896-807a-a308-5f6ee0ddd150': {
  +       kind: 'item'
  +     },
  +     'b303069b-00e7-8e90-9241-9392c7c6bd7d': {
  +       kind: 'item'
  +     },
  +     'b3b7a7a6-b9e6-8d9c-82a2-c9cc728e3462': {
  +       kind: 'room'
  +     },
  +     'b449f807-96d1-8fb8-9304-c45553d7e4f2': {
  +       kind: 'npc'
  +     },
  +     'b45f7385-6cf5-800d-b604-1dc7bab19891': {
  +       kind: 'item'
  +     },
  +     'b53e677f-7d1b-8954-bab9-d66f7acf1f09': {
  +       kind: 'npc'
  +     },
  +     'b59d54de-ea10-84e1-964c-16d1c776e738': {
  +       kind: 'room'
  +     },
  +     'b887681c-2d13-8cab-a2e3-6b4388ee0dd9': {
  +       kind: 'item'
  +     },
  +     'b8ed867e-f3e4-857a-a9cd-7fc283bc71a2': {
  +       kind: 'detail'
  +     },
  +     'b9181a03-2e08-88cc-8cb0-c137170489b8': {
  +       kind: 'room'
  +     },
  +     'b98193c5-44c9-8ea4-9b9d-600c2aa84ebb': {
  +       kind: 'item'
  +     },
  +     'bb12a796-8060-8b15-bf03-cb94459ded6e': {
  +       kind: 'detail'
  +     },
  +     'bb23fa9b-1a4a-85de-a4e5-9689db3cdc84': {
  +       kind: 'detail'
  +     },
  +     'bb3d1241-f191-84a0-949a-1f061efceee3': {
  +       kind: 'room'
  +     },
  +     'bea306fb-2b58-847c-a4e0-045f9d13b739': {
  +       kind: 'item'
  +     },
  +     'c2911a55-31ab-8851-9e0d-a41f68dc9df8': {
  +       kind: 'detail'
  +     },
  +     'c2dcc404-9fda-84ea-af86-4596e9beb2d6': {
  +       kind: 'npc'
  +     },
  +     'c502e9fc-8929-89a9-bf2d-3fbc2927aebf': {
  +       kind: 'detail'
  +     },
  +     'c735ddfb-fc9d-866a-b5e0-1feb5a516bf6': {
  +       kind: 'item'
  +     },
  +     'ca9abb6b-add9-8496-9f83-3c6069959fb6': {
  +       kind: 'item'
  +     },
  +     'cf0d9c5d-717d-8796-b5f0-095efed5e284': {
  +       kind: 'item'
  +     },
  +     'd530207e-b845-8be5-9d53-b44b2cf5d8a1': {
  +       kind: 'room'
  +     },
  +     'd56fa105-a2b8-8760-a46c-d0c78dbed920': {
  +       kind: 'detail'
  +     },
  +     'd68b48e6-93a5-8899-81ec-808f7be333f8': {
  +       kind: 'room'
  +     },
  +     'd72e86a8-d96d-81da-b47f-ee8097d9290d': {
  +       kind: 'item'
  +     },
  +     'd74bfe67-ee0c-839e-b5e1-ef2095ae3109': {
  +       kind: 'item'
  +     },
  +     'd7e286c7-c344-8eef-8aa6-94a781d448bd': {
  +       kind: 'room'
  +     },
  +     'dc0af619-e9bf-881e-8f32-9098160c25f4': {
  +       kind: 'detail'
  +     },
  +     'dce25ff1-322e-80ae-8f48-e0c4062c2783': {
  +       kind: 'item'
  +     },
  +     'dd8c6f46-accd-87e3-af31-b0caf37caeeb': {
  +       kind: 'npc'
  +     },
  +     'deefcfd1-0955-825a-bd67-e8f03665a8f3': {
  +       kind: 'item'
  +     },
  +     'e1f06e4a-2ae6-8f75-bb0b-b0a2e8370be0': {
  +       kind: 'item'
  +     },
  +     'e26d5050-0ec1-8ec4-a164-209a07f75784': {
  +       kind: 'item'
  +     },
  +     'e368b8b9-c4a5-8d0e-82a0-da17e2d59fe2': {
  +       kind: 'room'
  +     },
  +     'e3d910f1-e91f-81c4-b647-6b5590597af2': {
  +       edible: true,
  +       kind: 'item'
  +     },
  +     'e89b9f79-f8a1-8062-a340-1996b92e8a39': {
  +       kind: 'npc'
  +     },
  +     'e918a5af-fc77-8a97-86ea-4a5ac3047213': {
  +       kind: 'room'
  +     },
  +     'ec91fb58-3e69-84ae-ae0c-8e970e6d3dc3': {
  +       kind: 'detail'
  +     },
  +     'ee88876f-e173-89bf-b354-fa9b2ddb3f0b': {
  +       kind: 'item'
  +     },
  +     'f0e76c82-d099-811e-a6ba-caef3f2615e9': {
  +       kind: 'item'
  +     },
  +     'f14e477f-cecc-897a-bee7-c573aa5c76c3': {
  +       kind: 'room'
  +     },
  +     'f1af1320-32d6-83ce-9ba2-9c107b5ecc56': {
  +       kind: 'npc'
  +     },
  +     'f34698e2-c92c-841a-b0bd-da6883e9c111': {
  +       kind: 'room'
  +     },
  +     'f3c7442b-1155-8f9a-8482-3a4f621a90fd': {
  +       kind: 'npc'
  +     },
  +     'f3de2a43-417f-8e67-86d1-a375231e01ed': {
  +       kind: 'item'
  +     },
  +     'f6fc60a2-0eb4-8a50-8ed8-38cd3dbd0f1a': {
  +       kind: 'item'
  +     },
  +     'f9f5ff00-b852-83ff-97b4-b54072c401bd': {
  +       kind: 'item'
  +     },
  +     'fae561a6-53e6-8a8c-bd7c-19430abda2ac': {
  +       kind: 'npc'
  +     },
  +     'fe8a933a-59bb-8e0c-b129-e40cd6678f85': {
  +       kind: 'item'
  +     },
  +     'ff864ad5-cd56-80c8-9392-dc88bdc28fd2': {
  +       kind: 'room'
  +     }
  +   },
  +   liquidSpecs: {
  +     '135ad56f-dfaa-8e43-985d-9dd1e051753b': {
  +       capacity: 4,
  +       kinds: [
  +         {
  +           cartridge_id: 'ashmere_missing_child',
  +           cartridge_version: '0.0.31',
  +           key: 'ale',
  +           kind: 'liquid'
  +         },
  +         {
  +           cartridge_id: 'ashmere_missing_child',
  +           cartridge_version: '0.0.31',
  +           key: 'water',
  +           kind: 'liquid'
  +         }
  +       ]
  +     },
  +     'd74bfe67-ee0c-839e-b5e1-ef2095ae3109': {
  +       capacity: 4,
  +       kinds: [
  +         {
  +           cartridge_id: 'ashmere_missing_child',
  +           cartridge_version: '0.0.31',
  +           key: 'ale',
  +           kind: 'liquid'
  +         },
  +         {
  +           cartridge_id: 'ashmere_missing_child',
  +           cartridge_version: '0.0.31',
  +           key: 'water',
  +           kind: 'liquid'
  +         }
  +       ]
  +     },
  +     'f6fc60a2-0eb4-8a50-8ed8-38cd3dbd0f1a': {
  +       capacity: 4,
  +       kinds: [
  +         {
  +           cartridge_id: 'ashmere_missing_child',
  +           cartridge_version: '0.0.31',
  +           key: 'ale',
  +           kind: 'liquid'
  +         },
  +         {
  +           cartridge_id: 'ashmere_missing_child',
  +           cartridge_version: '0.0.31',
  +           key: 'water',
  +           kind: 'liquid'
  +         }
  +       ]
  +     }
  +   },
  +   populationSpecs: {
  +     '{"cartridge_id":"ashmere_missing_child","cartridge_version":"0.0.31","key":"fen_hounds","kind":"population"}': {
  +       bundle: [Object: null prototype] {
  +         cartridge_id: 'ashmere_missing_child',
  +         cartridge_version: '0.0.31',
  +         key: 'fen_hounds',
  +         kind: 'population_bundle'
  +       },
  +       cap: 6,
  +       corpse: [Object: null prototype] {
  +         cartridge_id: 'ashmere_missing_child',
  +         cartridge_version: '0.0.31',
  +         key: 'hound_corpse',
  +         kind: 'item'
  +       },
  +       home: '2603d738-5a68-83d2-93fe-8e50819f9741',
  +       hound: [Object: null prototype] {
  +         cartridge_id: 'ashmere_missing_child',
  +         cartridge_version: '0.0.31',
  +         key: 'fen_hound',
  +         kind: 'npc'
  +       },
  +       hp: {
  +         gain: 0,
  +         key: 'hp',
  +         maximum: 8,
  +         minimum: 0,
  +         start: 8
  +       },
  +       pelt: [Object: null prototype] {
  +         cartridge_id: 'ashmere_missing_child',
  +         cartridge_version: '0.0.31',
  +         key: 'hound_pelt',
  +         kind: 'item'
  +       },
  +       plan: [Object: null prototype] {
  +         area: [
  +           [Object: null prototype] {
  +             cartridge_id: 'ashmere_missing_child',
  +             cartridge_version: '0.0.31',
  +             key: 'hound_run',
  +             kind: 'room'
  +           },
  +           [Object: null prototype] {
  +             cartridge_id: 'ashmere_missing_child',
  +             cartridge_version: '0.0.31',
  +             key: 'adder_nest',
  +             kind: 'room'
  +           }
  +         ],
  +         bundle: [Object: null prototype] {
  +           cartridge_id: 'ashmere_missing_child',
  +           cartridge_version: '0.0.31',
  +           key: 'fen_hounds',
  +           kind: 'population_bundle'
  +         },
  +         cap: 6,
  +         day_target: 4,
  +         home: [Object: null prototype] {
  +           cartridge_id: 'ashmere_missing_child',
  +           cartridge_version: '0.0.31',
  +           key: 'hound_run',
  +           kind: 'room'
  +         },
  +         key: 'fen_hounds',
  +         night_end: 6,
  +         night_start: 20,
  +         night_target: 6,
  +         replacement_delay: 86400,
  +         wander_interval: 3600
  +       }
  +     }
  +   },
  +   resourceSpecs: {
  +     '{"cartridge_id":"ashmere_missing_child","cartridge_version":"0.0.31","key":"hp","kind":"resource"}': [Object: null prototype] {
  +       gain: 5,
  +       gain_every: 3600,
  +       key: 'hp',
  +       maximum: 10,
  +       minimum: 0,
  +       start: 10
  +     },
  +     '{"cartridge_id":"ashmere_missing_child","cartridge_version":"0.0.31","key":"lantern_meals","kind":"resource"}': [Object: null prototype] {
  +       gain: 0,
  +       key: 'lantern_meals',
  +       maximum: 4,
  +       minimum: 0,
  +       start: 0
  +     },
  +     '{"cartridge_id":"ashmere_missing_child","cartridge_version":"0.0.31","key":"ma","kind":"resource"}': [Object: null prototype] {
  +       gain: 4,
  +       gain_every: 3600,
  +       key: 'ma',
  +       maximum: 100,
  +       minimum: 0,
  +       start: 100
  +     },
  +     '{"cartridge_id":"ashmere_missing_child","cartridge_version":"0.0.31","key":"mv","kind":"resource"}': [Object: null prototype] {
  +       bands: [
  +         [Object: null prototype] {
  +           at_percent: 100,
  +           key: 'mv_ready',
  +           tone: 'normal'
  +         },
  +         [Object: null prototype] {
  +           at_percent: 75,
  +           key: 'steady',
  +           tone: 'normal'
  +         },
  +         [Object: null prototype] {
  +           at_percent: 25,
  +           key: 'tired',
  +           tone: 'warning'
  +         },
  +         [Object: null prototype] {
  +           at_percent: 0,
  +           key: 'exhausted',
  +           tone: 'danger'
  +         }
  +       ],
  +       gain: 18,
  +       key: 'mv',
  +       maximum: 100,
  +       minimum: 0,
  +       regen: [Object: null prototype] {
  +         by_position: [Object: null prototype] {
  +           resting: 36,
  +           sitting: 18,
  +           sleeping: 36,
  +           standing: 18
  +         },
  +         every: 3600
  +       },
  +       start: 50
  +     },
  +     '{"cartridge_id":"ashmere_missing_child","cartridge_version":"0.0.31","key":"pennies","kind":"resource"}': [Object: null prototype] {
  +       gain: 0,
  +       key: 'pennies',
  +       maximum: 1000,
  +       minimum: 0,
  +       start: 20
  +     }
  +   },
  +   roomIds: {
  +     'ashmere_missing_child@0.0.31:room/adder_nest': '1a7c3699-2844-8a55-b29f-eac079c7bf50',
  +     'ashmere_missing_child@0.0.31:room/belfry': '91fde0fc-dd14-846f-826e-245e45d16ec7',
  +     'ashmere_missing_child@0.0.31:room/bell_tower': '953a909b-3a29-8c5c-9e3f-4105b9a47c4b',
  +     'ashmere_missing_child@0.0.31:room/black_pool': 'ff864ad5-cd56-80c8-9392-dc88bdc28fd2',
  +     'ashmere_missing_child@0.0.31:room/boathouse': '6a70d262-b6ea-8b64-9809-ec7f79d1521e',
  +     'ashmere_missing_child@0.0.31:room/chandler': '0f5f2329-bcff-82f4-948a-3d22a75fb068',
  +     'ashmere_missing_child@0.0.31:room/chandler_storeroom': 'd530207e-b845-8be5-9d53-b44b2cf5d8a1',
  +     'ashmere_missing_child@0.0.31:room/chapel_nave': '2ef35eee-f837-8b28-bea7-9748a332940a',
  +     'ashmere_missing_child@0.0.31:room/chapel_steps': '470b4175-5b92-89c1-bdac-645a128dc72f',
  +     'ashmere_missing_child@0.0.31:room/cloister': 'f34698e2-c92c-841a-b0bd-da6883e9c111',
  +     'ashmere_missing_child@0.0.31:room/drowned_lantern': '15349791-fa65-81f7-b378-bb8212b808d2',
  +     'ashmere_missing_child@0.0.31:room/drowned_oak': 'e368b8b9-c4a5-8d0e-82a0-da17e2d59fe2',
  +     'ashmere_missing_child@0.0.31:room/east_gate': 'd7e286c7-c344-8eef-8aa6-94a781d448bd',
  +     'ashmere_missing_child@0.0.31:room/elspeth_cottage': '251e7a71-b5ad-8d22-858b-533e52cc5415',
  +     'ashmere_missing_child@0.0.31:room/fen_isle_landing': 'b0711280-2a6c-8b4e-844c-3e902e0c2184',
  +     'ashmere_missing_child@0.0.31:room/ferry_landing': '58cfbca8-0448-8e2e-af98-49d0a71d1a04',
  +     'ashmere_missing_child@0.0.31:room/fishing_shallows': 'f14e477f-cecc-897a-bee7-c573aa5c76c3',
  +     'ashmere_missing_child@0.0.31:room/fox_den_deep': '58ee172d-aa6f-8023-a3c1-a1d46af6d167',
  +     'ashmere_missing_child@0.0.31:room/fox_hollow': '19785203-d373-8973-8e64-1a9d8e50be82',
  +     'ashmere_missing_child@0.0.31:room/gate_tower': '05f6aca0-79cd-83fe-8096-bae95b0730e8',
  +     'ashmere_missing_child@0.0.31:room/herb_garden': 'd68b48e6-93a5-8899-81ec-808f7be333f8',
  +     'ashmere_missing_child@0.0.31:room/hound_run': '2603d738-5a68-83d2-93fe-8e50819f9741',
  +     'ashmere_missing_child@0.0.31:room/hut_loft': '86b28f4e-f743-87f8-8375-2ead5c2c295c',
  +     'ashmere_missing_child@0.0.31:room/infirmary': 'b59d54de-ea10-84e1-964c-16d1c776e738',
  +     'ashmere_missing_child@0.0.31:room/inn_attic': 'b9181a03-2e08-88cc-8cb0-c137170489b8',
  +     'ashmere_missing_child@0.0.31:room/inn_rooms': '169f9a28-2c18-8ffe-8c39-fdb5ddd42d67',
  +     'ashmere_missing_child@0.0.31:room/isle_hut': '71697171-efcc-8028-9a88-60b32e4a73ad',
  +     'ashmere_missing_child@0.0.31:room/isle_shrine': 'aae69ad9-ea5d-8dc0-b84a-5b427bedb688',
  +     'ashmere_missing_child@0.0.31:room/kitchen_garden': 'e918a5af-fc77-8a97-86ea-4a5ac3047213',
  +     'ashmere_missing_child@0.0.31:room/lantern_cellar': 'a443f590-c8d3-86d8-9972-75e09b637bed',
  +     'ashmere_missing_child@0.0.31:room/marsh_light': '8a20c3d3-0f0f-84ec-b058-d27c85d5ba17',
  +     'ashmere_missing_child@0.0.31:room/mire_crossing': '2a2d32e5-e113-8dca-a989-b9f1a35c4c78',
  +     'ashmere_missing_child@0.0.31:room/north_gate': 'b3b7a7a6-b9e6-8d9c-82a2-c9cc728e3462',
  +     'ashmere_missing_child@0.0.31:room/oak_branches': '1f15fe56-3e56-8cfa-812b-1f231844c782',
  +     'ashmere_missing_child@0.0.31:room/oak_crown': '329aae20-7fc7-8e3d-9119-ad44c022c439',
  +     'ashmere_missing_child@0.0.31:room/old_causeway': '7a1941ef-f5c1-8d29-9d98-a148ea7e0d64',
  +     'ashmere_missing_child@0.0.31:room/orchard': '609faefb-5552-8610-86e8-4b614753ee04',
  +     'ashmere_missing_child@0.0.31:room/prior_study': '7e36bf9c-d2fa-876f-aa4f-7cc991ac48b0',
  +     'ashmere_missing_child@0.0.31:room/reed_bank': '7d88a524-5246-885e-a937-f6be4219ad48',
  +     'ashmere_missing_child@0.0.31:room/reed_path': 'b03b53e3-456d-8c7a-b056-ff22f4adf06d',
  +     'ashmere_missing_child@0.0.31:room/scriptorium': '635dd81f-7dee-8017-a1ce-ba4049a60174',
  +     'ashmere_missing_child@0.0.31:room/smithy': 'bb3d1241-f191-84a0-949a-1f061efceee3',
  +     'ashmere_missing_child@0.0.31:room/spire': '3b60156f-75f9-8424-9ad0-59cbd9c0fd9c',
  +     'ashmere_missing_child@0.0.31:room/tide_flats': '44819c06-9e90-8f1f-9f6c-87094560cc30',
  +     'ashmere_missing_child@0.0.31:room/village_green': '4c1926fa-026d-84bf-bed4-42760d1553dd',
  +     'ashmere_missing_child@0.0.31:room/watch_cell': '430c67c1-8c95-8bc2-8fae-84e23a486c3e',
  +     'ashmere_missing_child@0.0.31:room/watch_post': '65271e0f-75a2-82f3-a0a7-a15f7418ae6a',
  +     'ashmere_missing_child@0.0.31:room/well_lane': '41f5d4b9-8494-82cd-b350-2650f8a9efd4',
  +     'ashmere_missing_child@0.0.31:room/well_shaft': 'aee0aa7b-c6a9-8407-98aa-26c5384f4bea',
  +     'ashmere_missing_child@0.0.31:room/willow_shade': '3f7be222-cc48-8fb0-b007-f6d17119bd7f'
  +   },
  +   rooms: {
  +     '05f6aca0-79cd-83fe-8096-bae95b0730e8': [Object: null prototype] {
  +       description: 'room.gate_tower.description',
  +       exits: [Object: null prototype] {
  +         down: [Object: null prototype] {
  +           to: [Object: null prototype] {
  +             cartridge_id: 'ashmere_missing_child',
  +             cartridge_version: '0.0.31',
  +             key: 'watch_post',
  +             kind: 'room'
  +           }
  +         }
  +       },
  +       key: 'gate_tower',
  +       title: 'room.gate_tower.title'
  +     },
  +     '0f5f2329-bcff-82f4-948a-3d22a75fb068': [Object: null prototype] {
  +       description: 'room.chandler.description',
  +       exits: [Object: null prototype] {
  +         down: [Object: null prototype] {
  +           to: [Object: null prototype] {
  +             cartridge_id: 'ashmere_missing_child',
  +             cartridge_version: '0.0.31',
  +             key: 'chandler_storeroom',
  +             kind: 'room'
  +           }
  +         },
  +         east: [Object: null prototype] {
  +           to: [Object: null prototype] {
  +             cartridge_id: 'ashmere_missing_child',
  +             cartridge_version: '0.0.31',
  +             key: 'well_lane',
  +             kind: 'room'
  +           }
  +         }
  +       },
  +       key: 'chandler',
  +       title: 'room.chandler.title'
  +     },
  +     '15349791-fa65-81f7-b378-bb8212b808d2': [Object: null prototype] {
  +       description: 'room.drowned_lantern.description',
  +       details: [Object: null prototype] {
  +         cellar_help: [Object: null prototype] {
  +           aliases: [
  +             'cellar_help'
  +           ],
  +           description: 'detail.cellar_help.description',
  +           readable: [Object: null prototype] {
  +             label: 'actions.read_cellar_help',
  +             text: 'readable.cellar_help'
  +           }
  +         },
  +         lost_whistle: [Object: null prototype] {
  +           aliases: [
  +             'lost_whistle'
  +           ],
  +           description: 'detail.lost_whistle.description',
  +           readable: [Object: null prototype] {
  +             label: 'actions.read_lost_whistle',
  +             text: 'readable.lost_whistle'
  +           }
  +         },
  +         rumor_board: [Object: null prototype] {
  +           aliases: [
  +             'rumor_board',
  +             'board'
  +           ],
  +           description: 'detail.rumor_board.description',
  +           notice_board: [Object: null prototype] {
  +             notices: [
  +               [Object: null prototype] {
  +                 detail: 'lost_whistle',
  +                 title: 'detail.lost_whistle.title'
  +               },
  +               [Object: null prototype] {
  +                 detail: 'cellar_help',
  +                 title: 'detail.cellar_help.title'
  +               }
  +             ],
  +             title: 'detail.rumor_board.title'
  +           }
  +         }
  +       },
  +       exits: [Object: null prototype] {
  +         down: [Object: null prototype] {
  +           to: [Object: null prototype] {
  +             cartridge_id: 'ashmere_missing_child',
  +             cartridge_version: '0.0.31',
  +             key: 'lantern_cellar',
  +             kind: 'room'
  +           }
  +         },
  +         up: [Object: null prototype] {
  +           to: [Object: null prototype] {
  +             cartridge_id: 'ashmere_missing_child',
  +             cartridge_version: '0.0.31',
  +             key: 'inn_rooms',
  +             kind: 'room'
  +           }
  +         },
  +         west: [Object: null prototype] {
  +           to: [Object: null prototype] {
  +             cartridge_id: 'ashmere_missing_child',
  +             cartridge_version: '0.0.31',
  +             key: 'well_lane',
  +             kind: 'room'
  +           }
  +         }
  +       },
  +       key: 'drowned_lantern',
  +       title: 'room.drowned_lantern.title'
  +     },
  +     '169f9a28-2c18-8ffe-8c39-fdb5ddd42d67': [Object: null prototype] {
  +       description: 'room.inn_rooms.description',
  +       details: [Object: null prototype] {
  +         bed: [Object: null prototype] {
  +           aliases: [
  +             'bed'
  +           ],
  +           bed: [Object: null prototype] {
  +             entitlement: [Object: null prototype] {
  +               cartridge_id: 'ashmere_missing_child',
  +               cartridge_version: '0.0.31',
  +               key: 'lantern_bed_paid',
  +               kind: 'fact'
  +             },
  +             title: 'detail.bed.title'
  +           },
  +           description: 'detail.bed.free',
  +           variants: [
  +             [Object: null prototype] {
  +               description: 'detail.bed.paid',
  +               when: [Object: null prototype] {
  +                 policy_version: 1,
  +                 root: [Object: null prototype] {
  +                   equals: true,
  +                   fact: [Object: null prototype] {
  +                     cartridge_id: 'ashmere_missing_child',
  +                     cartridge_version: '0.0.31',
  +                     key: 'lantern_bed_paid',
  +                     kind: 'fact'
  +                   },
  +                   op: 'fact_compare'
  +                 }
  +               }
  +             }
  +           ]
  +         }
  +       },
  +       exits: [Object: null prototype] {
  +         down: [Object: null prototype] {
  +           to: [Object: null prototype] {
  +             cartridge_id: 'ashmere_missing_child',
  +             cartridge_version: '0.0.31',
  +             key: 'drowned_lantern',
  +             kind: 'room'
  +           }
  +         },
  +         up: [Object: null prototype] {
  +           to: [Object: null prototype] {
  +             cartridge_id: 'ashmere_missing_child',
  +             cartridge_version: '0.0.31',
  +             key: 'inn_attic',
  +             kind: 'room'
  +           }
  +         }
  +       },
  +       key: 'inn_rooms',
  +       title: 'room.inn_rooms.title'
  +     },
  +     '19785203-d373-8973-8e64-1a9d8e50be82': [Object: null prototype] {
  +       description: 'room.fox_hollow.description',
  +       details: [Object: null prototype] {
  +         hollow: [Object: null prototype] {
  +           aliases: [
  +             'hollow'
  +           ],
  +           description: 'detail.hollow.description',
  +           readable: [Object: null prototype] {
  +             label: 'actions.read_hollow',
  +             text: 'readable.hollow',
  +             title: 'detail.hollow.title'
  +           }
  +         }
  +       },
  +       exits: [Object: null prototype] {
  +         down: [Object: null prototype] {
  +           to: [Object: null prototype] {
  +             cartridge_id: 'ashmere_missing_child',
  +             cartridge_version: '0.0.31',
  +             key: 'fox_den_deep',
  +             kind: 'room'
  +           }
  +         },
  +         north: [Object: null prototype] {
  +           to: [Object: null prototype] {
  +             cartridge_id: 'ashmere_missing_child',
  +             cartridge_version: '0.0.31',
  +             key: 'mire_crossing',
  +             kind: 'room'
  +           }
  +         },
  +         west: [Object: null prototype] {
  +           to: [Object: null prototype] {
  +             cartridge_id: 'ashmere_missing_child',
  +             cartridge_version: '0.0.31',
  +             key: 'black_pool',
  +             kind: 'room'
  +           }
  +         }
  +       },
  +       key: 'fox_hollow',
  +       title: 'room.fox_hollow.title'
  +     },
  +     '1a7c3699-2844-8a55-b29f-eac079c7bf50': [Object: null prototype] {
  +       description: 'room.adder_nest.description',
  +       details: [Object: null prototype] {
  +         empty_nest: [Object: null prototype] {
  +           aliases: [
  +             'empty_nest',
  +             'nest'
  +           ],
  +           description: 'detail.empty_nest.description'
  +         }
  +       },
  +       exits: [Object: null prototype] {
  +         west: [Object: null prototype] {
  +           to: [Object: null prototype] {
  +             cartridge_id: 'ashmere_missing_child',
  +             cartridge_version: '0.0.31',
  +             key: 'hound_run',
  +             kind: 'room'
  +           }
  +         }
  +       },
  +       key: 'adder_nest',
  +       title: 'room.adder_nest.title'
  +     },
  +     '1f15fe56-3e56-8cfa-812b-1f231844c782': [Object: null prototype] {
  +       description: 'room.oak_branches.description',
  +       exits: [Object: null prototype] {
  +         down: [Object: null prototype] {
  +           to: [Object: null prototype] {
  +             cartridge_id: 'ashmere_missing_child',
  +             cartridge_version: '0.0.31',
  +             key: 'drowned_oak',
  +             kind: 'room'
  +           }
  +         },
  +         up: [Object: null prototype] {
  +           to: [Object: null prototype] {
  +             cartridge_id: 'ashmere_missing_child',
  +             cartridge_version: '0.0.31',
  +             key: 'oak_crown',
  +             kind: 'room'
  +           }
  +         }
  +       },
  +       key: 'oak_branches',
  +       title: 'room.oak_branches.title'
  +     },
  +     '251e7a71-b5ad-8d22-858b-533e52cc5415': [Object: null prototype] {
  +       description: 'room.elspeth_cottage.description',
  +       details: [Object: null prototype] {
  +         cot: [Object: null prototype] {
  +           aliases: [
  +             'cot'
  +           ],
  +           description: 'detail.elspeth_cottage.cot.description',
  +           variants: [
  +             [Object: null prototype] {
  +               description: 'detail.elspeth_cottage.cot.rescued',
  +               when: [Object: null prototype] {
  +                 policy_version: 1,
  +                 root: [Object: null prototype] {
  +                   equals: 'rescued',
  +                   fact: [Object: null prototype] {
  +                     cartridge_id: 'ashmere_missing_child',
  +                     cartridge_version: '0.0.31',
  +                     key: 'village_child_status',
  +                     kind: 'fact'
  +                   },
  +                   op: 'fact_compare'
  +                 }
  +               }
  +             },
  +             [Object: null prototype] {
  +               description: 'detail.elspeth_cottage.cot.stays',
  +               when: [Object: null prototype] {
  +                 policy_version: 1,
  +                 root: [Object: null prototype] {
  +                   equals: 'stays',
  +                   fact: [Object: null prototype] {
  +                     cartridge_id: 'ashmere_missing_child',
  +                     cartridge_version: '0.0.31',
  +                     key: 'village_child_status',
  +                     kind: 'fact'
  +                   },
  +                   op: 'fact_compare'
  +                 }
  +               }
  +             },
  +             [Object: null prototype] {
  +               description: 'detail.elspeth_cottage.cot.lost',
  +               when: [Object: null prototype] {
  +                 policy_version: 1,
  +                 root: [Object: null prototype] {
  +                   equals: 'lost',
  +                   fact: [Object: null prototype] {
  +                     cartridge_id: 'ashmere_missing_child',
  +                     cartridge_version: '0.0.31',
  +                     key: 'village_child_status',
  +                     kind: 'fact'
  +                   },
  +                   op: 'fact_compare'
  +                 }
  +               }
  +             }
  +           ]
  +         },
  +         hearth: [Object: null prototype] {
  +           aliases: [
  +             'hearth'
  +           ],
  +           description: 'detail.elspeth_cottage.hearth.description'
  +         }
  +       },
  +       exits: [Object: null prototype] {
  +         east: [Object: null prototype] {
  +           to: [Object: null prototype] {
  +             cartridge_id: 'ashmere_missing_child',
  +             cartridge_version: '0.0.31',
  +             key: 'north_gate',
  +             kind: 'room'
  +           }
  +         }
  +       },
  +       key: 'elspeth_cottage',
  +       title: 'room.elspeth_cottage.title',
  +       variants: [
  +         [Object: null prototype] {
  +           description: 'room.elspeth_cottage.rescued',
  +           when: [Object: null prototype] {
  +             policy_version: 1,
  +             root: [Object: null prototype] {
  +               equals: 'rescued',
  +               fact: [Object: null prototype] {
  +                 cartridge_id: 'ashmere_missing_child',
  +                 cartridge_version: '0.0.31',
  +                 key: 'village_child_status',
  +                 kind: 'fact'
  +               },
  +               op: 'fact_compare'
  +             }
  +           }
  +         },
  +         [Object: null prototype] {
  +           description: 'room.elspeth_cottage.stays',
  +           when: [Object: null prototype] {
  +             policy_version: 1,
  +             root: [Object: null prototype] {
  +               equals: 'stays',
  +               fact: [Object: null prototype] {
  +                 cartridge_id: 'ashmere_missing_child',
  +                 cartridge_version: '0.0.31',
  +                 key: 'village_child_status',
  +                 kind: 'fact'
  +               },
  +               op: 'fact_compare'
  +             }
  +           }
  +         },
  +         [Object: null prototype] {
  +           description: 'room.elspeth_cottage.lost',
  +           when: [Object: null prototype] {
  +             policy_version: 1,
  +             root: [Object: null prototype] {
  +               equals: 'lost',
  +               fact: [Object: null prototype] {
  +                 cartridge_id: 'ashmere_missing_child',
  +                 cartridge_version: '0.0.31',
  +                 key: 'village_child_status',
  +                 kind: 'fact'
  +               },
  +               op: 'fact_compare'
  +             }
  +           }
  +         }
  +       ]
  +     },
  +     '2603d738-5a68-83d2-93fe-8e50819f9741': [Object: null prototype] {
  +       description: 'room.hound_run.description',
  +       details: [Object: null prototype] {
  +         gnawed_bones: [Object: null prototype] {
  +           aliases: [
  +             'gnawed_bones',
  +             'bones'
  +           ],
  +           description: 'detail.gnawed_bones.description'
  +         }
  +       },
  +       exits: [Object: null prototype] {
  +         east: [Object: null prototype] {
  +           to: [Object: null prototype] {
  +             cartridge_id: 'ashmere_missing_child',
  +             cartridge_version: '0.0.31',
  +             key: 'adder_nest',
  +             kind: 'room'
  +           }
  +         },
  +         west: [Object: null prototype] {
  +           to: [Object: null prototype] {
  +             cartridge_id: 'ashmere_missing_child',
  +             cartridge_version: '0.0.31',
  +             key: 'reed_bank',
  +             kind: 'room'
  +           }
  +         }
  +       },
  +       key: 'hound_run',
  +       title: 'room.hound_run.title'
  +     },
  +     '2a2d32e5-e113-8dca-a989-b9f1a35c4c78': [Object: null prototype] {
  +       description: 'room.mire_crossing.description',
  +       details: [Object: null prototype] {
  +         plank: [Object: null prototype] {
  +           aliases: [
  +             'plank'
  +           ],
  +           description: 'detail.plank.description',
  +           readable: [Object: null prototype] {
  +             label: 'actions.read_plank',
  +             text: 'readable.plank',
  +             title: 'detail.plank.title'
  +           }
  +         }
  +       },
  +       exits: [Object: null prototype] {
  +         east: [Object: null prototype] {
  +           to: [Object: null prototype] {
  +             cartridge_id: 'ashmere_missing_child',
  +             cartridge_version: '0.0.31',
  +             key: 'marsh_light',
  +             kind: 'room'
  +           }
  +         },
  +         north: [Object: null prototype] {
  +           to: [Object: null prototype] {
  +             cartridge_id: 'ashmere_missing_child',
  +             cartridge_version: '0.0.31',
  +             key: 'reed_bank',
  +             kind: 'room'
  +           }
  +         },
  +         south: [Object: null prototype] {
  +           to: [Object: null prototype] {
  +             cartridge_id: 'ashmere_missing_child',
  +             cartridge_version: '0.0.31',
  +             key: 'fox_hollow',
  +             kind: 'room'
  +           }
  +         },
  +         west: [Object: null prototype] {
  +           to: [Object: null prototype] {
  +             cartridge_id: 'ashmere_missing_child',
  +             cartridge_version: '0.0.31',
  +             key: 'drowned_oak',
  +             kind: 'room'
  +           }
  +         }
  +       },
  +       key: 'mire_crossing',
  +       title: 'room.mire_crossing.title'
  +     },
  +     '2ef35eee-f837-8b28-bea7-9748a332940a': [Object: null prototype] {
  +       description: 'room.chapel_nave.description',
  +       exits: [Object: null prototype] {
  +         north: [Object: null prototype] {
  +           to: [Object: null prototype] {
  +             cartridge_id: 'ashmere_missing_child',
  +             cartridge_version: '0.0.31',
  +             key: 'cloister',
  +             kind: 'room'
  +           }
  +         },
  +         south: [Object: null prototype] {
  +           to: [Object: null prototype] {
  +             cartridge_id: 'ashmere_missing_child',
  +             cartridge_version: '0.0.31',
  +             key: 'chapel_steps',
  +             kind: 'room'
  +           }
  +         },
  +         up: [Object: null prototype] {
  +           to: [Object: null prototype] {
  +             cartridge_id: 'ashmere_missing_child',
  +             cartridge_version: '0.0.31',
  +             key: 'bell_tower',
  +             kind: 'room'
  +           }
  +         },
  +         west: [Object: null prototype] {
  +           to: [Object: null prototype] {
  +             cartridge_id: 'ashmere_missing_child',
  +             cartridge_version: '0.0.31',
  +             key: 'prior_study',
  +             kind: 'room'
  +           }
  +         }
  +       },
  +       key: 'chapel_nave',
  +       sanctuary: true,
  +       title: 'room.chapel_nave.title'
  +     },
  +     '329aae20-7fc7-8e3d-9119-ad44c022c439': [Object: null prototype] {
  +       description: 'room.oak_crown.description',
  +       exits: [Object: null prototype] {
  +         down: [Object: null prototype] {
  +           to: [Object: null prototype] {
  +             cartridge_id: 'ashmere_missing_child',
  +             cartridge_version: '0.0.31',
  +             key: 'oak_branches',
  +             kind: 'room'
  +           }
  +         }
  +       },
  +       key: 'oak_crown',
  +       title: 'room.oak_crown.title'
  +     },
  +     '3b60156f-75f9-8424-9ad0-59cbd9c0fd9c': [Object: null prototype] {
  +       description: 'room.spire.description',
  +       exits: [Object: null prototype] {
  +         down: [Object: null prototype] {
  +           to: [Object: null prototype] {
  +             cartridge_id: 'ashmere_missing_child',
  +             cartridge_version: '0.0.31',
  +             key: 'belfry',
  +             kind: 'room'
  +           }
  +         }
  +       },
  +       key: 'spire',
  +       title: 'room.spire.title'
  +     },
  +     '3f7be222-cc48-8fb0-b007-f6d17119bd7f': [Object: null prototype] {
  +       description: 'room.willow_shade.description',
  +       details: [Object: null prototype] {
  +         fenwort_patch: [Object: null prototype] {
  +           aliases: [
  +             'fenwort_patch',
  +             'fenwort',
  +             'patch'
  +           ],
  +           description: 'detail.fenwort_patch.description',
  +           harvest: [Object: null prototype] {
  +             items: [
  +               [Object: null prototype] {
  +                 cartridge_id: 'ashmere_missing_child',
  +                 cartridge_version: '0.0.31',
  +                 key: 'fenwort_01',
  +                 kind: 'item'
  +               },
  +               [Object: null prototype] {
  +                 cartridge_id: 'ashmere_missing_child',
  +                 cartridge_version: '0.0.31',
  +                 key: 'fenwort_02',
  +                 kind: 'item'
  +               },
  +               [Object: null prototype] {
  +                 cartridge_id: 'ashmere_missing_child',
  +                 cartridge_version: '0.0.31',
  +                 key: 'fenwort_03',
  +                 kind: 'item'
  +               },
  +               [Object: null prototype] {
  +                 cartridge_id: 'ashmere_missing_child',
  +                 cartridge_version: '0.0.31',
  +                 key: 'fenwort_04',
  +                 kind: 'item'
  +               },
  +               [Object: null prototype] {
  +                 cartridge_id: 'ashmere_missing_child',
  +                 cartridge_version: '0.0.31',
  +                 key: 'fenwort_05',
  +                 kind: 'item'
  +               },
  +               [Object: null prototype] {
  +                 cartridge_id: 'ashmere_missing_child',
  +                 cartridge_version: '0.0.31',
  +                 key: 'fenwort_06',
  +                 kind: 'item'
  +               },
  +               [Object: null prototype] {
  +                 cartridge_id: 'ashmere_missing_child',
  +                 cartridge_version: '0.0.31',
  +                 key: 'fenwort_07',
  +                 kind: 'item'
  +               },
  +               [Object: null prototype] {
  +                 cartridge_id: 'ashmere_missing_child',
  +                 cartridge_version: '0.0.31',
  +                 key: 'fenwort_08',
  +                 kind: 'item'
  +               },
  +               [Object: null prototype] {
  +                 cartridge_id: 'ashmere_missing_child',
  +                 cartridge_version: '0.0.31',
  +                 key: 'fenwort_09',
  +                 kind: 'item'
  +               },
  +               [Object: null prototype] {
  +                 cartridge_id: 'ashmere_missing_child',
  +                 cartridge_version: '0.0.31',
  +                 key: 'fenwort_10',
  +                 kind: 'item'
  +               },
  +               [Object: null prototype] {
  +                 cartridge_id: 'ashmere_missing_child',
  +                 cartridge_version: '0.0.31',
  +                 key: 'fenwort_11',
  +                 kind: 'item'
  +               },
  +               [Object: null prototype] {
  +                 cartridge_id: 'ashmere_missing_child',
  +                 cartridge_version: '0.0.31',
  +                 key: 'fenwort_12',
  +                 kind: 'item'
  +               }
  +             ],
  +             label: 'action.harvest',
  +             narration: 'narration.harvest',
  +             title: 'detail.fenwort_patch.title'
  +           }
  +         }
  +       },
  +       exits: [Object: null prototype] {
  +         east: [Object: null prototype] {
  +           to: [Object: null prototype] {
  +             cartridge_id: 'ashmere_missing_child',
  +             cartridge_version: '0.0.31',
  +             key: 'reed_bank',
  +             kind: 'room'
  +           }
  +         },
  +         south: [Object: null prototype] {
  +           to: [Object: null prototype] {
  +             cartridge_id: 'ashmere_missing_child',
  +             cartridge_version: '0.0.31',
  +             key: 'drowned_oak',
  +             kind: 'room'
  +           }
  +         }
  +       },
  +       key: 'willow_shade',
  +       title: 'room.willow_shade.title'
  +     },
  +     '41f5d4b9-8494-82cd-b350-2650f8a9efd4': [Object: null prototype] {
  +       description: 'room.well_lane.description',
  +       details: [Object: null prototype] {
  +         well: [Object: null prototype] {
  +           aliases: [
  +             'well',
  +             'water'
  +           ],
  +           description: 'detail.well.description',
  +           liquid_source: [Object: null prototype] {
  +             cartridge_id: 'ashmere_missing_child',
  +             cartridge_version: '0.0.31',
  +             key: 'water',
  +             kind: 'liquid'
  +           },
  +           readable: [Object: null prototype] {
  +             label: 'detail.well.read',
  +             text: 'detail.well.description',
  +             title: 'detail.well.title'
  +           }
  +         }
  +       },
  +       exits: [Object: null prototype] {
  +         down: [Object: null prototype] {
  +           to: [Object: null prototype] {
  +             cartridge_id: 'ashmere_missing_child',
  +             cartridge_version: '0.0.31',
  +             key: 'well_shaft',
  +             kind: 'room'
  +           }
  +         },
  +         east: [Object: null prototype] {
  +           to: [Object: null prototype] {
  +             cartridge_id: 'ashmere_missing_child',
  +             cartridge_version: '0.0.31',
  +             key: 'drowned_lantern',
  +             kind: 'room'
  +           }
  +         },
  +         north: [Object: null prototype] {
  +           to: [Object: null prototype] {
  +             cartridge_id: 'ashmere_missing_child',
  +             cartridge_version: '0.0.31',
  +             key: 'village_green',
  +             kind: 'room'
  +           }
  +         },
  +         south: [Object: null prototype] {
  +           to: [Object: null prototype] {
  +             cartridge_id: 'ashmere_missing_child',
  +             cartridge_version: '0.0.31',
  +             key: 'ferry_landing',
  +             kind: 'room'
  +           }
  +         },
  +         west: [Object: null prototype] {
  +           to: [Object: null prototype] {
  +             cartridge_id: 'ashmere_missing_child',
  +             cartridge_version: '0.0.31',
  +             key: 'chandler',
  +             kind: 'room'
  +           }
  +         }
  +       },
  +       key: 'well_lane',
  +       title: 'room.well_lane.title'
  +     },
  +     '430c67c1-8c95-8bc2-8fae-84e23a486c3e': [Object: null prototype] {
  +       description: 'room.watch_cell.description',
  +       exits: [Object: null prototype] {
  +         west: [Object: null prototype] {
  +           to: [Object: null prototype] {
  +             cartridge_id: 'ashmere_missing_child',
  +             cartridge_version: '0.0.31',
  +             key: 'watch_post',
  +             kind: 'room'
  +           }
  +         }
  +       },
  +       key: 'watch_cell',
  +       title: 'room.watch_cell.title'
  +     },
  +     '44819c06-9e90-8f1f-9f6c-87094560cc30': [Object: null prototype] {
  +       description: 'room.tide_flats.description',
  +       exits: [Object: null prototype] {
  +         west: [Object: null prototype] {
  +           to: [Object: null prototype] {
  +             cartridge_id: 'ashmere_missing_child',
  +             cartridge_version: '0.0.31',
  +             key: 'old_causeway',
  +             kind: 'room'
  +           }
  +         }
  +       },
  +       key: 'tide_flats',
  +       title: 'room.tide_flats.title'
  +     },
  +     '470b4175-5b92-89c1-bdac-645a128dc72f': [Object: null prototype] {
  +       description: 'room.chapel_steps.description',
  +       exits: [Object: null prototype] {
  +         north: [Object: null prototype] {
  +           to: [Object: null prototype] {
  +             cartridge_id: 'ashmere_missing_child',
  +             cartridge_version: '0.0.31',
  +             key: 'chapel_nave',
  +             kind: 'room'
  +           }
  +         },
  +         south: [Object: null prototype] {
  +           to: [Object: null prototype] {
  +             cartridge_id: 'ashmere_missing_child',
  +             cartridge_version: '0.0.31',
  +             key: 'north_gate',
  +             kind: 'room'
  +           }
  +         }
  +       },
  +       key: 'chapel_steps',
  +       title: 'room.chapel_steps.title'
  +     },
  +     '4c1926fa-026d-84bf-bed4-42760d1553dd': [Object: null prototype] {
  +       description: 'room.village_green.description',
  +       details: [Object: null prototype] {
  +         market_cross: [Object: null prototype] {
  +           aliases: [
  +             'market_cross',
  +             'cross'
  +           ],
  +           description: 'detail.market_cross.description'
  +         }
  +       },
  +       exits: [Object: null prototype] {
  +         east: [Object: null prototype] {
  +           to: [Object: null prototype] {
  +             cartridge_id: 'ashmere_missing_child',
  +             cartridge_version: '0.0.31',
  +             key: 'east_gate',
  +             kind: 'room'
  +           }
  +         },
  +         north: [Object: null prototype] {
  +           to: [Object: null prototype] {
  +             cartridge_id: 'ashmere_missing_child',
  +             cartridge_version: '0.0.31',
  +             key: 'north_gate',
  +             kind: 'room'
  +           }
  +         },
  +         south: [Object: null prototype] {
  +           to: [Object: null prototype] {
  +             cartridge_id: 'ashmere_missing_child',
  +             cartridge_version: '0.0.31',
  +             key: 'well_lane',
  +             kind: 'room'
  +           }
  +         },
  +         west: [Object: null prototype] {
  +           to: [Object: null prototype] {
  +             cartridge_id: 'ashmere_missing_child',
  +             cartridge_version: '0.0.31',
  +             key: 'smithy',
  +             kind: 'room'
  +           }
  +         }
  +       },
  +       key: 'village_green',
  +       title: 'room.village_green.title',
  +       variants: [
  +         [Object: null prototype] {
  +           description: 'room.village_green.lost',
  +           when: [Object: null prototype] {
  +             policy_version: 1,
  +             root: [Object: null prototype] {
  +               equals: 'lost',
  +               fact: [Object: null prototype] {
  +                 cartridge_id: 'ashmere_missing_child',
  +                 cartridge_version: '0.0.31',
  +                 key: 'village_child_status',
  +                 kind: 'fact'
  +               },
  +               op: 'fact_compare'
  +             }
  +           }
  +         },
  +         [Object: null prototype] {
  +           description: 'room.village_green.rescued',
  +           when: [Object: null prototype] {
  +             policy_version: 1,
  +             root: [Object: null prototype] {
  +               items: [
  +                 [Object: null prototype] {
  +                   equals: 'rescued',
  +                   fact: [Object: null prototype] {
  +                     cartridge_id: 'ashmere_missing_child',
  +                     cartridge_version: '0.0.31',
  +                     key: 'village_child_status',
  +                     kind: 'fact'
  +                   },
  +                   op: 'fact_compare'
  +                 }
  +               ],
  +               op: 'all'
  +             }
  +           }
  +         },
  +         [Object: null prototype] {
  +           description: 'room.village_green.stays',
  +           when: [Object: null prototype] {
  +             policy_version: 1,
  +             root: [Object: null prototype] {
  +               items: [
  +                 [Object: null prototype] {
  +                   equals: 'stays',
  +                   fact: [Object: null prototype] {
  +                     cartridge_id: 'ashmere_missing_child',
  +                     cartridge_version: '0.0.31',
  +                     key: 'village_child_status',
  +                     kind: 'fact'
  +                   },
  +                   op: 'fact_compare'
  +                 }
  +               ],
  +               op: 'all'
  +             }
  +           }
  +         }
  +       ]
  +     },
  +     '58cfbca8-0448-8e2e-af98-49d0a71d1a04': [Object: null prototype] {
  +       description: 'room.ferry_landing.description',
  +       details: [Object: null prototype] {
  +         notice: [Object: null prototype] {
  +           aliases: [
  +             'notice',
  +             'landing_notice'
  +           ],
  +           description: 'detail.notice.description',
  +           readable: [Object: null prototype] {
  +             label: 'actions.read_notice',
  +             text: 'readable.notice',
  +             title: 'detail.notice.title'
  +           }
  +         }
  +       },
  +       exits: [Object: null prototype] {
  +         north: [Object: null prototype] {
  +           to: [Object: null prototype] {
  +             cartridge_id: 'ashmere_missing_child',
  +             cartridge_version: '0.0.31',
  +             key: 'well_lane',
  +             kind: 'room'
  +           }
  +         },
  +         south: [Object: null prototype] {
  +           to: [Object: null prototype] {
  +             cartridge_id: 'ashmere_missing_child',
  +             cartridge_version: '0.0.31',
  +             key: 'reed_path',
  +             kind: 'room'
  +           }
  +         },
  +         west: [Object: null prototype] {
  +           to: [Object: null prototype] {
  +             cartridge_id: 'ashmere_missing_child',
  +             cartridge_version: '0.0.31',
  +             key: 'boathouse',
  +             kind: 'room'
  +           }
  +         }
  +       },
  +       key: 'ferry_landing',
  +       title: 'room.ferry_landing.title'
  +     },
  +     '58ee172d-aa6f-8023-a3c1-a1d46af6d167': [Object: null prototype] {
  +       description: 'room.fox_den_deep.description',
  +       details: [Object: null prototype] {
  +         ward_stone: [Object: null prototype] {
  +           aliases: [
  +             'stone',
  +             'ward',
  +             'ward_stone'
  +           ],
  +           description: 'detail.ward_stone.description',
  +           readable: [Object: null prototype] {
  +             label: 'actions.read_ward_stone',
  +             text: 'readable.ward_stone',
  +             title: 'detail.ward_stone.title'
  +           }
  +         }
  +       },
  +       exits: [Object: null prototype] {
  +         up: [Object: null prototype] {
  +           to: [Object: null prototype] {
  +             cartridge_id: 'ashmere_missing_child',
  +             cartridge_version: '0.0.31',
  +             key: 'fox_hollow',
  +             kind: 'room'
  +           }
  +         }
  +       },
  +       key: 'fox_den_deep',
  +       title: 'room.fox_den_deep.title'
  +     },
  +     '609faefb-5552-8610-86e8-4b614753ee04': [Object: null prototype] {
  +       description: 'room.orchard.description',
  +       details: [Object: null prototype] {
  +         apple_trees: [Object: null prototype] {
  +           aliases: [
  +             'apple_trees',
  +             'trees',
  +             'apples'
  +           ],
  +           description: 'detail.orchard.apple_trees.description',
  +           harvest: [Object: null prototype] {
  +             items: [
  +               [Object: null prototype] {
  +                 cartridge_id: 'ashmere_missing_child',
  +                 cartridge_version: '0.0.31',
  +                 key: 'apple_01',
  +                 kind: 'item'
  +               },
  +               [Object: null prototype] {
  +                 cartridge_id: 'ashmere_missing_child',
  +                 cartridge_version: '0.0.31',
  +                 key: 'apple_02',
  +                 kind: 'item'
  +               },
  +               [Object: null prototype] {
  +                 cartridge_id: 'ashmere_missing_child',
  +                 cartridge_version: '0.0.31',
  +                 key: 'apple_03',
  +                 kind: 'item'
  +               }
  +             ],
  +             label: 'action.forage',
  +             narration: 'narration.forage_apple',
  +             title: 'detail.apple_trees.title'
  +           }
  +         },
  +         beehive: [Object: null prototype] {
  +           aliases: [
  +             'beehive'
  +           ],
  +           description: 'detail.orchard.beehive.description'
  +         }
  +       },
  +       exits: [Object: null prototype] {
  +         east: [Object: null prototype] {
  +           to: [Object: null prototype] {
  +             cartridge_id: 'ashmere_missing_child',
  +             cartridge_version: '0.0.31',
  +             key: 'smithy',
  +             kind: 'room'
  +           }
  +         }
  +       },
  +       key: 'orchard',
  +       title: 'room.orchard.title'
  +     },
  +     '635dd81f-7dee-8017-a1ce-ba4049a60174': [Object: null prototype] {
  +       description: 'room.scriptorium.description',
  +       exits: [Object: null prototype] {
  +         east: [Object: null prototype] {
  +           to: [Object: null prototype] {
  +             cartridge_id: 'ashmere_missing_child',
  +             cartridge_version: '0.0.31',
  +             key: 'cloister',
  +             kind: 'room'
  +           }
  +         },
  +         west: [Object: null prototype] {
  +           to: [Object: null prototype] {
  +             cartridge_id: 'ashmere_missing_child',
  +             cartridge_version: '0.0.31',
  +             key: 'kitchen_garden',
  +             kind: 'room'
  +           }
  +         }
  +       },
  +       key: 'scriptorium',
  +       title: 'room.scriptorium.title'
  +     },
  +     '65271e0f-75a2-82f3-a0a7-a15f7418ae6a': [Object: null prototype] {
  +       description: 'room.watch_post.description',
  +       details: [Object: null prototype] {
  +         duty_roster: [Object: null prototype] {
  +           aliases: [
  +             'duty_roster'
  +           ],
  +           description: 'detail.duty_roster.description',
  +           readable: [Object: null prototype] {
  +             label: 'actions.read_duty_roster',
  +             text: 'readable.duty_roster',
  +             title: 'detail.duty_roster.title'
  +           }
  +         }
  +       },
  +       exits: [Object: null prototype] {
  +         east: [Object: null prototype] {
  +           to: [Object: null prototype] {
  +             cartridge_id: 'ashmere_missing_child',
  +             cartridge_version: '0.0.31',
  +             key: 'watch_cell',
  +             kind: 'room'
  +           }
  +         },
  +         up: [Object: null prototype] {
  +           to: [Object: null prototype] {
  +             cartridge_id: 'ashmere_missing_child',
  +             cartridge_version: '0.0.31',
  +             key: 'gate_tower',
  +             kind: 'room'
  +           }
  +         },
  +         west: [Object: null prototype] {
  +           to: [Object: null prototype] {
  +             cartridge_id: 'ashmere_missing_child',
  +             cartridge_version: '0.0.31',
  +             key: 'north_gate',
  +             kind: 'room'
  +           }
  +         }
  +       },
  +       key: 'watch_post',
  +       title: 'room.watch_post.title'
  +     },
  +     '6a70d262-b6ea-8b64-9809-ec7f79d1521e': [Object: null prototype] {
  +       description: 'room.boathouse.description',
  +       details: [Object: null prototype] {
  +         ferry: [Object: null prototype] {
  +           aliases: [
  +             'ferry',
  +             'rope_ferry'
  +           ],
  +           description: 'detail.fen_outbound.description',
  +           transport: [Object: null prototype] {
  +             route: [Object: null prototype] {
  +               cartridge_id: 'ashmere_missing_child',
  +               cartridge_version: '0.0.31',
  +               key: 'fen_outbound',
  +               kind: 'transport'
  +             },
  +             title: 'detail.ferry.title'
  +           }
  +         }
  +       },
  +       exits: [Object: null prototype] {
  +         east: [Object: null prototype] {
  +           to: [Object: null prototype] {
  +             cartridge_id: 'ashmere_missing_child',
  +             cartridge_version: '0.0.31',
  +             key: 'ferry_landing',
  +             kind: 'room'
  +           }
  +         }
  +       },
  +       key: 'boathouse',
  +       title: 'room.boathouse.title'
  +     },
  +     '71697171-efcc-8028-9a88-60b32e4a73ad': [Object: null prototype] {
  +       description: 'room.isle_hut.description',
  +       exits: [Object: null prototype] {
  +         east: [Object: null prototype] {
  +           to: [Object: null prototype] {
  +             cartridge_id: 'ashmere_missing_child',
  +             cartridge_version: '0.0.31',
  +             key: 'herb_garden',
  +             kind: 'room'
  +           }
  +         },
  +         up: [Object: null prototype] {
  +           to: [Object: null prototype] {
  +             cartridge_id: 'ashmere_missing_child',
  +             cartridge_version: '0.0.31',
  +             key: 'hut_loft',
  +             kind: 'room'
  +           }
  +         },
  +         west: [Object: null prototype] {
  +           to: [Object: null prototype] {
  +             cartridge_id: 'ashmere_missing_child',
  +             cartridge_version: '0.0.31',
  +             key: 'fen_isle_landing',
  +             kind: 'room'
  +           }
  +         }
  +       },
  +       key: 'isle_hut',
  +       title: 'room.isle_hut.title'
  +     },
  +     '7a1941ef-f5c1-8d29-9d98-a148ea7e0d64': [Object: null prototype] {
  +       description: 'room.old_causeway.description',
  +       details: [Object: null prototype] {
  +         carved_fox: [Object: null prototype] {
  +           aliases: [
  +             'fox'
  +           ],
  +           description: 'detail.carved_fox.description'
  +         }
  +       },
  +       exits: [Object: null prototype] {
  +         east: [Object: null prototype] {
  +           to: [Object: null prototype] {
  +             cartridge_id: 'ashmere_missing_child',
  +             cartridge_version: '0.0.31',
  +             key: 'tide_flats',
  +             kind: 'room'
  +           }
  +         },
  +         north: [Object: null prototype] {
  +           to: [Object: null prototype] {
  +             cartridge_id: 'ashmere_missing_child',
  +             cartridge_version: '0.0.31',
  +             key: 'marsh_light',
  +             kind: 'room'
  +           }
  +         }
  +       },
  +       key: 'old_causeway',
  +       title: 'room.old_causeway.title'
  +     },
  +     '7d88a524-5246-885e-a937-f6be4219ad48': [Object: null prototype] {
  +       description: 'room.reed_bank.description',
  +       details: [Object: null prototype] {
  +         tracks: [Object: null prototype] {
  +           aliases: [
  +             'tracks'
  +           ],
  +           description: 'detail.tracks.description',
  +           readable: [Object: null prototype] {
  +             label: 'actions.read_tracks',
  +             text: 'readable.tracks',
  +             title: 'detail.tracks.title'
  +           }
  +         }
  +       },
  +       exits: [Object: null prototype] {
  +         east: [Object: null prototype] {
  +           to: [Object: null prototype] {
  +             cartridge_id: 'ashmere_missing_child',
  +             cartridge_version: '0.0.31',
  +             key: 'hound_run',
  +             kind: 'room'
  +           }
  +         },
  +         north: [Object: null prototype] {
  +           to: [Object: null prototype] {
  +             cartridge_id: 'ashmere_missing_child',
  +             cartridge_version: '0.0.31',
  +             key: 'reed_path',
  +             kind: 'room'
  +           }
  +         },
  +         south: [Object: null prototype] {
  +           to: [Object: null prototype] {
  +             cartridge_id: 'ashmere_missing_child',
  +             cartridge_version: '0.0.31',
  +             key: 'mire_crossing',
  +             kind: 'room'
  +           }
  +         },
  +         west: [Object: null prototype] {
  +           to: [Object: null prototype] {
  +             cartridge_id: 'ashmere_missing_child',
  +             cartridge_version: '0.0.31',
  +             key: 'willow_shade',
  +             kind: 'room'
  +           }
  +         }
  +       },
  +       key: 'reed_bank',
  +       title: 'room.reed_bank.title'
  +     },
  +     '7e36bf9c-d2fa-876f-aa4f-7cc991ac48b0': [Object: null prototype] {
  +       description: 'room.prior_study.description',
  +       exits: [Object: null prototype] {
  +         east: [Object: null prototype] {
  +           to: [Object: null prototype] {
  +             cartridge_id: 'ashmere_missing_child',
  +             cartridge_version: '0.0.31',
  +             key: 'chapel_nave',
  +             kind: 'room'
  +           }
  +         }
  +       },
  +       key: 'prior_study',
  +       title: 'room.prior_study.title'
  +     },
  +     '86b28f4e-f743-87f8-8375-2ead5c2c295c': [Object: null prototype] {
  +       dark_description: 'room.hut_loft.dark',
  +       description: 'room.hut_loft.description',
  +       exits: [Object: null prototype] {
  +         down: [Object: null prototype] {
  +           to: [Object: null prototype] {
  +             cartridge_id: 'ashmere_missing_child',
  +             cartridge_version: '0.0.31',
  +             key: 'isle_hut',
  +             kind: 'room'
  +           }
  +         }
  +       },
  +       key: 'hut_loft',
  +       title: 'room.hut_loft.title'
  +     },
  +     '8a20c3d3-0f0f-84ec-b058-d27c85d5ba17': [Object: null prototype] {
  +       dark_description: 'room.marsh_light.dark',
  +       description: 'room.marsh_light.description',
  +       details: [Object: null prototype] {
  +         glow: [Object: null prototype] {
  +           aliases: [
  +             'glow',
  +             'wisp'
  +           ],
  +           description: 'detail.glow.description',
  +           perception: [Object: null prototype] {
  +             self_luminous: true,
  +             title: 'detail.glow.title'
  +           }
  +         },
  +         reeds: [Object: null prototype] {
  +           aliases: [
  +             'reeds'
  +           ],
  +           description: 'detail.marsh_reeds.description'
  +         }
  +       },
  +       exits: [Object: null prototype] {
  +         south: [Object: null prototype] {
  +           to: [Object: null prototype] {
  +             cartridge_id: 'ashmere_missing_child',
  +             cartridge_version: '0.0.31',
  +             key: 'old_causeway',
  +             kind: 'room'
  +           }
  +         },
  +         west: [Object: null prototype] {
  +           to: [Object: null prototype] {
  +             cartridge_id: 'ashmere_missing_child',
  +             cartridge_version: '0.0.31',
  +             key: 'mire_crossing',
  +             kind: 'room'
  +           }
  +         }
  +       },
  +       key: 'marsh_light',
  +       title: 'room.marsh_light.title'
  +     },
  +     '91fde0fc-dd14-846f-826e-245e45d16ec7': [Object: null prototype] {
  +       description: 'room.belfry.description',
  +       details: [Object: null prototype] {
  +         bell: [Object: null prototype] {
  +           aliases: [
  +             'bell'
  +           ],
  +           description: 'detail.bell.description',
  +           readable: [Object: null prototype] {
  +             label: 'actions.read_bell',
  +             text: 'readable.bell',
  +             title: 'detail.bell.title'
  +           }
  +         }
  +       },
  +       exits: [Object: null prototype] {
  +         down: [Object: null prototype] {
  +           to: [Object: null prototype] {
  +             cartridge_id: 'ashmere_missing_child',
  +             cartridge_version: '0.0.31',
  +             key: 'bell_tower',
  +             kind: 'room'
  +           }
  +         },
  +         up: [Object: null prototype] {
  +           to: [Object: null prototype] {
  +             cartridge_id: 'ashmere_missing_child',
  +             cartridge_version: '0.0.31',
  +             key: 'spire',
  +             kind: 'room'
  +           }
  +         }
  +       },
  +       key: 'belfry',
  +       title: 'room.belfry.title'
  +     },
  +     '953a909b-3a29-8c5c-9e3f-4105b9a47c4b': [Object: null prototype] {
  +       description: 'room.bell_tower.description',
  +       exits: [Object: null prototype] {
  +         down: [Object: null prototype] {
  +           to: [Object: null prototype] {
  +             cartridge_id: 'ashmere_missing_child',
  +             cartridge_version: '0.0.31',
  +             key: 'chapel_nave',
  +             kind: 'room'
  +           }
  +         },
  +         up: [Object: null prototype] {
  +           to: [Object: null prototype] {
  +             cartridge_id: 'ashmere_missing_child',
  +             cartridge_version: '0.0.31',
  +             key: 'belfry',
  +             kind: 'room'
  +           }
  +         }
  +       },
  +       key: 'bell_tower',
  +       title: 'room.bell_tower.title'
  +     },
  +     'a443f590-c8d3-86d8-9972-75e09b637bed': [Object: null prototype] {
  +       description: 'room.lantern_cellar.description',
  +       exits: [Object: null prototype] {
  +         up: [Object: null prototype] {
  +           to: [Object: null prototype] {
  +             cartridge_id: 'ashmere_missing_child',
  +             cartridge_version: '0.0.31',
  +             key: 'drowned_lantern',
  +             kind: 'room'
  +           }
  +         }
  +       },
  +       key: 'lantern_cellar',
  +       title: 'room.lantern_cellar.title'
  +     },
  +     'aae69ad9-ea5d-8dc0-b84a-5b427bedb688': [Object: null prototype] {
  +       description: 'room.isle_shrine.description',
  +       exits: [Object: null prototype] {
  +         north: [Object: null prototype] {
  +           to: [Object: null prototype] {
  +             cartridge_id: 'ashmere_missing_child',
  +             cartridge_version: '0.0.31',
  +             key: 'fen_isle_landing',
  +             kind: 'room'
  +           }
  +         }
  +       },
  +       key: 'isle_shrine',
  +       title: 'room.isle_shrine.title'
  +     },
  +     'aee0aa7b-c6a9-8407-98aa-26c5384f4bea': [Object: null prototype] {
  +       dark_description: 'room.well_shaft.dark',
  +       description: 'room.well_shaft.description',
  +       details: [Object: null prototype] {
  +         masonry: [Object: null prototype] {
  +           aliases: [
  +             'masonry',
  +             'stonework'
  +           ],
  +           description: 'detail.masonry.description'
  +         }
  +       },
  +       exits: [Object: null prototype] {
  +         up: [Object: null prototype] {
  +           to: [Object: null prototype] {
  +             cartridge_id: 'ashmere_missing_child',
  +             cartridge_version: '0.0.31',
  +             key: 'well_lane',
  +             kind: 'room'
  +           }
  +         }
  +       },
  +       key: 'well_shaft',
  +       title: 'room.well_shaft.title'
  +     },
  +     'b03b53e3-456d-8c7a-b056-ff22f4adf06d': [Object: null prototype] {
  +       description: 'room.reed_path.description',
  +       details: [Object: null prototype] {
  +         fox_prints: [Object: null prototype] {
  +           aliases: [
  +             'fox_prints',
  +             'prints'
  +           ],
  +           description: 'detail.fox_prints.description',
  +           readable: [Object: null prototype] {
  +             label: 'actions.read_fox_prints',
  +             text: 'readable.fox_prints',
  +             title: 'detail.fox_prints.title'
  +           }
  +         }
  +       },
  +       exits: [Object: null prototype] {
  +         north: [Object: null prototype] {
  +           to: [Object: null prototype] {
  +             cartridge_id: 'ashmere_missing_child',
  +             cartridge_version: '0.0.31',
  +             key: 'ferry_landing',
  +             kind: 'room'
  +           }
  +         },
  +         south: [Object: null prototype] {
  +           to: [Object: null prototype] {
  +             cartridge_id: 'ashmere_missing_child',
  +             cartridge_version: '0.0.31',
  +             key: 'reed_bank',
  +             kind: 'room'
  +           }
  +         }
  +       },
  +       key: 'reed_path',
  +       title: 'room.reed_path.title'
  +     },
  +     'b0711280-2a6c-8b4e-844c-3e902e0c2184': [Object: null prototype] {
  +       description: 'room.fen_isle_landing.description',
  +       details: [Object: null prototype] {
  +         ferry: [Object: null prototype] {
  +           aliases: [
  +             'ferry',
  +             'rope_ferry'
  +           ],
  +           description: 'detail.fen_return.description',
  +           transport: [Object: null prototype] {
  +             route: [Object: null prototype] {
  +               cartridge_id: 'ashmere_missing_child',
  +               cartridge_version: '0.0.31',
  +               key: 'fen_return',
  +               kind: 'transport'
  +             },
  +             title: 'detail.ferry.title'
  +           }
  +         }
  +       },
  +       exits: [Object: null prototype] {
  +         east: [Object: null prototype] {
  +           to: [Object: null prototype] {
  +             cartridge_id: 'ashmere_missing_child',
  +             cartridge_version: '0.0.31',
  +             key: 'isle_hut',
  +             kind: 'room'
  +           }
  +         },
  +         south: [Object: null prototype] {
  +           to: [Object: null prototype] {
  +             cartridge_id: 'ashmere_missing_child',
  +             cartridge_version: '0.0.31',
  +             key: 'isle_shrine',
  +             kind: 'room'
  +           }
  +         }
  +       },
  +       key: 'fen_isle_landing',
  +       title: 'room.fen_isle_landing.title'
  +     },
  +     'b3b7a7a6-b9e6-8d9c-82a2-c9cc728e3462': [Object: null prototype] {
  +       description: 'room.north_gate.description',
  +       exits: [Object: null prototype] {
  +         east: [Object: null prototype] {
  +           to: [Object: null prototype] {
  +             cartridge_id: 'ashmere_missing_child',
  +             cartridge_version: '0.0.31',
  +             key: 'watch_post',
  +             kind: 'room'
  +           }
  +         },
  +         north: [Object: null prototype] {
  +           to: [Object: null prototype] {
  +             cartridge_id: 'ashmere_missing_child',
  +             cartridge_version: '0.0.31',
  +             key: 'chapel_steps',
  +             kind: 'room'
  +           }
  +         },
  +         south: [Object: null prototype] {
  +           to: [Object: null prototype] {
  +             cartridge_id: 'ashmere_missing_child',
  +             cartridge_version: '0.0.31',
  +             key: 'village_green',
  +             kind: 'room'
  +           }
  +         },
  +         west: [Object: null prototype] {
  +           to: [Object: null prototype] {
  +             cartridge_id: 'ashmere_missing_child',
  +             cartridge_version: '0.0.31',
  +             key: 'elspeth_cottage',
  +             kind: 'room'
  +           }
  +         }
  +       },
  +       key: 'north_gate',
  +       title: 'room.north_gate.title'
  +     },
  +     'b59d54de-ea10-84e1-964c-16d1c776e738': [Object: null prototype] {
  +       description: 'room.infirmary.description',
  +       exits: [Object: null prototype] {
  +         west: [Object: null prototype] {
  +           to: [Object: null prototype] {
  +             cartridge_id: 'ashmere_missing_child',
  +             cartridge_version: '0.0.31',
  +             key: 'cloister',
  +             kind: 'room'
  +           }
  +         }
  +       },
  +       key: 'infirmary',
  +       title: 'room.infirmary.title'
  +     },
  +     'b9181a03-2e08-88cc-8cb0-c137170489b8': [Object: null prototype] {
  +       description: 'room.inn_attic.description',
  +       exits: [Object: null prototype] {
  +         down: [Object: null prototype] {
  +           to: [Object: null prototype] {
  +             cartridge_id: 'ashmere_missing_child',
  +             cartridge_version: '0.0.31',
  +             key: 'inn_rooms',
  +             kind: 'room'
  +           }
  +         }
  +       },
  +       key: 'inn_attic',
  +       title: 'room.inn_attic.title'
  +     },
  +     'bb3d1241-f191-84a0-949a-1f061efceee3': [Object: null prototype] {
  +       description: 'room.smithy.description',
  +       details: [Object: null prototype] {
  +         anvil: [Object: null prototype] {
  +           aliases: [
  +             'anvil'
  +           ],
  +           description: 'detail.smithy.anvil.description'
  +         },
  +         forge: [Object: null prototype] {
  +           aliases: [
  +             'forge'
  +           ],
  +           description: 'detail.smithy.forge.description'
  +         },
  +         tools: [Object: null prototype] {
  +           aliases: [
  +             'tools'
  +           ],
  +           description: 'detail.smithy.tools.description'
  +         }
  +       },
  +       exits: [Object: null prototype] {
  +         east: [Object: null prototype] {
  +           to: [Object: null prototype] {
  +             cartridge_id: 'ashmere_missing_child',
  +             cartridge_version: '0.0.31',
  +             key: 'village_green',
  +             kind: 'room'
  +           }
  +         },
  +         west: [Object: null prototype] {
  +           to: [Object: null prototype] {
  +             cartridge_id: 'ashmere_missing_child',
  +             cartridge_version: '0.0.31',
  +             key: 'orchard',
  +             kind: 'room'
  +           }
  +         }
  +       },
  +       key: 'smithy',
  +       title: 'room.smithy.title'
  +     },
  +     'd530207e-b845-8be5-9d53-b44b2cf5d8a1': [Object: null prototype] {
  +       description: 'room.chandler_storeroom.description',
  +       exits: [Object: null prototype] {
  +         up: [Object: null prototype] {
  +           to: [Object: null prototype] {
  +             cartridge_id: 'ashmere_missing_child',
  +             cartridge_version: '0.0.31',
  +             key: 'chandler',
  +             kind: 'room'
  +           }
  +         }
  +       },
  +       key: 'chandler_storeroom',
  +       title: 'room.chandler_storeroom.title'
  +     },
  +     'd68b48e6-93a5-8899-81ec-808f7be333f8': [Object: null prototype] {
  +       description: 'room.herb_garden.description',
  +       exits: [Object: null prototype] {
  +         west: [Object: null prototype] {
  +           to: [Object: null prototype] {
  +             cartridge_id: 'ashmere_missing_child',
  +             cartridge_version: '0.0.31',
  +             key: 'isle_hut',
  +             kind: 'room'
  +           }
  +         }
  +       },
  +       key: 'herb_garden',
  +       title: 'room.herb_garden.title'
  +     },
  +     'd7e286c7-c344-8eef-8aa6-94a781d448bd': [Object: null prototype] {
  +       description: 'room.east_gate.description',
  +       details: [Object: null prototype] {
  +         road_sign: [Object: null prototype] {
  +           aliases: [
  +             'road_sign'
  +           ],
  +           description: 'detail.road_sign.description',
  +           readable: [Object: null prototype] {
  +             label: 'actions.read_road_sign',
  +             text: 'readable.road_sign',
  +             title: 'detail.road_sign.title'
  +           }
  +         }
  +       },
  +       exits: [Object: null prototype] {
  +         west: [Object: null prototype] {
  +           to: [Object: null prototype] {
  +             cartridge_id: 'ashmere_missing_child',
  +             cartridge_version: '0.0.31',
  +             key: 'village_green',
  +             kind: 'room'
  +           }
  +         }
  +       },
  +       key: 'east_gate',
  +       title: 'room.east_gate.title'
  +     },
  +     'e368b8b9-c4a5-8d0e-82a0-da17e2d59fe2': [Object: null prototype] {
  +       description: 'room.drowned_oak.description',
  +       exits: [Object: null prototype] {
  +         east: [Object: null prototype] {
  +           to: [Object: null prototype] {
  +             cartridge_id: 'ashmere_missing_child',
  +             cartridge_version: '0.0.31',
  +             key: 'mire_crossing',
  +             kind: 'room'
  +           }
  +         },
  +         north: [Object: null prototype] {
  +           to: [Object: null prototype] {
  +             cartridge_id: 'ashmere_missing_child',
  +             cartridge_version: '0.0.31',
  +             key: 'willow_shade',
  +             kind: 'room'
  +           }
  +         },
  +         south: [Object: null prototype] {
  +           to: [Object: null prototype] {
  +             cartridge_id: 'ashmere_missing_child',
  +             cartridge_version: '0.0.31',
  +             key: 'black_pool',
  +             kind: 'room'
  +           }
  +         },
  +         up: [Object: null prototype] {
  +           to: [Object: null prototype] {
  +             cartridge_id: 'ashmere_missing_child',
  +             cartridge_version: '0.0.31',
  +             key: 'oak_branches',
  +             kind: 'room'
  +           }
  +         }
  +       },
  +       key: 'drowned_oak',
  +       title: 'room.drowned_oak.title'
  +     },
  +     'e918a5af-fc77-8a97-86ea-4a5ac3047213': [Object: null prototype] {
  +       description: 'room.kitchen_garden.description',
  +       exits: [Object: null prototype] {
  +         east: [Object: null prototype] {
  +           to: [Object: null prototype] {
  +             cartridge_id: 'ashmere_missing_child',
  +             cartridge_version: '0.0.31',
  +             key: 'scriptorium',
  +             kind: 'room'
  +           }
  +         }
  +       },
  +       key: 'kitchen_garden',
  +       title: 'room.kitchen_garden.title'
  +     },
  +     'f14e477f-cecc-897a-bee7-c573aa5c76c3': [Object: null prototype] {
  +       description: 'room.fishing_shallows.description',
  +       exits: [Object: null prototype] {
  +         north: [Object: null prototype] {
  +           to: [Object: null prototype] {
  +             cartridge_id: 'ashmere_missing_child',
  +             cartridge_version: '0.0.31',
  +             key: 'black_pool',
  +             kind: 'room'
  +           }
  +         }
  +       },
  +       key: 'fishing_shallows',
  +       title: 'room.fishing_shallows.title'
  +     },
  +     'f34698e2-c92c-841a-b0bd-da6883e9c111': [Object: null prototype] {
  +       description: 'room.cloister.description',
  +       exits: [Object: null prototype] {
  +         east: [Object: null prototype] {
  +           to: [Object: null prototype] {
  +             cartridge_id: 'ashmere_missing_child',
  +             cartridge_version: '0.0.31',
  +             key: 'infirmary',
  +             kind: 'room'
  +           }
  +         },
  +         south: [Object: null prototype] {
  +           to: [Object: null prototype] {
  +             cartridge_id: 'ashmere_missing_child',
  +             cartridge_version: '0.0.31',
  +             key: 'chapel_nave',
  +             kind: 'room'
  +           }
  +         },
  +         west: [Object: null prototype] {
  +           to: [Object: null prototype] {
  +             cartridge_id: 'ashmere_missing_child',
  +             cartridge_version: '0.0.31',
  +             key: 'scriptorium',
  +             kind: 'room'
  +           }
  +         }
  +       },
  +       key: 'cloister',
  +       title: 'room.cloister.title'
  +     },
  +     'ff864ad5-cd56-80c8-9392-dc88bdc28fd2': [Object: null prototype] {
  +       description: 'room.black_pool.description',
  +       exits: [Object: null prototype] {
  +         east: [Object: null prototype] {
  +           to: [Object: null prototype] {
  +             cartridge_id: 'ashmere_missing_child',
  +             cartridge_version: '0.0.31',
  +             key: 'fox_hollow',
  +             kind: 'room'
  +           }
  +         },
  +         north: [Object: null prototype] {
  +           to: [Object: null prototype] {
  +             cartridge_id: 'ashmere_missing_child',
  +             cartridge_version: '0.0.31',
  +             key: 'drowned_oak',
  +             kind: 'room'
  +           }
  +         },
  +         south: [Object: null prototype] {
  +           to: [Object: null prototype] {
  +             cartridge_id: 'ashmere_missing_child',
  +             cartridge_version: '0.0.31',
  +             key: 'fishing_shallows',
  +             kind: 'room'
  +           }
  +         }
  +       },
  +       key: 'black_pool',
  +       title: 'room.black_pool.title'
  +     }
  +   },
  +   slots: {
  +     cloak: '6b2b9c4f-6781-82f4-a079-908def5908f6',
  +     light: '13951eb1-f988-89b1-9bf2-a9fb73caa1bc',
  +     off_hand: '63441f36-3a9b-8b10-9acd-43f4b5e634c7',
  +     wield: '619363b4-697f-8e0d-ae4a-5208a285a460'
  +   },
  +   state: {
  +     clock: 64800,
  +     containers: {
  +       '00a60498-0ca6-8137-8172-7101d3767e0c': 'e89b9f79-f8a1-8062-a340-1996b92e8a39',
  +       '040cd593-516a-8270-9e6d-7b49fe6a516a': 'f34698e2-c92c-841a-b0bd-da6883e9c111',
  +       '0556eeda-6c38-8679-bc0b-5a9848eba57a': 'b53e677f-7d1b-8954-bab9-d66f7acf1f09',
  +       '095f2582-fe61-8790-8a4d-01463a2975b7': '2603d738-5a68-83d2-93fe-8e50819f9741',
  +       '10798f17-56fe-899f-b1f1-2165bc7aa94a': '3f7be222-cc48-8fb0-b007-f6d17119bd7f',
  +       '135ad56f-dfaa-8e43-985d-9dd1e051753b': 'e89b9f79-f8a1-8062-a340-1996b92e8a39',
  +       '13951eb1-f988-89b1-9bf2-a9fb73caa1bc': '3d4829ad-9e43-81ef-bc10-66b1b267e157',
  +       '13e64759-6fc3-8b88-ade5-56dbaa5d940d': 'a443f590-c8d3-86d8-9972-75e09b637bed',
  +       '15076a66-097b-8dbc-85ec-bd166d6ecab9': '3f7be222-cc48-8fb0-b007-f6d17119bd7f',
  +       '1d7cfec5-84d1-89df-b0f3-6a9e9852e647': '2ef35eee-f837-8b28-bea7-9748a332940a',
  +       '1ff34115-09bf-88cc-94fc-be3e623e9a19': 'b9181a03-2e08-88cc-8cb0-c137170489b8',
  +       '21f61dc2-0501-8853-a8ff-88ed5dbd71b7': '4c1926fa-026d-84bf-bed4-42760d1553dd',
  +       '2a07c1ae-7036-8a06-8426-de75078d79a3': '251e7a71-b5ad-8d22-858b-533e52cc5415',
  +       '2d75f5bd-a92e-8c56-97b0-652cdbf9ca62': '3f7be222-cc48-8fb0-b007-f6d17119bd7f',
  +       '30c00822-6fb5-833d-a05e-7787134bea59': '095f2582-fe61-8790-8a4d-01463a2975b7',
  +       '3592b213-4e3c-892f-bfca-e2653121110e': '65271e0f-75a2-82f3-a0a7-a15f7418ae6a',
  +       '37ef3668-8242-851e-94bc-66e562abebd7': 'b53e677f-7d1b-8954-bab9-d66f7acf1f09',
  +       '385d5416-3de6-82e4-aae0-775164b045c2': '3f7be222-cc48-8fb0-b007-f6d17119bd7f',
  +       '3924002c-1621-899b-a2b3-c34d2c4cdcf1': '169f9a28-2c18-8ffe-8c39-fdb5ddd42d67',
  +       '3d4829ad-9e43-81ef-bc10-66b1b267e157': '609faefb-5552-8610-86e8-4b614753ee04',
  +       '48a8dc05-4012-86d8-9d24-e68f2d7317ac': 'fae561a6-53e6-8a8c-bd7c-19430abda2ac',
  +       '4c9c088a-aede-8ef6-906d-8bc0a9bc1701': '15349791-fa65-81f7-b378-bb8212b808d2',
  +       '4eec3894-027a-8584-9797-f7fdcd3641e5': '3d4829ad-9e43-81ef-bc10-66b1b267e157',
  +       '5618d912-3e17-8488-a2e6-0927cff37eb5': '58cfbca8-0448-8e2e-af98-49d0a71d1a04',
  +       '56362445-0a33-8900-9bd2-1cfa0e0e1cfb': '4c9c088a-aede-8ef6-906d-8bc0a9bc1701',
  +       '58935a9a-fada-894c-978c-607047afbc25': 'b53e677f-7d1b-8954-bab9-d66f7acf1f09',
  +       '5ce172d0-4fa9-8ded-bde5-0f32bc984fcc': 'a443f590-c8d3-86d8-9972-75e09b637bed',
  +       '619363b4-697f-8e0d-ae4a-5208a285a460': '3d4829ad-9e43-81ef-bc10-66b1b267e157',
  +       '63441f36-3a9b-8b10-9acd-43f4b5e634c7': '3d4829ad-9e43-81ef-bc10-66b1b267e157',
  +       '65d77be3-068c-8eff-a84e-8b17a5777bcc': 'e89b9f79-f8a1-8062-a340-1996b92e8a39',
  +       '676a7640-aee6-8d70-a326-ed19a6d9a130': 'e89b9f79-f8a1-8062-a340-1996b92e8a39',
  +       '695264ac-d0fd-8ff9-a2ce-a5bc68ecd3e8': '3f7be222-cc48-8fb0-b007-f6d17119bd7f',
  +       '699d2010-15a3-8a4a-936b-e8e55b4fa065': 'a443f590-c8d3-86d8-9972-75e09b637bed',
  +       '6b2b9c4f-6781-82f4-a079-908def5908f6': '3d4829ad-9e43-81ef-bc10-66b1b267e157',
  +       '6c939a35-4efc-8a5c-8bc7-00f4c42bdfc2': '3f7be222-cc48-8fb0-b007-f6d17119bd7f',
  +       '73239b47-e139-8175-9373-e192e96ad419': '8cbac3ab-b59e-823a-90ae-6f7935e3b763',
  +       '73868cdd-0749-8a27-877e-1059c7fcbd74': '635dd81f-7dee-8017-a1ce-ba4049a60174',
  +       '7561d6c2-0c34-8719-9bc2-6851f7b04682': '609faefb-5552-8610-86e8-4b614753ee04',
  +       '7aa6c88d-bb91-86bf-add6-146962885046': '3f7be222-cc48-8fb0-b007-f6d17119bd7f',
  +       '84fd3cbf-5a89-8680-bea7-cf44e790ff8c': '169f9a28-2c18-8ffe-8c39-fdb5ddd42d67',
  +       '887efed7-40bb-8854-8ece-640e45e3e5d4': 'b53e677f-7d1b-8954-bab9-d66f7acf1f09',
  +       '8cbac3ab-b59e-823a-90ae-6f7935e3b763': '2603d738-5a68-83d2-93fe-8e50819f9741',
  +       '91dc36d6-58da-89cb-be0d-64940e791e80': '19785203-d373-8973-8e64-1a9d8e50be82',
  +       '91de55c4-b469-873b-abb9-334cce88d6a9': 'b53e677f-7d1b-8954-bab9-d66f7acf1f09',
  +       '96959e17-0504-835b-8968-b091fda108b6': 'a1451e93-408d-8bbb-8485-a3c04b023270',
  +       'a1451e93-408d-8bbb-8485-a3c04b023270': '2603d738-5a68-83d2-93fe-8e50819f9741',
  +       'a41582c6-b5eb-846f-b138-ea39dc49e797': '609faefb-5552-8610-86e8-4b614753ee04',
  +       'a7749537-b626-8535-82ba-69330478c06f': '19785203-d373-8973-8e64-1a9d8e50be82',
  +       'a843bbb3-846a-8dce-ade2-36356c37c183': 'b53e677f-7d1b-8954-bab9-d66f7acf1f09',
  +       'aa3ddc23-4cd4-8c1c-9619-627eca1fe15c': '71697171-efcc-8028-9a88-60b32e4a73ad',
  +       'b0abb6c3-7896-807a-a308-5f6ee0ddd150': '3f7be222-cc48-8fb0-b007-f6d17119bd7f',
  +       'b303069b-00e7-8e90-9241-9392c7c6bd7d': 'e89b9f79-f8a1-8062-a340-1996b92e8a39',
  +       'b449f807-96d1-8fb8-9304-c45553d7e4f2': '8a20c3d3-0f0f-84ec-b058-d27c85d5ba17',
  +       'b45f7385-6cf5-800d-b604-1dc7bab19891': '169f9a28-2c18-8ffe-8c39-fdb5ddd42d67',
  +       'b53e677f-7d1b-8954-bab9-d66f7acf1f09': 'b59d54de-ea10-84e1-964c-16d1c776e738',
  +       'b887681c-2d13-8cab-a2e3-6b4388ee0dd9': '3592b213-4e3c-892f-bfca-e2653121110e',
  +       'b98193c5-44c9-8ea4-9b9d-600c2aa84ebb': '3f7be222-cc48-8fb0-b007-f6d17119bd7f',
  +       'bea306fb-2b58-847c-a4e0-045f9d13b739': 'b53e677f-7d1b-8954-bab9-d66f7acf1f09',
  +       'c2dcc404-9fda-84ea-af86-4596e9beb2d6': 'a443f590-c8d3-86d8-9972-75e09b637bed',
  +       'c735ddfb-fc9d-866a-b5e0-1feb5a516bf6': '1ff34115-09bf-88cc-94fc-be3e623e9a19',
  +       'ca9abb6b-add9-8496-9f83-3c6069959fb6': '3f7be222-cc48-8fb0-b007-f6d17119bd7f',
  +       'cf0d9c5d-717d-8796-b5f0-095efed5e284': 'b53e677f-7d1b-8954-bab9-d66f7acf1f09',
  +       'd72e86a8-d96d-81da-b47f-ee8097d9290d': 'b53e677f-7d1b-8954-bab9-d66f7acf1f09',
  +       'd74bfe67-ee0c-839e-b5e1-ef2095ae3109': '4c9c088a-aede-8ef6-906d-8bc0a9bc1701',
  +       'dce25ff1-322e-80ae-8f48-e0c4062c2783': 'e89b9f79-f8a1-8062-a340-1996b92e8a39',
  +       'dd8c6f46-accd-87e3-af31-b0caf37caeeb': '15349791-fa65-81f7-b378-bb8212b808d2',
  +       'deefcfd1-0955-825a-bd67-e8f03665a8f3': 'b53e677f-7d1b-8954-bab9-d66f7acf1f09',
  +       'e1f06e4a-2ae6-8f75-bb0b-b0a2e8370be0': '3f7be222-cc48-8fb0-b007-f6d17119bd7f',
  +       'e26d5050-0ec1-8ec4-a164-209a07f75784': '3f7be222-cc48-8fb0-b007-f6d17119bd7f',
  +       'e3d910f1-e91f-81c4-b647-6b5590597af2': '609faefb-5552-8610-86e8-4b614753ee04',
  +       'e89b9f79-f8a1-8062-a340-1996b92e8a39': '0f5f2329-bcff-82f4-948a-3d22a75fb068',
  +       'ee88876f-e173-89bf-b354-fa9b2ddb3f0b': 'b53e677f-7d1b-8954-bab9-d66f7acf1f09',
  +       'f0e76c82-d099-811e-a6ba-caef3f2615e9': 'a7749537-b626-8535-82ba-69330478c06f',
  +       'f1af1320-32d6-83ce-9ba2-9c107b5ecc56': 'f34698e2-c92c-841a-b0bd-da6883e9c111',
  +       'f3c7442b-1155-8f9a-8482-3a4f621a90fd': 'a443f590-c8d3-86d8-9972-75e09b637bed',
  +       'f3de2a43-417f-8e67-86d1-a375231e01ed': 'e89b9f79-f8a1-8062-a340-1996b92e8a39',
  +       'f6fc60a2-0eb4-8a50-8ed8-38cd3dbd0f1a': 'e89b9f79-f8a1-8062-a340-1996b92e8a39',
  +       'f9f5ff00-b852-83ff-97b4-b54072c401bd': 'b53e677f-7d1b-8954-bab9-d66f7acf1f09',
  +       'fae561a6-53e6-8a8c-bd7c-19430abda2ac': '2603d738-5a68-83d2-93fe-8e50819f9741',
  +       'fe8a933a-59bb-8e0c-b129-e40cd6678f85': '635dd81f-7dee-8017-a1ce-ba4049a60174'
  +     },
  +     created: {
  +       '095f2582-fe61-8790-8a4d-01463a2975b7': {
  +         definition: [Object: null prototype] {
  +           cartridge_id: 'ashmere_missing_child',
  +           cartridge_version: '0.0.31',
  +           key: 'fen_hound',
  +           kind: 'npc'
  +         },
  +         id: '095f2582-fe61-8790-8a4d-01463a2975b7',
  +         origin: {
  +           bundle: [Object: null prototype] {
  +             cartridge_id: 'ashmere_missing_child',
  +             cartridge_version: '0.0.31',
  +             key: 'fen_hounds',
  +             kind: 'population_bundle'
  +           },
  +           by: {
  +             cartridge_id: 'ashmere_missing_child',
  +             cartridge_version: '0.0.31',
  +             key: 'fen_hounds',
  +             kind: 'population'
  +           },
  +           generation: 1,
  +           kind: 'spawned',
  +           member_id: '095f2582-fe61-8790-8a4d-01463a2975b7',
  +           occurrence_id: '00000000-0000-0000-0000-000000000000',
  +           role: 'hound',
  +           slot: 3
  +         }
  +       },
  +       '30c00822-6fb5-833d-a05e-7787134bea59': {
  +         definition: [Object: null prototype] {
  +           cartridge_id: 'ashmere_missing_child',
  +           cartridge_version: '0.0.31',
  +           key: 'hound_pelt',
  +           kind: 'item'
  +         },
  +         id: '30c00822-6fb5-833d-a05e-7787134bea59',
  +         origin: {
  +           bundle: [Object: null prototype] {
  +             cartridge_id: 'ashmere_missing_child',
  +             cartridge_version: '0.0.31',
  +             key: 'fen_hounds',
  +             kind: 'population_bundle'
  +           },
  +           by: {
  +             cartridge_id: 'ashmere_missing_child',
  +             cartridge_version: '0.0.31',
  +             key: 'fen_hounds',
  +             kind: 'population'
  +           },
  +           generation: 1,
  +           kind: 'spawned',
  +           member_id: '095f2582-fe61-8790-8a4d-01463a2975b7',
  +           occurrence_id: '00000000-0000-0000-0000-000000000000',
  +           role: 'pelt',
  +           slot: 3
  +         }
  +       },
  +       '48a8dc05-4012-86d8-9d24-e68f2d7317ac': {
  +         definition: [Object: null prototype] {
  +           cartridge_id: 'ashmere_missing_child',
  +           cartridge_version: '0.0.31',
  +           key: 'hound_pelt',
  +           kind: 'item'
  +         },
  +         id: '48a8dc05-4012-86d8-9d24-e68f2d7317ac',
  +         origin: {
  +           bundle: [Object: null prototype] {
  +             cartridge_id: 'ashmere_missing_child',
  +             cartridge_version: '0.0.31',
  +             key: 'fen_hounds',
  +             kind: 'population_bundle'
  +           },
  +           by: {
  +             cartridge_id: 'ashmere_missing_child',
  +             cartridge_version: '0.0.31',
  +             key: 'fen_hounds',
  +             kind: 'population'
  +           },
  +           generation: 1,
  +           kind: 'spawned',
  +           member_id: 'fae561a6-53e6-8a8c-bd7c-19430abda2ac',
  +           occurrence_id: '00000000-0000-0000-0000-000000000000',
  +           role: 'pelt',
  +           slot: 2
  +         }
  +       },
  +       '73239b47-e139-8175-9373-e192e96ad419': {
  +         definition: [Object: null prototype] {
  +           cartridge_id: 'ashmere_missing_child',
  +           cartridge_version: '0.0.31',
  +           key: 'hound_pelt',
  +           kind: 'item'
  +         },
  +         id: '73239b47-e139-8175-9373-e192e96ad419',
  +         origin: {
  +           bundle: [Object: null prototype] {
  +             cartridge_id: 'ashmere_missing_child',
  +             cartridge_version: '0.0.31',
  +             key: 'fen_hounds',
  +             kind: 'population_bundle'
  +           },
  +           by: {
  +             cartridge_id: 'ashmere_missing_child',
  +             cartridge_version: '0.0.31',
  +             key: 'fen_hounds',
  +             kind: 'population'
  +           },
  +           generation: 1,
  +           kind: 'spawned',
  +           member_id: '8cbac3ab-b59e-823a-90ae-6f7935e3b763',
  +           occurrence_id: '00000000-0000-0000-0000-000000000000',
  +           role: 'pelt',
  +           slot: 1
  +         }
  +       },
  +       '8cbac3ab-b59e-823a-90ae-6f7935e3b763': {
  +         definition: [Object: null prototype] {
  +           cartridge_id: 'ashmere_missing_child',
  +           cartridge_version: '0.0.31',
  +           key: 'fen_hound',
  +           kind: 'npc'
  +         },
  +         id: '8cbac3ab-b59e-823a-90ae-6f7935e3b763',
  +         origin: {
  +           bundle: [Object: null prototype] {
  +             cartridge_id: 'ashmere_missing_child',
  +             cartridge_version: '0.0.31',
  +             key: 'fen_hounds',
  +             kind: 'population_bundle'
  +           },
  +           by: {
  +             cartridge_id: 'ashmere_missing_child',
  +             cartridge_version: '0.0.31',
  +             key: 'fen_hounds',
  +             kind: 'population'
  +           },
  +           generation: 1,
  +           kind: 'spawned',
  +           member_id: '8cbac3ab-b59e-823a-90ae-6f7935e3b763',
  +           occurrence_id: '00000000-0000-0000-0000-000000000000',
  +           role: 'hound',
  +           slot: 1
  +         }
  +       },
  +       '96959e17-0504-835b-8968-b091fda108b6': {
  +         definition: [Object: null prototype] {
  +           cartridge_id: 'ashmere_missing_child',
  +           cartridge_version: '0.0.31',
  +           key: 'hound_pelt',
  +           kind: 'item'
  +         },
  +         id: '96959e17-0504-835b-8968-b091fda108b6',
  +         origin: {
  +           bundle: [Object: null prototype] {
  +             cartridge_id: 'ashmere_missing_child',
  +             cartridge_version: '0.0.31',
  +             key: 'fen_hounds',
  +             kind: 'population_bundle'
  +           },
  +           by: {
  +             cartridge_id: 'ashmere_missing_child',
  +             cartridge_version: '0.0.31',
  +             key: 'fen_hounds',
  +             kind: 'population'
  +           },
  +           generation: 1,
  +           kind: 'spawned',
  +           member_id: 'a1451e93-408d-8bbb-8485-a3c04b023270',
  +           occurrence_id: '00000000-0000-0000-0000-000000000000',
  +           role: 'pelt',
  +           slot: 4
  +         }
  +       },
  +       'a1451e93-408d-8bbb-8485-a3c04b023270': {
  +         definition: [Object: null prototype] {
  +           cartridge_id: 'ashmere_missing_child',
  +           cartridge_version: '0.0.31',
  +           key: 'fen_hound',
  +           kind: 'npc'
  +         },
  +         id: 'a1451e93-408d-8bbb-8485-a3c04b023270',
  +         origin: {
  +           bundle: [Object: null prototype] {
  +             cartridge_id: 'ashmere_missing_child',
  +             cartridge_version: '0.0.31',
  +             key: 'fen_hounds',
  +             kind: 'population_bundle'
  +           },
  +           by: {
  +             cartridge_id: 'ashmere_missing_child',
  +             cartridge_version: '0.0.31',
  +             key: 'fen_hounds',
  +             kind: 'population'
  +           },
  +           generation: 1,
  +           kind: 'spawned',
  +           member_id: 'a1451e93-408d-8bbb-8485-a3c04b023270',
  +           occurrence_id: '00000000-0000-0000-0000-000000000000',
  +           role: 'hound',
  +           slot: 4
  +         }
  +       },
  +       'fae561a6-53e6-8a8c-bd7c-19430abda2ac': {
  +         definition: [Object: null prototype] {
  +           cartridge_id: 'ashmere_missing_child',
  +           cartridge_version: '0.0.31',
  +           key: 'fen_hound',
  +           kind: 'npc'
  +         },
  +         id: 'fae561a6-53e6-8a8c-bd7c-19430abda2ac',
  +         origin: {
  +           bundle: [Object: null prototype] {
  +             cartridge_id: 'ashmere_missing_child',
  +             cartridge_version: '0.0.31',
  +             key: 'fen_hounds',
  +             kind: 'population_bundle'
  +           },
  +           by: {
  +             cartridge_id: 'ashmere_missing_child',
  +             cartridge_version: '0.0.31',
  +             key: 'fen_hounds',
  +             kind: 'population'
  +           },
  +           generation: 1,
  +           kind: 'spawned',
  +           member_id: 'fae561a6-53e6-8a8c-bd7c-19430abda2ac',
  +           occurrence_id: '00000000-0000-0000-0000-000000000000',
  +           role: 'hound',
  +           slot: 2
  +         }
  +       }
  +     },
  +     fuel: {
  +       '65d77be3-068c-8eff-a84e-8b17a5777bcc': {
  +         at: 64800,
  +         lit: false,
  +         remaining: 7200
  +       },
  +       'f3de2a43-417f-8e67-86d1-a375231e01ed': {
  +         at: 64800,
  +         lit: false,
  +         remaining: 7200
  +       }
  +     },
  +     jobs: {
  +       '35df8677-520a-8fc5-9d23-d7a01888247f': {
  +         due_time: 79200,
  +         job: {
  +           cartridge_id: 'ashmere_missing_child',
  +           cartridge_version: '0.0.31',
  +           key: 'gareth',
  +           kind: 'npc'
  +         },
  +         status: 'pending'
  +       },
  +       '88d0018b-7bfd-89be-aef9-dc1d36e5e929': {
  +         due_time: 68400,
  +         job: {
  +           cartridge_id: 'ashmere_missing_child',
  +           cartridge_version: '0.0.31',
  +           key: 'fen_hounds',
  +           kind: 'population'
  +         },
  +         status: 'pending'
  +       },
  +       '8a445b6f-2095-87c7-9a12-852d422d4599': {
  +         due_time: 111600,
  +         job: {
  +           cartridge_id: 'ashmere_missing_child',
  +           cartridge_version: '0.0.31',
  +           key: 'ada',
  +           kind: 'npc'
  +         },
  +         status: 'pending'
  +       },
  +       'a1a7315c-1753-8b62-a1a1-e42cb54b3446': {
  +         due_time: 72000,
  +         job: {
  +           cartridge_id: 'ashmere_missing_child',
  +           cartridge_version: '0.0.31',
  +           key: 'ash',
  +           kind: 'npc'
  +         },
  +         status: 'pending'
  +       },
  +       'dc5fce99-4e8a-89d0-9a6b-72be27764473': {
  +         due_time: 108000,
  +         job: {
  +           cartridge_id: 'ashmere_missing_child',
  +           cartridge_version: '0.0.31',
  +           key: 'hale',
  +           kind: 'npc'
  +         },
  +         status: 'pending'
  +       }
  +     },
  +     liquids: {
  +       '135ad56f-dfaa-8e43-985d-9dd1e051753b': [Object: null prototype] {
  +         kind: null,
  +         quantity: 0
  +       },
  +       'd74bfe67-ee0c-839e-b5e1-ef2095ae3109': [Object: null prototype] {
  +         kind: [Object: null prototype] {
  +           cartridge_id: 'ashmere_missing_child',
  +           cartridge_version: '0.0.31',
  +           key: 'ale',
  +           kind: 'liquid'
  +         },
  +         quantity: 4
  +       },
  +       'f6fc60a2-0eb4-8a50-8ed8-38cd3dbd0f1a': [Object: null prototype] {
  +         kind: null,
  +         quantity: 0
  +       }
  +     },
  +     population_plans: {
  +       '{"cartridge_id":"ashmere_missing_child","cartridge_version":"0.0.31","key":"fen_hounds","kind":"population"}': {
  +         job_id: '88d0018b-7bfd-89be-aef9-dc1d36e5e929',
  +         next_wander_due: 68400
  +       }
  +     },
  +     population_slots: {
  +       '{"kind":"population_slot","plan":{"cartridge_id":"ashmere_missing_child","cartridge_version":"0.0.31","key":"fen_hounds","kind":"population"},"slot":1}': {
  +         generation: 1,
  +         member_id: '8cbac3ab-b59e-823a-90ae-6f7935e3b763',
  +         replacement_due: null
  +       },
  +       '{"kind":"population_slot","plan":{"cartridge_id":"ashmere_missing_child","cartridge_version":"0.0.31","key":"fen_hounds","kind":"population"},"slot":2}': {
  +         generation: 1,
  +         member_id: 'fae561a6-53e6-8a8c-bd7c-19430abda2ac',
  +         replacement_due: null
  +       },
  +       '{"kind":"population_slot","plan":{"cartridge_id":"ashmere_missing_child","cartridge_version":"0.0.31","key":"fen_hounds","kind":"population"},"slot":3}': {
  +         generation: 1,
  +         member_id: '095f2582-fe61-8790-8a4d-01463a2975b7',
  +         replacement_due: null
  +       },
  +       '{"kind":"population_slot","plan":{"cartridge_id":"ashmere_missing_child","cartridge_version":"0.0.31","key":"fen_hounds","kind":"population"},"slot":4}': {
  +         generation: 1,
  +         member_id: 'a1451e93-408d-8bbb-8485-a3c04b023270',
  +         replacement_due: null
  +       },
  +       '{"kind":"population_slot","plan":{"cartridge_id":"ashmere_missing_child","cartridge_version":"0.0.31","key":"fen_hounds","kind":"population"},"slot":5}': {
  +         generation: 0,
  +         member_id: null,
  +         replacement_due: null
  +       },
  +       '{"kind":"population_slot","plan":{"cartridge_id":"ashmere_missing_child","cartridge_version":"0.0.31","key":"fen_hounds","kind":"population"},"slot":6}': {
  +         generation: 0,
  +         member_id: null,
  +         replacement_due: null
  +       }
  +     },
  +     resources: {
  +       '{"entity_id":"095f2582-fe61-8790-8a4d-01463a2975b7","kind":"resource","resource":{"cartridge_id":"ashmere_missing_child","cartridge_version":"0.0.31","key":"hp","kind":"resource"}}': {
  +         at: 64800,
  +         value: 8
  +       },
  +       '{"entity_id":"13e64759-6fc3-8b88-ade5-56dbaa5d940d","kind":"resource","resource":{"cartridge_id":"ashmere_missing_child","cartridge_version":"0.0.31","key":"hp","kind":"resource"}}': {
  +         at: 64800,
  +         value: 6
  +       },
  +       '{"entity_id":"1d7cfec5-84d1-89df-b0f3-6a9e9852e647","kind":"resource","resource":{"cartridge_id":"ashmere_missing_child","cartridge_version":"0.0.31","key":"pennies","kind":"resource"}}': {
  +         at: 64800,
  +         value: 10
  +       },
  +       '{"entity_id":"3592b213-4e3c-892f-bfca-e2653121110e","kind":"resource","resource":{"cartridge_id":"ashmere_missing_child","cartridge_version":"0.0.31","key":"pennies","kind":"resource"}}': {
  +         at: 64800,
  +         value: 0
  +       },
  +       '{"entity_id":"3d4829ad-9e43-81ef-bc10-66b1b267e157","kind":"resource","resource":{"cartridge_id":"ashmere_missing_child","cartridge_version":"0.0.31","key":"hp","kind":"resource"}}': {
  +         at: 64800,
  +         value: 10
  +       },
  +       '{"entity_id":"3d4829ad-9e43-81ef-bc10-66b1b267e157","kind":"resource","resource":{"cartridge_id":"ashmere_missing_child","cartridge_version":"0.0.31","key":"ma","kind":"resource"}}': {
  +         at: 64800,
  +         value: 100
  +       },
  +       '{"entity_id":"3d4829ad-9e43-81ef-bc10-66b1b267e157","kind":"resource","resource":{"cartridge_id":"ashmere_missing_child","cartridge_version":"0.0.31","key":"mv","kind":"resource"}}': {
  +         at: 64800,
  +         rate: 18,
  +         remainder: 0,
  +         value: 50
  +       },
  +       '{"entity_id":"3d4829ad-9e43-81ef-bc10-66b1b267e157","kind":"resource","resource":{"cartridge_id":"ashmere_missing_child","cartridge_version":"0.0.31","key":"pennies","kind":"resource"}}': {
  +         at: 64800,
  +         value: 20
  +       },
  +       '{"entity_id":"4c9c088a-aede-8ef6-906d-8bc0a9bc1701","kind":"resource","resource":{"cartridge_id":"ashmere_missing_child","cartridge_version":"0.0.31","key":"lantern_meals","kind":"resource"}}': {
  +         at: 64800,
  +         value: 4
  +       },
  +       '{"entity_id":"4c9c088a-aede-8ef6-906d-8bc0a9bc1701","kind":"resource","resource":{"cartridge_id":"ashmere_missing_child","cartridge_version":"0.0.31","key":"pennies","kind":"resource"}}': {
  +         at: 64800,
  +         value: 10
  +       },
  +       '{"entity_id":"5ce172d0-4fa9-8ded-bde5-0f32bc984fcc","kind":"resource","resource":{"cartridge_id":"ashmere_missing_child","cartridge_version":"0.0.31","key":"hp","kind":"resource"}}': {
  +         at: 64800,
  +         value: 6
  +       },
  +       '{"entity_id":"699d2010-15a3-8a4a-936b-e8e55b4fa065","kind":"resource","resource":{"cartridge_id":"ashmere_missing_child","cartridge_version":"0.0.31","key":"hp","kind":"resource"}}': {
  +         at: 64800,
  +         value: 6
  +       },
  +       '{"entity_id":"8cbac3ab-b59e-823a-90ae-6f7935e3b763","kind":"resource","resource":{"cartridge_id":"ashmere_missing_child","cartridge_version":"0.0.31","key":"hp","kind":"resource"}}': {
  +         at: 64800,
  +         value: 8
  +       },
  +       '{"entity_id":"a1451e93-408d-8bbb-8485-a3c04b023270","kind":"resource","resource":{"cartridge_id":"ashmere_missing_child","cartridge_version":"0.0.31","key":"hp","kind":"resource"}}': {
  +         at: 64800,
  +         value: 8
  +       },
  +       '{"entity_id":"aa3ddc23-4cd4-8c1c-9619-627eca1fe15c","kind":"resource","resource":{"cartridge_id":"ashmere_missing_child","cartridge_version":"0.0.31","key":"pennies","kind":"resource"}}': {
  +         at: 64800,
  +         value: 0
  +       },
  +       '{"entity_id":"c2dcc404-9fda-84ea-af86-4596e9beb2d6","kind":"resource","resource":{"cartridge_id":"ashmere_missing_child","cartridge_version":"0.0.31","key":"hp","kind":"resource"}}': {
  +         at: 64800,
  +         value: 6
  +       },
  +       '{"entity_id":"e89b9f79-f8a1-8062-a340-1996b92e8a39","kind":"resource","resource":{"cartridge_id":"ashmere_missing_child","cartridge_version":"0.0.31","key":"pennies","kind":"resource"}}': {
  +         at: 64800,
  +         value: 20
  +       },
  +       '{"entity_id":"f3c7442b-1155-8f9a-8482-3a4f621a90fd","kind":"resource","resource":{"cartridge_id":"ashmere_missing_child","cartridge_version":"0.0.31","key":"hp","kind":"resource"}}': {
  +         at: 64800,
  +         value: 6
  +       },
  +       '{"entity_id":"fae561a6-53e6-8a8c-bd7c-19430abda2ac","kind":"resource","resource":{"cartridge_id":"ashmere_missing_child","cartridge_version":"0.0.31","key":"hp","kind":"resource"}}': {
  +         at: 64800,
  +         value: 8
  +       }
  +     },
  +     rng: [
  +       1,
  +       2,
  +       3,
  +       4
  +     ]
  +   }
  + }
  - undefined
  
      at TestContext.<anonymous> (file://[worktree]/kernel/ts/test/food.test.ts:235:10)
      at Test.runInAsyncScope (node:async_hooks:227:14)
      at Test.run (node:internal/test_runner/test:1402:25)
      at Test.processPendingSubtests (node:internal/test_runner/test:974:18)
      at Test.postRun (node:internal/test_runner/test:1542:19)
      at Test.run (node:internal/test_runner/test:1467:12)
      at async Test.processPendingSubtests (node:internal/test_runner/test:974:7) {
    generatedMessage: true,
    code: 'ERR_ASSERTION',
    actual: { fuelSpecs: { '65d77be3-068c-8eff-a84e-8b17a5777bcc': [Object], 'f3de2a43-417f-8e67-86d1-a375231e01ed': [Object] }, cartridge: { actions: [Object], attributes: [Object], barriers: [Object], calendar: [Object], chapters: [Array], dialogues: [Object], entry: [Object], facts: [Object], format: 'loka-cartridge-v2', items: [Object], liquids: [Object], lock: [Object], manifest: [Object], npcs: [Object], policies: {}, population_bundles: [Object], populations: [Object], quests: [Object], reactions: [Object], recipes: [Object], resources: [Object], rooms: [Object], scenes: [Object], services: [Object], skills: [Object], story_points: [Object], text: [Object], topics: [Object], transports: [Object], world: [Object] }, context: '0d4e8a5c-3f1b-4c2a-9e7d-6b5a4c3d2e1f', character: 'bd595711-ea5f-89a5-abb0-046cd349d2f9', body: '3d4829ad-9e43-81ef-bc10-66b1b267e157', rooms: { '1a7c3699-2844-8a55-b29f-eac079c7bf50': [Object], '91fde0fc-dd14-846f-826e-245e45d16ec7': [Object], '953a909b-3a29-8c5c-9e3f-4105b9a47c4b': [Object], 'ff864ad5-cd56-80c8-9392-dc88bdc28fd2': [Object], '6a70d262-b6ea-8b64-9809-ec7f79d1521e': [Object], '0f5f2329-bcff-82f4-948a-3d22a75fb068': [Object], 'd530207e-b845-8be5-9d53-b44b2cf5d8a1': [Object], '2ef35eee-f837-8b28-bea7-9748a332940a': [Object], '470b4175-5b92-89c1-bdac-645a128dc72f': [Object], 'f34698e2-c92c-841a-b0bd-da6883e9c111': [Object], '15349791-fa65-81f7-b378-bb8212b808d2': [Object], 'e368b8b9-c4a5-8d0e-82a0-da17e2d59fe2': [Object], 'd7e286c7-c344-8eef-8aa6-94a781d448bd': [Object], '251e7a71-b5ad-8d22-858b-533e52cc5415': [Object], 'b0711280-2a6c-8b4e-844c-3e902e0c2184': [Object], '58cfbca8-0448-8e2e-af98-49d0a71d1a04': [Object], 'f14e477f-cecc-897a-bee7-c573aa5c76c3': [Object], '58ee172d-aa6f-8023-a3c1-a1d46af6d167': [Object], '19785203-d373-8973-8e64-1a9d8e50be82': [Object], '05f6aca0-79cd-83fe-8096-bae95b0730e8': [Object], 'd68b48e6-93a5-8899-81ec-808f7be333f8': [Object], '2603d738-5a68-83d2-93fe-8e50819f9741': [Object], '86b28f4e-f743-87f8-8375-2ead5c2c295c': [Object], 'b59d54de-ea10-84e1-964c-16d1c776e738': [Object], 'b9181a03-2e08-88cc-8cb0-c137170489b8': [Object], '169f9a28-2c18-8ffe-8c39-fdb5ddd42d67': [Object], '71697171-efcc-8028-9a88-60b32e4a73ad': [Object], 'aae69ad9-ea5d-8dc0-b84a-5b427bedb688': [Object], 'e918a5af-fc77-8a97-86ea-4a5ac3047213': [Object], 'a443f590-c8d3-86d8-9972-75e09b637bed': [Object], '8a20c3d3-0f0f-84ec-b058-d27c85d5ba17': [Object], '2a2d32e5-e113-8dca-a989-b9f1a35c4c78': [Object], 'b3b7a7a6-b9e6-8d9c-82a2-c9cc728e3462': [Object], '1f15fe56-3e56-8cfa-812b-1f231844c782': [Object], '329aae20-7fc7-8e3d-9119-ad44c022c439': [Object], '7a1941ef-f5c1-8d29-9d98-a148ea7e0d64': [Object], '609faefb-5552-8610-86e8-4b614753ee04': [Object], '7e36bf9c-d2fa-876f-aa4f-7cc991ac48b0': [Object], '7d88a524-5246-885e-a937-f6be4219ad48': [Object], 'b03b53e3-456d-8c7a-b056-ff22f4adf06d': [Object], '635dd81f-7dee-8017-a1ce-ba4049a60174': [Object], 'bb3d1241-f191-84a0-949a-1f061efceee3': [Object], '3b60156f-75f9-8424-9ad0-59cbd9c0fd9c': [Object], '44819c06-9e90-8f1f-9f6c-87094560cc30': [Object], '4c1926fa-026d-84bf-bed4-42760d1553dd': [Object], '430c67c1-8c95-8bc2-8fae-84e23a486c3e': [Object], '65271e0f-75a2-82f3-a0a7-a15f7418ae6a': [Object], '41f5d4b9-8494-82cd-b350-2650f8a9efd4': [Object], 'aee0aa7b-c6a9-8407-98aa-26c5384f4bea': [Object], '3f7be222-cc48-8fb0-b007-f6d17119bd7f': [Object] }, roomIds: { 'ashmere_missing_child@0.0.31:room/adder_nest': '1a7c3699-2844-8a55-b29f-eac079c7bf50', 'ashmere_missing_child@0.0.31:room/belfry': '91fde0fc-dd14-846f-826e-245e45d16ec7', 'ashmere_missing_child@0.0.31:room/bell_tower': '953a909b-3a29-8c5c-9e3f-4105b9a47c4b', 'ashmere_missing_child@0.0.31:room/black_pool': 'ff864ad5-cd56-80c8-9392-dc88bdc28fd2', 'ashmere_missing_child@0.0.31:room/boathouse': '6a70d262-b6ea-8b64-9809-ec7f79d1521e', 'ashmere_missing_child@0.0.31:room/chandler': '0f5f2329-bcff-82f4-948a-3d22a75fb068', 'ashmere_missing_child@0.0.31:room/chandler_storeroom': 'd530207e-b845-8be5-9d53-b44b2cf5d8a1', 'ashmere_missing_child@0.0.31:room/chapel_nave': '2ef35eee-f837-8b28-bea7-9748a332940a', 'ashmere_missing_child@0.0.31:room/chapel_steps': '470b4175-5b92-89c1-bdac-645a128dc72f', 'ashmere_missing_child@0.0.31:room/cloister': 'f34698e2-c92c-841a-b0bd-da6883e9c111', 'ashmere_missing_child@0.0.31:room/drowned_lantern': '15349791-fa65-81f7-b378-bb8212b808d2', 'ashmere_missing_child@0.0.31:room/drowned_oak': 'e368b8b9-c4a5-8d0e-82a0-da17e2d59fe2', 'ashmere_missing_child@0.0.31:room/east_gate': 'd7e286c7-c344-8eef-8aa6-94a781d448bd', 'ashmere_missing_child@0.0.31:room/elspeth_cottage': '251e7a71-b5ad-8d22-858b-533e52cc5415', 'ashmere_missing_child@0.0.31:room/fen_isle_landing': 'b0711280-2a6c-8b4e-844c-3e902e0c2184', 'ashmere_missing_child@0.0.31:room/ferry_landing': '58cfbca8-0448-8e2e-af98-49d0a71d1a04', 'ashmere_missing_child@0.0.31:room/fishing_shallows': 'f14e477f-cecc-897a-bee7-c573aa5c76c3', 'ashmere_missing_child@0.0.31:room/fox_den_deep': '58ee172d-aa6f-8023-a3c1-a1d46af6d167', 'ashmere_missing_child@0.0.31:room/fox_hollow': '19785203-d373-8973-8e64-1a9d8e50be82', 'ashmere_missing_child@0.0.31:room/gate_tower': '05f6aca0-79cd-83fe-8096-bae95b0730e8', 'ashmere_missing_child@0.0.31:room/herb_garden': 'd68b48e6-93a5-8899-81ec-808f7be333f8', 'ashmere_missing_child@0.0.31:room/hound_run': '2603d738-5a68-83d2-93fe-8e50819f9741', 'ashmere_missing_child@0.0.31:room/hut_loft': '86b28f4e-f743-87f8-8375-2ead5c2c295c', 'ashmere_missing_child@0.0.31:room/infirmary': 'b59d54de-ea10-84e1-964c-16d1c776e738', 'ashmere_missing_child@0.0.31:room/inn_attic': 'b9181a03-2e08-88cc-8cb0-c137170489b8', 'ashmere_missing_child@0.0.31:room/inn_rooms': '169f9a28-2c18-8ffe-8c39-fdb5ddd42d67', 'ashmere_missing_child@0.0.31:room/isle_hut': '71697171-efcc-8028-9a88-60b32e4a73ad', 'ashmere_missing_child@0.0.31:room/isle_shrine': 'aae69ad9-ea5d-8dc0-b84a-5b427bedb688', 'ashmere_missing_child@0.0.31:room/kitchen_garden': 'e918a5af-fc77-8a97-86ea-4a5ac3047213', 'ashmere_missing_child@0.0.31:room/lantern_cellar': 'a443f590-c8d3-86d8-9972-75e09b637bed', 'ashmere_missing_child@0.0.31:room/marsh_light': '8a20c3d3-0f0f-84ec-b058-d27c85d5ba17', 'ashmere_missing_child@0.0.31:room/mire_crossing': '2a2d32e5-e113-8dca-a989-b9f1a35c4c78', 'ashmere_missing_child@0.0.31:room/north_gate': 'b3b7a7a6-b9e6-8d9c-82a2-c9cc728e3462', 'ashmere_missing_child@0.0.31:room/oak_branches': '1f15fe56-3e56-8cfa-812b-1f231844c782', 'ashmere_missing_child@0.0.31:room/oak_crown': '329aae20-7fc7-8e3d-9119-ad44c022c439', 'ashmere_missing_child@0.0.31:room/old_causeway': '7a1941ef-f5c1-8d29-9d98-a148ea7e0d64', 'ashmere_missing_child@0.0.31:room/orchard': '609faefb-5552-8610-86e8-4b614753ee04', 'ashmere_missing_child@0.0.31:room/prior_study': '7e36bf9c-d2fa-876f-aa4f-7cc991ac48b0', 'ashmere_missing_child@0.0.31:room/reed_bank': '7d88a524-5246-885e-a937-f6be4219ad48', 'ashmere_missing_child@0.0.31:room/reed_path': 'b03b53e3-456d-8c7a-b056-ff22f4adf06d', 'ashmere_missing_child@0.0.31:room/scriptorium': '635dd81f-7dee-8017-a1ce-ba4049a60174', 'ashmere_missing_child@0.0.31:room/smithy': 'bb3d1241-f191-84a0-949a-1f061efceee3', 'ashmere_missing_child@0.0.31:room/spire': '3b60156f-75f9-8424-9ad0-59cbd9c0fd9c', 'ashmere_missing_child@0.0.31:room/tide_flats': '44819c06-9e90-8f1f-9f6c-87094560cc30', 'ashmere_missing_child@0.0.31:room/village_green': '4c1926fa-026d-84bf-bed4-42760d1553dd', 'ashmere_missing_child@0.0.31:room/watch_cell': '430c67c1-8c95-8bc2-8fae-84e23a486c3e', 'ashmere_missing_child@0.0.31:room/watch_post': '65271e0f-75a2-82f3-a0a7-a15f7418ae6a', 'ashmere_missing_child@0.0.31:room/well_lane': '41f5d4b9-8494-82cd-b350-2650f8a9efd4', 'ashmere_missing_child@0.0.31:room/well_shaft': 'aee0aa7b-c6a9-8407-98aa-26c5384f4bea', 'ashmere_missing_child@0.0.31:room/willow_shade': '3f7be222-cc48-8fb0-b007-f6d17119bd7f' }, details: { '6514913d-4eee-8eae-857e-c5bd36d48735': [Object], '48e925e9-3e80-821a-961b-285dfd4c0f7f': [Object], 'c2911a55-31ab-8851-9e0d-a41f68dc9df8': [Object], 'bb23fa9b-1a4a-85de-a4e5-9689db3cdc84': [Object], '4ab97506-6638-89ed-92ba-1dd9267d590b': [Object], 'c502e9fc-8929-89a9-bf2d-3fbc2927aebf': [Object], '35b6cc9c-b7d1-893b-9ba7-29c5447b8074': [Object], '1d977082-84af-8453-b374-f8e9be74e514': [Object], 'dc0af619-e9bf-881e-8f32-9098160c25f4': [Object], '4c52acd0-a115-8aa7-8f2a-1a90fa463ca7': [Object], '308fdba0-75a4-8483-9ac3-7c91575c75c1': [Object], '53a9dd69-4a95-87dc-9acb-554acd36770d': [Object], '89854665-aaa3-821b-a01c-6ca566ef983a': [Object], '79854351-b43a-85e0-a50d-72c7ba29e197': [Object], 'b8ed867e-f3e4-857a-a9cd-7fc283bc71a2': [Object], '2de11812-eff4-801c-9a6e-ab526f783330': [Object], '192ab4e9-ab36-8b5c-bb12-50a93f8cacd2': [Object], '311fd11c-f827-8829-93cc-8fb9d45780e7': [Object], '478fa0c5-5e19-81ca-964f-9fa745503d4b': [Object], 'ec91fb58-3e69-84ae-ae0c-8e970e6d3dc3': [Object], '1b2bc79f-64d7-8f86-86c4-b8ffe05ca5e2': [Object], 'd56fa105-a2b8-8760-a46c-d0c78dbed920': [Object], 'aecc745c-f218-8b1f-bc81-7685a73295c0': [Object], 'bb12a796-8060-8b15-bf03-cb94459ded6e': [Object], '2d522955-ddb6-8da2-8a2d-9819faa6d2b1': [Object], '18b273a9-3f9d-8800-a357-f40e2dbf2195': [Object], '9c59c35a-a2b2-89d8-ad5c-7e43bf6a7c5a': [Object], '0dae9e17-24d1-8ced-9d1d-e55f7c1df768': [Object], '51db588e-5bdf-8d22-b1ba-602568a6ad5b': [Object], '76a59aff-d11c-8bcd-875e-43097d20b3b2': [Object], 'ab8a8c57-b23a-8814-9cf6-293d9141c078': [Object] }, entities: { '2a07c1ae-7036-8a06-8426-de75078d79a3': [Object], '1d7cfec5-84d1-89df-b0f3-6a9e9852e647': [Object], 'f1af1320-32d6-83ce-9ba2-9c107b5ecc56': [Object], '13e64759-6fc3-8b88-ade5-56dbaa5d940d': [Object], 'c2dcc404-9fda-84ea-af86-4596e9beb2d6': [Object], '699d2010-15a3-8a4a-936b-e8e55b4fa065': [Object], '5ce172d0-4fa9-8ded-bde5-0f32bc984fcc': [Object], 'f3c7442b-1155-8f9a-8482-3a4f621a90fd': [Object], '5618d912-3e17-8488-a2e6-0927cff37eb5': [Object], 'dd8c6f46-accd-87e3-af31-b0caf37caeeb': [Object], '040cd593-516a-8270-9e6d-7b49fe6a516a': [Object], '4c9c088a-aede-8ef6-906d-8bc0a9bc1701': [Object], 'e89b9f79-f8a1-8062-a340-1996b92e8a39': [Object], 'aa3ddc23-4cd4-8c1c-9619-627eca1fe15c': [Object], '3592b213-4e3c-892f-bfca-e2653121110e': [Object], 'a7749537-b626-8535-82ba-69330478c06f': [Object], 'b53e677f-7d1b-8954-bab9-d66f7acf1f09': [Object], 'b449f807-96d1-8fb8-9304-c45553d7e4f2': [Object], '91dc36d6-58da-89cb-be0d-64940e791e80': [Object], 'e3d910f1-e91f-81c4-b647-6b5590597af2': [Object], 'a41582c6-b5eb-846f-b138-ea39dc49e797': [Object], '7561d6c2-0c34-8719-9bc2-6851f7b04682': [Object], '58935a9a-fada-894c-978c-607047afbc25': [Object], '0556eeda-6c38-8679-bc0b-5a9848eba57a': [Object], 'a843bbb3-846a-8dce-ade2-36356c37c183': [Object], 'f9f5ff00-b852-83ff-97b4-b54072c401bd': [Object], '887efed7-40bb-8854-8ece-640e45e3e5d4': [Object], 'ee88876f-e173-89bf-b354-fa9b2ddb3f0b': [Object], 'cf0d9c5d-717d-8796-b5f0-095efed5e284': [Object], '91de55c4-b469-873b-abb9-334cce88d6a9': [Object], '37ef3668-8242-851e-94bc-66e562abebd7': [Object], 'd72e86a8-d96d-81da-b47f-ee8097d9290d': [Object], 'bea306fb-2b58-847c-a4e0-045f9d13b739': [Object], 'deefcfd1-0955-825a-bd67-e8f03665a8f3': [Object], 'fe8a933a-59bb-8e0c-b129-e40cd6678f85': [Object], 'b45f7385-6cf5-800d-b604-1dc7bab19891': [Object], '56362445-0a33-8900-9bd2-1cfa0e0e1cfb': [Object], '695264ac-d0fd-8ff9-a2ce-a5bc68ecd3e8': [Object], 'e1f06e4a-2ae6-8f75-bb0b-b0a2e8370be0': [Object], '385d5416-3de6-82e4-aae0-775164b045c2': [Object], 'e26d5050-0ec1-8ec4-a164-209a07f75784': [Object], '7aa6c88d-bb91-86bf-add6-146962885046': [Object], '10798f17-56fe-899f-b1f1-2165bc7aa94a': [Object], '2d75f5bd-a92e-8c56-97b0-652cdbf9ca62': [Object], 'ca9abb6b-add9-8496-9f83-3c6069959fb6': [Object], 'b98193c5-44c9-8ea4-9b9d-600c2aa84ebb': [Object], 'b0abb6c3-7896-807a-a308-5f6ee0ddd150': [Object], '15076a66-097b-8dbc-85ec-bd166d6ecab9': [Object], '6c939a35-4efc-8a5c-8bc7-00f4c42bdfc2': [Object], '21f61dc2-0501-8853-a8ff-88ed5dbd71b7': [Object], '00a60498-0ca6-8137-8172-7101d3767e0c': [Object], '65d77be3-068c-8eff-a84e-8b17a5777bcc': [Object], 'd74bfe67-ee0c-839e-b5e1-ef2095ae3109': [Object], 'b887681c-2d13-8cab-a2e3-6b4388ee0dd9': [Object], '676a7640-aee6-8d70-a326-ed19a6d9a130': [Object], 'f6fc60a2-0eb4-8a50-8ed8-38cd3dbd0f1a': [Object], '84fd3cbf-5a89-8680-bea7-cf44e790ff8c': [Object], 'c735ddfb-fc9d-866a-b5e0-1feb5a516bf6': [Object], 'b303069b-00e7-8e90-9241-9392c7c6bd7d': [Object], 'f3de2a43-417f-8e67-86d1-a375231e01ed': [Object], '1ff34115-09bf-88cc-94fc-be3e623e9a19': [Object], 'f0e76c82-d099-811e-a6ba-caef3f2615e9': [Object], '73868cdd-0749-8a27-877e-1059c7fcbd74': [Object], '135ad56f-dfaa-8e43-985d-9dd1e051753b': [Object], 'dce25ff1-322e-80ae-8f48-e0c4062c2783': [Object], '3924002c-1621-899b-a2b3-c34d2c4cdcf1': [Object], '095f2582-fe61-8790-8a4d-01463a2975b7': [Object], '8cbac3ab-b59e-823a-90ae-6f7935e3b763': [Object], 'a1451e93-408d-8bbb-8485-a3c04b023270': [Object], 'fae561a6-53e6-8a8c-bd7c-19430abda2ac': [Object], '30c00822-6fb5-833d-a05e-7787134bea59': [Object], '48a8dc05-4012-86d8-9d24-e68f2d7317ac': [Object], '73239b47-e139-8175-9373-e192e96ad419': [Object], '96959e17-0504-835b-8968-b091fda108b6': [Object] }, entityIds: { 'ashmere_missing_child@0.0.31:npc/ada': '2a07c1ae-7036-8a06-8426-de75078d79a3', 'ashmere_missing_child@0.0.31:npc/aldric': '1d7cfec5-84d1-89df-b0f3-6a9e9852e647', 'ashmere_missing_child@0.0.31:npc/ash': 'f1af1320-32d6-83ce-9ba2-9c107b5ecc56', 'ashmere_missing_child@0.0.31:npc/cellar_rat_1': '13e64759-6fc3-8b88-ade5-56dbaa5d940d', 'ashmere_missing_child@0.0.31:npc/cellar_rat_2': 'c2dcc404-9fda-84ea-af86-4596e9beb2d6', 'ashmere_missing_child@0.0.31:npc/cellar_rat_3': '699d2010-15a3-8a4a-936b-e8e55b4fa065', 'ashmere_missing_child@0.0.31:npc/cellar_rat_4': '5ce172d0-4fa9-8ded-bde5-0f32bc984fcc', 'ashmere_missing_child@0.0.31:npc/cellar_rat_5': 'f3c7442b-1155-8f9a-8482-3a4f621a90fd', 'ashmere_missing_child@0.0.31:npc/elspeth': '5618d912-3e17-8488-a2e6-0927cff37eb5', 'ashmere_missing_child@0.0.31:npc/gareth': 'dd8c6f46-accd-87e3-af31-b0caf37caeeb', 'ashmere_missing_child@0.0.31:npc/hale': '040cd593-516a-8270-9e6d-7b49fe6a516a', 'ashmere_missing_child@0.0.31:npc/maud': '4c9c088a-aede-8ef6-906d-8bc0a9bc1701', 'ashmere_missing_child@0.0.31:npc/peg': 'e89b9f79-f8a1-8062-a340-1996b92e8a39', 'ashmere_missing_child@0.0.31:npc/sedge': 'aa3ddc23-4cd4-8c1c-9619-627eca1fe15c', 'ashmere_missing_child@0.0.31:npc/tobin': '3592b213-4e3c-892f-bfca-e2653121110e', 'ashmere_missing_child@0.0.31:npc/vesper': 'a7749537-b626-8535-82ba-69330478c06f', 'ashmere_missing_child@0.0.31:npc/wick': 'b53e677f-7d1b-8954-bab9-d66f7acf1f09', 'ashmere_missing_child@0.0.31:npc/wisp': 'b449f807-96d1-8fb8-9304-c45553d7e4f2', 'ashmere_missing_child@0.0.31:npc/wren': '91dc36d6-58da-89cb-be0d-64940e791e80', 'ashmere_missing_child@0.0.31:item/apple_01': 'e3d910f1-e91f-81c4-b647-6b5590597af2', 'ashmere_missing_child@0.0.31:item/apple_02': 'a41582c6-b5eb-846f-b138-ea39dc49e797', 'ashmere_missing_child@0.0.31:item/apple_03': '7561d6c2-0c34-8719-9bc2-6851f7b04682', 'ashmere_missing_child@0.0.31:item/bandage_01': '58935a9a-fada-894c-978c-607047afbc25', 'ashmere_missing_child@0.0.31:item/bandage_02': '0556eeda-6c38-8679-bc0b-5a9848eba57a', 'ashmere_missing_child@0.0.31:item/bandage_03': 'a843bbb3-846a-8dce-ade2-36356c37c183', 'ashmere_missing_child@0.0.31:item/bandage_04': 'f9f5ff00-b852-83ff-97b4-b54072c401bd', 'ashmere_missing_child@0.0.31:item/bandage_05': '887efed7-40bb-8854-8ece-640e45e3e5d4', 'ashmere_missing_child@0.0.31:item/bandage_06': 'ee88876f-e173-89bf-b354-fa9b2ddb3f0b', 'ashmere_missing_child@0.0.31:item/bandage_07': 'cf0d9c5d-717d-8796-b5f0-095efed5e284', 'ashmere_missing_child@0.0.31:item/bandage_08': '91de55c4-b469-873b-abb9-334cce88d6a9', 'ashmere_missing_child@0.0.31:item/bandage_09': '37ef3668-8242-851e-94bc-66e562abebd7', 'ashmere_missing_child@0.0.31:item/bandage_10': 'd72e86a8-d96d-81da-b47f-ee8097d9290d', 'ashmere_missing_child@0.0.31:item/bandage_11': 'bea306fb-2b58-847c-a4e0-045f9d13b739', 'ashmere_missing_child@0.0.31:item/bandage_12': 'deefcfd1-0955-825a-bd67-e8f03665a8f3', 'ashmere_missing_child@0.0.31:item/bell_rites': 'fe8a933a-59bb-8e0c-b129-e40cd6678f85', 'ashmere_missing_child@0.0.31:item/brass_key': 'b45f7385-6cf5-800d-b604-1dc7bab19891', 'ashmere_missing_child@0.0.31:item/cellar_key': '56362445-0a33-8900-9bd2-1cfa0e0e1cfb', 'ashmere_missing_child@0.0.31:item/fenwort_01': '695264ac-d0fd-8ff9-a2ce-a5bc68ecd3e8', 'ashmere_missing_child@0.0.31:item/fenwort_02': 'e1f06e4a-2ae6-8f75-bb0b-b0a2e8370be0', 'ashmere_missing_child@0.0.31:item/fenwort_03': '385d5416-3de6-82e4-aae0-775164b045c2', 'ashmere_missing_child@0.0.31:item/fenwort_04': 'e26d5050-0ec1-8ec4-a164-209a07f75784', 'ashmere_missing_child@0.0.31:item/fenwort_05': '7aa6c88d-bb91-86bf-add6-146962885046', 'ashmere_missing_child@0.0.31:item/fenwort_06': '10798f17-56fe-899f-b1f1-2165bc7aa94a', 'ashmere_missing_child@0.0.31:item/fenwort_07': '2d75f5bd-a92e-8c56-97b0-652cdbf9ca62', 'ashmere_missing_child@0.0.31:item/fenwort_08': 'ca9abb6b-add9-8496-9f83-3c6069959fb6', 'ashmere_missing_child@0.0.31:item/fenwort_09': 'b98193c5-44c9-8ea4-9b9d-600c2aa84ebb', 'ashmere_missing_child@0.0.31:item/fenwort_10': 'b0abb6c3-7896-807a-a308-5f6ee0ddd150', 'ashmere_missing_child@0.0.31:item/fenwort_11': '15076a66-097b-8dbc-85ec-bd166d6ecab9', 'ashmere_missing_child@0.0.31:item/fenwort_12': '6c939a35-4efc-8a5c-8bc7-00f4c42bdfc2', 'ashmere_missing_child@0.0.31:item/fox_drawing': '21f61dc2-0501-8853-a8ff-88ed5dbd71b7', 'ashmere_missing_child@0.0.31:item/iron_sword': '00a60498-0ca6-8137-8172-7101d3767e0c', 'ashmere_missing_child@0.0.31:item/lamp_oil': '65d77be3-068c-8eff-a84e-8b17a5777bcc', 'ashmere_missing_child@0.0.31:item/lantern_ale_cask': 'd74bfe67-ee0c-839e-b5e1-ef2095ae3109', 'ashmere_missing_child@0.0.31:item/rusty_sword': 'b887681c-2d13-8cab-a2e3-6b4388ee0dd9', 'ashmere_missing_child@0.0.31:item/satchel': '676a7640-aee6-8d70-a326-ed19a6d9a130', 'ashmere_missing_child@0.0.31:item/spare_waterskin': 'f6fc60a2-0eb4-8a50-8ed8-38cd3dbd0f1a', 'ashmere_missing_child@0.0.31:item/storage_chest': '84fd3cbf-5a89-8680-bea7-cf44e790ff8c', 'ashmere_missing_child@0.0.31:item/tin_whistle': 'c735ddfb-fc9d-866a-b5e0-1feb5a516bf6', 'ashmere_missing_child@0.0.31:item/tithe_ledger': 'b303069b-00e7-8e90-9241-9392c7c6bd7d', 'ashmere_missing_child@0.0.31:item/torch': 'f3de2a43-417f-8e67-86d1-a375231e01ed', 'ashmere_missing_child@0.0.31:item/trunk': '1ff34115-09bf-88cc-94fc-be3e623e9a19', 'ashmere_missing_child@0.0.31:item/vesper_message': 'f0e76c82-d099-811e-a6ba-caef3f2615e9', 'ashmere_missing_child@0.0.31:item/ward_of_the_fen': '73868cdd-0749-8a27-877e-1059c7fcbd74', 'ashmere_missing_child@0.0.31:item/waterskin': '135ad56f-dfaa-8e43-985d-9dd1e051753b', 'ashmere_missing_child@0.0.31:item/wooden_shield': 'dce25ff1-322e-80ae-8f48-e0c4062c2783', 'ashmere_missing_child@0.0.31:item/wool_cloak': '3924002c-1621-899b-a2b3-c34d2c4cdcf1' }, capacities: { 'e3d910f1-e91f-81c4-b647-6b5590597af2': 0, 'a41582c6-b5eb-846f-b138-ea39dc49e797': 0, '7561d6c2-0c34-8719-9bc2-6851f7b04682': 0, '58935a9a-fada-894c-978c-607047afbc25': 0, '0556eeda-6c38-8679-bc0b-5a9848eba57a': 0, 'a843bbb3-846a-8dce-ade2-36356c37c183': 0, 'f9f5ff00-b852-83ff-97b4-b54072c401bd': 0, '887efed7-40bb-8854-8ece-640e45e3e5d4': 0, 'ee88876f-e173-89bf-b354-fa9b2ddb3f0b': 0, 'cf0d9c5d-717d-8796-b5f0-095efed5e284': 0, '91de55c4-b469-873b-abb9-334cce88d6a9': 0, '37ef3668-8242-851e-94bc-66e562abebd7': 0, 'd72e86a8-d96d-81da-b47f-ee8097d9290d': 0, 'bea306fb-2b58-847c-a4e0-045f9d13b739': 0, 'deefcfd1-0955-825a-bd67-e8f03665a8f3': 0, 'fe8a933a-59bb-8e0c-b129-e40cd6678f85': 0, 'b45f7385-6cf5-800d-b604-1dc7bab19891': 0, '56362445-0a33-8900-9bd2-1cfa0e0e1cfb': 0, '695264ac-d0fd-8ff9-a2ce-a5bc68ecd3e8': 0, 'e1f06e4a-2ae6-8f75-bb0b-b0a2e8370be0': 0, '385d5416-3de6-82e4-aae0-775164b045c2': 0, 'e26d5050-0ec1-8ec4-a164-209a07f75784': 0, '7aa6c88d-bb91-86bf-add6-146962885046': 0, '10798f17-56fe-899f-b1f1-2165bc7aa94a': 0, '2d75f5bd-a92e-8c56-97b0-652cdbf9ca62': 0, 'ca9abb6b-add9-8496-9f83-3c6069959fb6': 0, 'b98193c5-44c9-8ea4-9b9d-600c2aa84ebb': 0, 'b0abb6c3-7896-807a-a308-5f6ee0ddd150': 0, '15076a66-097b-8dbc-85ec-bd166d6ecab9': 0, '6c939a35-4efc-8a5c-8bc7-00f4c42bdfc2': 0, '21f61dc2-0501-8853-a8ff-88ed5dbd71b7': 0, '00a60498-0ca6-8137-8172-7101d3767e0c': 0, '65d77be3-068c-8eff-a84e-8b17a5777bcc': 0, 'd74bfe67-ee0c-839e-b5e1-ef2095ae3109': 0, 'b887681c-2d13-8cab-a2e3-6b4388ee0dd9': 0, '676a7640-aee6-8d70-a326-ed19a6d9a130': 4, 'f6fc60a2-0eb4-8a50-8ed8-38cd3dbd0f1a': 0, '84fd3cbf-5a89-8680-bea7-cf44e790ff8c': 12, 'c735ddfb-fc9d-866a-b5e0-1feb5a516bf6': 0, 'b303069b-00e7-8e90-9241-9392c7c6bd7d': 0, 'f3de2a43-417f-8e67-86d1-a375231e01ed': 0, 'f0e76c82-d099-811e-a6ba-caef3f2615e9': 0, '73868cdd-0749-8a27-877e-1059c7fcbd74': 0, '135ad56f-dfaa-8e43-985d-9dd1e051753b': 0, 'dce25ff1-322e-80ae-8f48-e0c4062c2783': 0, '3924002c-1621-899b-a2b3-c34d2c4cdcf1': 0, '6b2b9c4f-6781-82f4-a079-908def5908f6': 1, '13951eb1-f988-89b1-9bf2-a9fb73caa1bc': 1, '63441f36-3a9b-8b10-9acd-43f4b5e634c7': 1, '619363b4-697f-8e0d-ae4a-5208a285a460': 1, '30c00822-6fb5-833d-a05e-7787134bea59': 0, '48a8dc05-4012-86d8-9d24-e68f2d7317ac': 0, '73239b47-e139-8175-9373-e192e96ad419': 0, '96959e17-0504-835b-8968-b091fda108b6': 0 }, liquidSpecs: { 'd74bfe67-ee0c-839e-b5e1-ef2095ae3109': [Object], 'f6fc60a2-0eb4-8a50-8ed8-38cd3dbd0f1a': [Object], '135ad56f-dfaa-8e43-985d-9dd1e051753b': [Object] }, knownEntities: { '1a7c3699-2844-8a55-b29f-eac079c7bf50': [Object], '91fde0fc-dd14-846f-826e-245e45d16ec7': [Object], '953a909b-3a29-8c5c-9e3f-4105b9a47c4b': [Object], 'ff864ad5-cd56-80c8-9392-dc88bdc28fd2': [Object], '6a70d262-b6ea-8b64-9809-ec7f79d1521e': [Object], '0f5f2329-bcff-82f4-948a-3d22a75fb068': [Object], 'd530207e-b845-8be5-9d53-b44b2cf5d8a1': [Object], '2ef35eee-f837-8b28-bea7-9748a332940a': [Object], '470b4175-5b92-89c1-bdac-645a128dc72f': [Object], 'f34698e2-c92c-841a-b0bd-da6883e9c111': [Object], '15349791-fa65-81f7-b378-bb8212b808d2': [Object], 'e368b8b9-c4a5-8d0e-82a0-da17e2d59fe2': [Object], 'd7e286c7-c344-8eef-8aa6-94a781d448bd': [Object], '251e7a71-b5ad-8d22-858b-533e52cc5415': [Object], 'b0711280-2a6c-8b4e-844c-3e902e0c2184': [Object], '58cfbca8-0448-8e2e-af98-49d0a71d1a04': [Object], 'f14e477f-cecc-897a-bee7-c573aa5c76c3': [Object], '58ee172d-aa6f-8023-a3c1-a1d46af6d167': [Object], '19785203-d373-8973-8e64-1a9d8e50be82': [Object], '05f6aca0-79cd-83fe-8096-bae95b0730e8': [Object], 'd68b48e6-93a5-8899-81ec-808f7be333f8': [Object], '2603d738-5a68-83d2-93fe-8e50819f9741': [Object], '86b28f4e-f743-87f8-8375-2ead5c2c295c': [Object], 'b59d54de-ea10-84e1-964c-16d1c776e738': [Object], 'b9181a03-2e08-88cc-8cb0-c137170489b8': [Object], '169f9a28-2c18-8ffe-8c39-fdb5ddd42d67': [Object], '71697171-efcc-8028-9a88-60b32e4a73ad': [Object], 'aae69ad9-ea5d-8dc0-b84a-5b427bedb688': [Object], 'e918a5af-fc77-8a97-86ea-4a5ac3047213': [Object], 'a443f590-c8d3-86d8-9972-75e09b637bed': [Object], '8a20c3d3-0f0f-84ec-b058-d27c85d5ba17': [Object], '2a2d32e5-e113-8dca-a989-b9f1a35c4c78': [Object], 'b3b7a7a6-b9e6-8d9c-82a2-c9cc728e3462': [Object], '1f15fe56-3e56-8cfa-812b-1f231844c782': [Object], '329aae20-7fc7-8e3d-9119-ad44c022c439': [Object], '7a1941ef-f5c1-8d29-9d98-a148ea7e0d64': [Object], '609faefb-5552-8610-86e8-4b614753ee04': [Object], '7e36bf9c-d2fa-876f-aa4f-7cc991ac48b0': [Object], '7d88a524-5246-885e-a937-f6be4219ad48': [Object], 'b03b53e3-456d-8c7a-b056-ff22f4adf06d': [Object], '635dd81f-7dee-8017-a1ce-ba4049a60174': [Object], 'bb3d1241-f191-84a0-949a-1f061efceee3': [Object], '3b60156f-75f9-8424-9ad0-59cbd9c0fd9c': [Object], '44819c06-9e90-8f1f-9f6c-87094560cc30': [Object], '4c1926fa-026d-84bf-bed4-42760d1553dd': [Object], '430c67c1-8c95-8bc2-8fae-84e23a486c3e': [Object], '65271e0f-75a2-82f3-a0a7-a15f7418ae6a': [Object], '41f5d4b9-8494-82cd-b350-2650f8a9efd4': [Object], 'aee0aa7b-c6a9-8407-98aa-26c5384f4bea': [Object], '3f7be222-cc48-8fb0-b007-f6d17119bd7f': [Object], '6514913d-4eee-8eae-857e-c5bd36d48735': [Object], '48e925e9-3e80-821a-961b-285dfd4c0f7f': [Object], 'c2911a55-31ab-8851-9e0d-a41f68dc9df8': [Object], 'bb23fa9b-1a4a-85de-a4e5-9689db3cdc84': [Object], '4ab97506-6638-89ed-92ba-1dd9267d590b': [Object], 'c502e9fc-8929-89a9-bf2d-3fbc2927aebf': [Object], '35b6cc9c-b7d1-893b-9ba7-29c5447b8074': [Object], '1d977082-84af-8453-b374-f8e9be74e514': [Object], 'dc0af619-e9bf-881e-8f32-9098160c25f4': [Object], '4c52acd0-a115-8aa7-8f2a-1a90fa463ca7': [Object], '308fdba0-75a4-8483-9ac3-7c91575c75c1': [Object], '53a9dd69-4a95-87dc-9acb-554acd36770d': [Object], '89854665-aaa3-821b-a01c-6ca566ef983a': [Object], '79854351-b43a-85e0-a50d-72c7ba29e197': [Object], 'b8ed867e-f3e4-857a-a9cd-7fc283bc71a2': [Object], '2de11812-eff4-801c-9a6e-ab526f783330': [Object], '192ab4e9-ab36-8b5c-bb12-50a93f8cacd2': [Object], '311fd11c-f827-8829-93cc-8fb9d45780e7': [Object], '478fa0c5-5e19-81ca-964f-9fa745503d4b': [Object], 'ec91fb58-3e69-84ae-ae0c-8e970e6d3dc3': [Object], '1b2bc79f-64d7-8f86-86c4-b8ffe05ca5e2': [Object], 'd56fa105-a2b8-8760-a46c-d0c78dbed920': [Object], 'aecc745c-f218-8b1f-bc81-7685a73295c0': [Object], 'bb12a796-8060-8b15-bf03-cb94459ded6e': [Object], '2d522955-ddb6-8da2-8a2d-9819faa6d2b1': [Object], '18b273a9-3f9d-8800-a357-f40e2dbf2195': [Object], '9c59c35a-a2b2-89d8-ad5c-7e43bf6a7c5a': [Object], '0dae9e17-24d1-8ced-9d1d-e55f7c1df768': [Object], '51db588e-5bdf-8d22-b1ba-602568a6ad5b': [Object], '76a59aff-d11c-8bcd-875e-43097d20b3b2': [Object], 'ab8a8c57-b23a-8814-9cf6-293d9141c078': [Object], '2a07c1ae-7036-8a06-8426-de75078d79a3': [Object], '1d7cfec5-84d1-89df-b0f3-6a9e9852e647': [Object], 'f1af1320-32d6-83ce-9ba2-9c107b5ecc56': [Object], '13e64759-6fc3-8b88-ade5-56dbaa5d940d': [Object], 'c2dcc404-9fda-84ea-af86-4596e9beb2d6': [Object], '699d2010-15a3-8a4a-936b-e8e55b4fa065': [Object], '5ce172d0-4fa9-8ded-bde5-0f32bc984fcc': [Object], 'f3c7442b-1155-8f9a-8482-3a4f621a90fd': [Object], '5618d912-3e17-8488-a2e6-0927cff37eb5': [Object], 'dd8c6f46-accd-87e3-af31-b0caf37caeeb': [Object], '040cd593-516a-8270-9e6d-7b49fe6a516a': [Object], '4c9c088a-aede-8ef6-906d-8bc0a9bc1701': [Object], 'e89b9f79-f8a1-8062-a340-1996b92e8a39': [Object], 'aa3ddc23-4cd4-8c1c-9619-627eca1fe15c': [Object], '3592b213-4e3c-892f-bfca-e2653121110e': [Object], 'a7749537-b626-8535-82ba-69330478c06f': [Object], 'b53e677f-7d1b-8954-bab9-d66f7acf1f09': [Object], 'b449f807-96d1-8fb8-9304-c45553d7e4f2': [Object], '91dc36d6-58da-89cb-be0d-64940e791e80': [Object], 'e3d910f1-e91f-81c4-b647-6b5590597af2': [Object], 'a41582c6-b5eb-846f-b138-ea39dc49e797': [Object], '7561d6c2-0c34-8719-9bc2-6851f7b04682': [Object], '58935a9a-fada-894c-978c-607047afbc25': [Object], '0556eeda-6c38-8679-bc0b-5a9848eba57a': [Object], 'a843bbb3-846a-8dce-ade2-36356c37c183': [Object], 'f9f5ff00-b852-83ff-97b4-b54072c401bd': [Object], '887efed7-40bb-8854-8ece-640e45e3e5d4': [Object], 'ee88876f-e173-89bf-b354-fa9b2ddb3f0b': [Object], 'cf0d9c5d-717d-8796-b5f0-095efed5e284': [Object], '91de55c4-b469-873b-abb9-334cce88d6a9': [Object], '37ef3668-8242-851e-94bc-66e562abebd7': [Object], 'd72e86a8-d96d-81da-b47f-ee8097d9290d': [Object], 'bea306fb-2b58-847c-a4e0-045f9d13b739': [Object], 'deefcfd1-0955-825a-bd67-e8f03665a8f3': [Object], 'fe8a933a-59bb-8e0c-b129-e40cd6678f85': [Object], 'b45f7385-6cf5-800d-b604-1dc7bab19891': [Object], '56362445-0a33-8900-9bd2-1cfa0e0e1cfb': [Object], '695264ac-d0fd-8ff9-a2ce-a5bc68ecd3e8': [Object], 'e1f06e4a-2ae6-8f75-bb0b-b0a2e8370be0': [Object], '385d5416-3de6-82e4-aae0-775164b045c2': [Object], 'e26d5050-0ec1-8ec4-a164-209a07f75784': [Object], '7aa6c88d-bb91-86bf-add6-146962885046': [Object], '10798f17-56fe-899f-b1f1-2165bc7aa94a': [Object], '2d75f5bd-a92e-8c56-97b0-652cdbf9ca62': [Object], 'ca9abb6b-add9-8496-9f83-3c6069959fb6': [Object], 'b98193c5-44c9-8ea4-9b9d-600c2aa84ebb': [Object], 'b0abb6c3-7896-807a-a308-5f6ee0ddd150': [Object], '15076a66-097b-8dbc-85ec-bd166d6ecab9': [Object], '6c939a35-4efc-8a5c-8bc7-00f4c42bdfc2': [Object], '21f61dc2-0501-8853-a8ff-88ed5dbd71b7': [Object], '00a60498-0ca6-8137-8172-7101d3767e0c': [Object], '65d77be3-068c-8eff-a84e-8b17a5777bcc': [Object], 'd74bfe67-ee0c-839e-b5e1-ef2095ae3109': [Object], 'b887681c-2d13-8cab-a2e3-6b4388ee0dd9': [Object], '676a7640-aee6-8d70-a326-ed19a6d9a130': [Object], 'f6fc60a2-0eb4-8a50-8ed8-38cd3dbd0f1a': [Object], '84fd3cbf-5a89-8680-bea7-cf44e790ff8c': [Object], 'c735ddfb-fc9d-866a-b5e0-1feb5a516bf6': [Object], 'b303069b-00e7-8e90-9241-9392c7c6bd7d': [Object], 'f3de2a43-417f-8e67-86d1-a375231e01ed': [Object], '1ff34115-09bf-88cc-94fc-be3e623e9a19': [Object], 'f0e76c82-d099-811e-a6ba-caef3f2615e9': [Object], '73868cdd-0749-8a27-877e-1059c7fcbd74': [Object], '135ad56f-dfaa-8e43-985d-9dd1e051753b': [Object], 'dce25ff1-322e-80ae-8f48-e0c4062c2783': [Object], '3924002c-1621-899b-a2b3-c34d2c4cdcf1': [Object], '6b2b9c4f-6781-82f4-a079-908def5908f6': [Object], '13951eb1-f988-89b1-9bf2-a9fb73caa1bc': [Object], '63441f36-3a9b-8b10-9acd-43f4b5e634c7': [Object], '619363b4-697f-8e0d-ae4a-5208a285a460': [Object], '4eec3894-027a-8584-9797-f7fdcd3641e5': [Object], '3d4829ad-9e43-81ef-bc10-66b1b267e157': [Object], '095f2582-fe61-8790-8a4d-01463a2975b7': [Object], '8cbac3ab-b59e-823a-90ae-6f7935e3b763': [Object], 'a1451e93-408d-8bbb-8485-a3c04b023270': [Object], 'fae561a6-53e6-8a8c-bd7c-19430abda2ac': [Object], '30c00822-6fb5-833d-a05e-7787134bea59': [Object], '48a8dc05-4012-86d8-9d24-e68f2d7317ac': [Object], '73239b47-e139-8175-9373-e192e96ad419': [Object], '96959e17-0504-835b-8968-b091fda108b6': [Object] }, corpseTemplates: { '{"cartridge_id":"ashmere_missing_child","cartridge_version":"0.0.31","key":"player_corpse","kind":"item"}': 'player', '{"cartridge_id":"ashmere_missing_child","cartridge_version":"0.0.31","key":"rat_corpse","kind":"item"}': 'npc', '{"cartridge_id":"ashmere_missing_child","cartridge_version":"0.0.31","key":"hound_corpse","kind":"item"}': 'npc' }, populationSpecs: { '{"cartridge_id":"ashmere_missing_child","cartridge_version":"0.0.31","key":"fen_hounds","kind":"population"}': [Object] }, entityResourceSpecs: { '{"entity_id":"13e64759-6fc3-8b88-ade5-56dbaa5d940d","kind":"resource","resource":{"cartridge_id":"ashmere_missing_child","cartridge_version":"0.0.31","key":"hp","kind":"resource"}}': [Object], '{"entity_id":"c2dcc404-9fda-84ea-af86-4596e9beb2d6","kind":"resource","resource":{"cartridge_id":"ashmere_missing_child","cartridge_version":"0.0.31","key":"hp","kind":"resource"}}': [Object], '{"entity_id":"699d2010-15a3-8a4a-936b-e8e55b4fa065","kind":"resource","resource":{"cartridge_id":"ashmere_missing_child","cartridge_version":"0.0.31","key":"hp","kind":"resource"}}': [Object], '{"entity_id":"5ce172d0-4fa9-8ded-bde5-0f32bc984fcc","kind":"resource","resource":{"cartridge_id":"ashmere_missing_child","cartridge_version":"0.0.31","key":"hp","kind":"resource"}}': [Object], '{"entity_id":"f3c7442b-1155-8f9a-8482-3a4f621a90fd","kind":"resource","resource":{"cartridge_id":"ashmere_missing_child","cartridge_version":"0.0.31","key":"hp","kind":"resource"}}': [Object], '{"entity_id":"095f2582-fe61-8790-8a4d-01463a2975b7","kind":"resource","resource":{"cartridge_id":"ashmere_missing_child","cartridge_version":"0.0.31","key":"hp","kind":"resource"}}': [Object], '{"entity_id":"8cbac3ab-b59e-823a-90ae-6f7935e3b763","kind":"resource","resource":{"cartridge_id":"ashmere_missing_child","cartridge_version":"0.0.31","key":"hp","kind":"resource"}}': [Object], '{"entity_id":"a1451e93-408d-8bbb-8485-a3c04b023270","kind":"resource","resource":{"cartridge_id":"ashmere_missing_child","cartridge_version":"0.0.31","key":"hp","kind":"resource"}}': [Object], '{"entity_id":"fae561a6-53e6-8a8c-bd7c-19430abda2ac","kind":"resource","resource":{"cartridge_id":"ashmere_missing_child","cartridge_version":"0.0.31","key":"hp","kind":"resource"}}': [Object] }, factDefaults: { '{"cartridge_id":"ashmere_missing_child","cartridge_version":"0.0.31","key":"chapel_allegiance","kind":"fact"}': 'unknown', '{"cartridge_id":"ashmere_missing_child","cartridge_version":"0.0.31","key":"chapel_bell_rung","kind":"fact"}': false, '{"cartridge_id":"ashmere_missing_child","cartridge_version":"0.0.31","key":"dream_seen","kind":"fact"}': false, '{"cartridge_id":"ashmere_missing_child","cartridge_version":"0.0.31","key":"fen_return_branch","kind":"fact"}': 'unselected', '{"cartridge_id":"ashmere_missing_child","cartridge_version":"0.0.31","key":"fen_tracks_found","kind":"fact"}': false, '{"cartridge_id":"ashmere_missing_child","cartridge_version":"0.0.31","key":"fen_vesper_riddle_answered","kind":"fact"}': false, '{"cartridge_id":"ashmere_missing_child","cartridge_version":"0.0.31","key":"fen_wisp_answered","kind":"fact"}': false, '{"cartridge_id":"ashmere_missing_child","cartridge_version":"0.0.31","key":"fen_wisp_discovered","kind":"fact"}': false, '{"cartridge_id":"ashmere_missing_child","cartridge_version":"0.0.31","key":"fen_wren_met","kind":"fact"}': false, '{"cartridge_id":"ashmere_missing_child","cartridge_version":"0.0.31","key":"infirmary_contribution","kind":"fact"}': 0, '{"cartridge_id":"ashmere_missing_child","cartridge_version":"0.0.31","key":"inn_cellar_cleared","kind":"fact"}': false, '{"cartridge_id":"ashmere_missing_child","cartridge_version":"0.0.31","key":"lantern_bed_paid","kind":"fact"}': false, '{"cartridge_id":"ashmere_missing_child","cartridge_version":"0.0.31","key":"maud_trust","kind":"fact"}': 0, '{"cartridge_id":"ashmere_missing_child","cartridge_version":"0.0.31","key":"memory_chapter_1_guild_tilt","kind":"fact"}': 'unreached', '{"cartridge_id":"ashmere_missing_child","cartridge_version":"0.0.31","key":"memory_fox_fate","kind":"fact"}': 'unreached', '{"cartridge_id":"ashmere_missing_child","cartridge_version":"0.0.31","key":"memory_village_ending","kind":"fact"}': 'unreached', '{"cartridge_id":"ashmere_missing_child","cartridge_version":"0.0.31","key":"peg_trust","kind":"fact"}': 0, '{"cartridge_id":"ashmere_missing_child","cartridge_version":"0.0.31","key":"position","kind":"fact"}': 'standing', '{"cartridge_id":"ashmere_missing_child","cartridge_version":"0.0.31","key":"priory_fen_axis","kind":"fact"}': 0, '{"cartridge_id":"ashmere_missing_child","cartridge_version":"0.0.31","key":"priory_tithe_delivered","kind":"fact"}': 'unoffered', '{"cartridge_id":"ashmere_missing_child","cartridge_version":"0.0.31","key":"rat_1_killed","kind":"fact"}': false, '{"cartridge_id":"ashmere_missing_child","cartridge_version":"0.0.31","key":"rat_2_killed","kind":"fact"}': false, '{"cartridge_id":"ashmere_missing_child","cartridge_version":"0.0.31","key":"rat_3_killed","kind":"fact"}': false, '{"cartridge_id":"ashmere_missing_child","cartridge_version":"0.0.31","key":"rat_4_killed","kind":"fact"}': false, '{"cartridge_id":"ashmere_missing_child","cartridge_version":"0.0.31","key":"rat_5_killed","kind":"fact"}': false, '{"cartridge_id":"ashmere_missing_child","cartridge_version":"0.0.31","key":"scene_bell_rung","kind":"fact"}': 0, '{"cartridge_id":"ashmere_missing_child","cartridge_version":"0.0.31","key":"scene_bell_silenced","kind":"fact"}': 0, '{"cartridge_id":"ashmere_missing_child","cartridge_version":"0.0.31","key":"scene_dream_of_the_fen","kind":"fact"}': 0, '{"cartridge_id":"ashmere_missing_child","cartridge_version":"0.0.31","key":"scene_epilogue_lost_prior","kind":"fact"}': 0, '{"cartridge_id":"ashmere_missing_child","cartridge_version":"0.0.31","key":"scene_epilogue_rescued_fox","kind":"fact"}': 0, '{"cartridge_id":"ashmere_missing_child","cartridge_version":"0.0.31","key":"scene_epilogue_rescued_prior","kind":"fact"}': 0, '{"cartridge_id":"ashmere_missing_child","cartridge_version":"0.0.31","key":"scene_epilogue_stays_fox","kind":"fact"}': 0, '{"cartridge_id":"ashmere_missing_child","cartridge_version":"0.0.31","key":"scene_epilogue_stays_prior","kind":"fact"}': 0, '{"cartridge_id":"ashmere_missing_child","cartridge_version":"0.0.31","key":"skill_dodge","kind":"fact"}': false, '{"cartridge_id":"ashmere_missing_child","cartridge_version":"0.0.31","key":"skill_swim","kind":"fact"}': false, '{"cartridge_id":"ashmere_missing_child","cartridge_version":"0.0.31","key":"skill_swords","kind":"fact"}': false, '{"cartridge_id":"ashmere_missing_child","cartridge_version":"0.0.31","key":"slept_at_lantern","kind":"fact"}': false, '{"cartridge_id":"ashmere_missing_child","cartridge_version":"0.0.31","key":"story_point_prologue_completed","kind":"fact"}': 'unreached', '{"cartridge_id":"ashmere_missing_child","cartridge_version":"0.0.31","key":"topic_bell_known","kind":"fact"}': false, '{"cartridge_id":"ashmere_missing_child","cartridge_version":"0.0.31","key":"topic_ward_known","kind":"fact"}': false, '{"cartridge_id":"ashmere_missing_child","cartridge_version":"0.0.31","key":"village_child_status","kind":"fact"}': 'missing', '{"cartridge_id":"ashmere_missing_child","cartridge_version":"0.0.31","key":"watch_gate_trusts_player","kind":"fact"}': false }, resourceSpecs: { '{"cartridge_id":"ashmere_missing_child","cartridge_version":"0.0.31","key":"hp","kind":"resource"}': [Object], '{"cartridge_id":"ashmere_missing_child","cartridge_version":"0.0.31","key":"lantern_meals","kind":"resource"}': [Object], '{"cartridge_id":"ashmere_missing_child","cartridge_version":"0.0.31","key":"ma","kind":"resource"}': [Object], '{"cartridge_id":"ashmere_missing_child","cartridge_version":"0.0.31","key":"mv","kind":"resource"}': [Object], '{"cartridge_id":"ashmere_missing_child","cartridge_version":"0.0.31","key":"pennies","kind":"resource"}': [Object] }, barrierInitial: { '{"cartridge_id":"ashmere_missing_child","cartridge_version":"0.0.31","key":"storage_chest_lid","kind":"barrier"}': 'locked', '{"cartridge_id":"ashmere_missing_child","cartridge_version":"0.0.31","key":"trunk_lid","kind":"barrier"}': 'locked' }, attributes: { '{"cartridge_id":"ashmere_missing_child","cartridge_version":"0.0.31","key":"dex","kind":"attribute"}': 10, '{"cartridge_id":"ashmere_missing_child","cartridge_version":"0.0.31","key":"per","kind":"attribute"}': 5, '{"cartridge_id":"ashmere_missing_child","cartridge_version":"0.0.31","key":"str","kind":"attribute"}': 10 }, slots: { cloak: '6b2b9c4f-6781-82f4-a079-908def5908f6', light: '13951eb1-f988-89b1-9bf2-a9fb73caa1bc', off_hand: '63441f36-3a9b-8b10-9acd-43f4b5e634c7', wield: '619363b4-697f-8e0d-ae4a-5208a285a460' }, consumed: '4eec3894-027a-8584-9797-f7fdcd3641e5', state: { clock: 64800, containers: [Object], rng: [Array], jobs: [Object], resources: [Object], fuel: [Object], liquids: [Object], created: [Object], population_plans: [Object], population_slots: [Object] } },
    expected: undefined,
    operator: 'strictEqual',
    diff: 'simple'
  }

EXIT 1
