MUTANT 1/114 protocol/liquid.schema.json:$defs/LiquidRow/type
generation exit 1
** (ArgumentError) protocol/ outside the schema subset:
liquid.schema.json#/$defs/LiquidRow: needs one supported type, or exactly one of $ref, enum, const, oneOf, anyOf
    lib/loka/core/contracts/schema.ex:59: Loka.Core.Contracts.Schema.flatten!/1
    lib/loka/core/contracts.ex:36: (module)


MUTANT 2/114 protocol/liquid.schema.json:$defs/LiquidRow/properties/kind/anyOf/0/type
generation exit 1
** (ArgumentError) protocol/ outside the schema subset:
liquid.schema.json#/$defs/LiquidRow/properties/kind/anyOf: invalid
liquid.schema.json#/$defs/LiquidRow/properties/kind/anyOf/0: needs one supported type, or exactly one of $ref, enum, const, oneOf, anyOf
    lib/loka/core/contracts/schema.ex:59: Loka.Core.Contracts.Schema.flatten!/1
    lib/loka/core/contracts.ex:36: (module)


MUTANT 3/114 protocol/liquid.schema.json:$defs/LiquidRow/properties/quantity/type
generation exit 1
** (ArgumentError) protocol/ outside the schema subset:
liquid.schema.json#/$defs/LiquidRow/properties/quantity: needs one supported type, or exactly one of $ref, enum, const, oneOf, anyOf
    lib/loka/core/contracts/schema.ex:59: Loka.Core.Contracts.Schema.flatten!/1
    lib/loka/core/contracts.ex:36: (module)


MUTANT 4/114 protocol/liquid.schema.json:$defs/LiquidRow/properties/quantity/minimum
generation exit 0

TS exit 1
✖ liquid wire boundaries match independent literal errors and valid controls (4.230959ms)
ℹ tests 1
ℹ suites 0
ℹ pass 0
ℹ fail 1
ℹ cancelled 0
ℹ skipped 0
ℹ todo 0
ℹ duration_ms 91.771375

✖ failing tests:

test at kernel/ts/test/liquid_contracts.test.ts:10:1
✖ liquid wire boundaries match independent literal errors and valid controls (4.230959ms)
  AssertionError [ERR_ASSERTION]: liquid_row-quantity-below-minimum
  + actual - expected
  
  + []
  - [
  -   {
  -     code: 'below_minimum',
  -     path: '/quantity'
  -   }
  - ]
  
      at TestContext.<anonymous> (file://[workspace]/kernel/ts/test/liquid_contracts.test.ts:15:12)
      at Test.runInAsyncScope (node:async_hooks:227:14)
      at Test.run (node:internal/test_runner/test:1402:25)
      at Test.start (node:internal/test_runner/test:1262:17)
      at startSubtestAfterBootstrap (node:internal/test_runner/harness:387:17) {
    generatedMessage: false,
    code: 'ERR_ASSERTION',
    actual: [],
    expected: [ { path: '/quantity', code: 'below_minimum' } ],
    operator: 'deepStrictEqual',
    diff: 'simple'
  }

Elixir exit 2
Compiling 53 files (.ex)
Generated loka app
Running ExUnit with seed: 591060, max_cases: 16



  1) test liquid wire boundaries match literal errors and valid controls (Loka.Core.LiquidContractsTest)
     test/loka/core/liquid_contracts_test.exs:7
     liquid_row-quantity-below-minimum
     code: for c <- @fixture["cases"] do
     stacktrace:
       test/loka/core/liquid_contracts_test.exs:17: anonymous fn/2 in Loka.Core.LiquidContractsTest."test liquid wire boundaries match literal errors and valid controls"/1
       (elixir 1.20.4) lib/enum.ex:2622: Enum."-reduce/3-lists^foldl/2-0-"/3
       test/loka/core/liquid_contracts_test.exs:8: (test)


Finished in 0.02 seconds (0.02s async, 0.00s sync)

Result: 0/1 passed
Failed: 1 test


MUTANT 5/114 protocol/liquid.schema.json:$defs/LiquidRow/properties/quantity/maximum
generation exit 0

TS exit 1
✖ liquid wire boundaries match independent literal errors and valid controls (4.297959ms)
ℹ tests 1
ℹ suites 0
ℹ pass 0
ℹ fail 1
ℹ cancelled 0
ℹ skipped 0
ℹ todo 0
ℹ duration_ms 91.528125

✖ failing tests:

test at kernel/ts/test/liquid_contracts.test.ts:10:1
✖ liquid wire boundaries match independent literal errors and valid controls (4.297959ms)
  AssertionError [ERR_ASSERTION]: liquid_row-quantity-above-maximum
  + actual - expected
  
  + []
  - [
  -   {
  -     code: 'above_maximum',
  -     path: '/quantity'
  -   }
  - ]
  
      at TestContext.<anonymous> (file://[workspace]/kernel/ts/test/liquid_contracts.test.ts:15:12)
      at Test.runInAsyncScope (node:async_hooks:227:14)
      at Test.run (node:internal/test_runner/test:1402:25)
      at Test.start (node:internal/test_runner/test:1262:17)
      at startSubtestAfterBootstrap (node:internal/test_runner/harness:387:17) {
    generatedMessage: false,
    code: 'ERR_ASSERTION',
    actual: [],
    expected: [ { path: '/quantity', code: 'above_maximum' } ],
    operator: 'deepStrictEqual',
    diff: 'simple'
  }

Elixir exit 2
Compiling 53 files (.ex)
Generated loka app
Running ExUnit with seed: 645955, max_cases: 16



  1) test liquid wire boundaries match literal errors and valid controls (Loka.Core.LiquidContractsTest)
     test/loka/core/liquid_contracts_test.exs:7
     liquid_row-quantity-above-maximum
     code: for c <- @fixture["cases"] do
     stacktrace:
       test/loka/core/liquid_contracts_test.exs:17: anonymous fn/2 in Loka.Core.LiquidContractsTest."test liquid wire boundaries match literal errors and valid controls"/1
       (elixir 1.20.4) lib/enum.ex:2622: Enum."-reduce/3-lists^foldl/2-0-"/3
       test/loka/core/liquid_contracts_test.exs:8: (test)


Finished in 0.02 seconds (0.02s async, 0.00s sync)

Result: 0/1 passed
Failed: 1 test


MUTANT 6/114 protocol/liquid.schema.json:$defs/LiquidRow/required[0]
generation exit 0

TS exit 1
✖ liquid wire boundaries match independent literal errors and valid controls (1.896375ms)
ℹ tests 1
ℹ suites 0
ℹ pass 0
ℹ fail 1
ℹ cancelled 0
ℹ skipped 0
ℹ todo 0
ℹ duration_ms 95.773709

✖ failing tests:

test at kernel/ts/test/liquid_contracts.test.ts:10:1
✖ liquid wire boundaries match independent literal errors and valid controls (1.896375ms)
  AssertionError [ERR_ASSERTION]: liquid_row-missing-kind
  + actual - expected
  
  + []
  - [
  -   {
  -     code: 'missing_property',
  -     path: '/kind'
  -   }
  - ]
  
      at TestContext.<anonymous> (file://[workspace]/kernel/ts/test/liquid_contracts.test.ts:15:12)
      at Test.runInAsyncScope (node:async_hooks:227:14)
      at Test.run (node:internal/test_runner/test:1402:25)
      at Test.start (node:internal/test_runner/test:1262:17)
      at startSubtestAfterBootstrap (node:internal/test_runner/harness:387:17) {
    generatedMessage: false,
    code: 'ERR_ASSERTION',
    actual: [],
    expected: [ { path: '/kind', code: 'missing_property' } ],
    operator: 'deepStrictEqual',
    diff: 'simple'
  }

Elixir exit 2
Compiling 53 files (.ex)
Generated loka app
Running ExUnit with seed: 252328, max_cases: 16



  1) test liquid wire boundaries match literal errors and valid controls (Loka.Core.LiquidContractsTest)
     test/loka/core/liquid_contracts_test.exs:7
     liquid_row-missing-kind
     code: for c <- @fixture["cases"] do
     stacktrace:
       test/loka/core/liquid_contracts_test.exs:17: anonymous fn/2 in Loka.Core.LiquidContractsTest."test liquid wire boundaries match literal errors and valid controls"/1
       (elixir 1.20.4) lib/enum.ex:2622: Enum."-reduce/3-lists^foldl/2-0-"/3
       test/loka/core/liquid_contracts_test.exs:8: (test)


Finished in 0.03 seconds (0.03s async, 0.00s sync)

Result: 0/1 passed
Failed: 1 test


MUTANT 7/114 protocol/liquid.schema.json:$defs/LiquidRow/required[1]
generation exit 0

TS exit 1
✖ liquid wire boundaries match independent literal errors and valid controls (1.901416ms)
ℹ tests 1
ℹ suites 0
ℹ pass 0
ℹ fail 1
ℹ cancelled 0
ℹ skipped 0
ℹ todo 0
ℹ duration_ms 104.17125

✖ failing tests:

test at kernel/ts/test/liquid_contracts.test.ts:10:1
✖ liquid wire boundaries match independent literal errors and valid controls (1.901416ms)
  AssertionError [ERR_ASSERTION]: liquid_row-missing-quantity
  + actual - expected
  
  + []
  - [
  -   {
  -     code: 'missing_property',
  -     path: '/quantity'
  -   }
  - ]
  
      at TestContext.<anonymous> (file://[workspace]/kernel/ts/test/liquid_contracts.test.ts:15:12)
      at Test.runInAsyncScope (node:async_hooks:227:14)
      at Test.run (node:internal/test_runner/test:1402:25)
      at Test.start (node:internal/test_runner/test:1262:17)
      at startSubtestAfterBootstrap (node:internal/test_runner/harness:387:17) {
    generatedMessage: false,
    code: 'ERR_ASSERTION',
    actual: [],
    expected: [ { path: '/quantity', code: 'missing_property' } ],
    operator: 'deepStrictEqual',
    diff: 'simple'
  }

Elixir exit 2
Compiling 53 files (.ex)
Generated loka app
Running ExUnit with seed: 642168, max_cases: 16



  1) test liquid wire boundaries match literal errors and valid controls (Loka.Core.LiquidContractsTest)
     test/loka/core/liquid_contracts_test.exs:7
     liquid_row-missing-quantity
     code: for c <- @fixture["cases"] do
     stacktrace:
       test/loka/core/liquid_contracts_test.exs:17: anonymous fn/2 in Loka.Core.LiquidContractsTest."test liquid wire boundaries match literal errors and valid controls"/1
       (elixir 1.20.4) lib/enum.ex:2622: Enum."-reduce/3-lists^foldl/2-0-"/3
       test/loka/core/liquid_contracts_test.exs:8: (test)


Finished in 0.03 seconds (0.03s async, 0.00s sync)

Result: 0/1 passed
Failed: 1 test


MUTANT 8/114 protocol/liquid.schema.json:$defs/LiquidRow/additionalProperties
generation exit 1
** (ArgumentError) protocol/ outside the schema subset:
liquid.schema.json#/$defs/LiquidRow/type: invalid
    lib/loka/core/contracts/schema.ex:59: Loka.Core.Contracts.Schema.flatten!/1
    lib/loka/core/contracts.ex:36: (module)


MUTANT 9/114 protocol/liquid.schema.json:$defs/VesselSpec/type
generation exit 1
** (ArgumentError) protocol/ outside the schema subset:
liquid.schema.json#/$defs/VesselSpec: needs one supported type, or exactly one of $ref, enum, const, oneOf, anyOf
    lib/loka/core/contracts/schema.ex:59: Loka.Core.Contracts.Schema.flatten!/1
    lib/loka/core/contracts.ex:36: (module)


MUTANT 10/114 protocol/liquid.schema.json:$defs/VesselSpec/properties/capacity/type
generation exit 1
** (ArgumentError) protocol/ outside the schema subset:
liquid.schema.json#/$defs/VesselSpec/properties/capacity: needs one supported type, or exactly one of $ref, enum, const, oneOf, anyOf
    lib/loka/core/contracts/schema.ex:59: Loka.Core.Contracts.Schema.flatten!/1
    lib/loka/core/contracts.ex:36: (module)


MUTANT 11/114 protocol/liquid.schema.json:$defs/VesselSpec/properties/capacity/minimum
generation exit 0

TS exit 1
✖ liquid wire boundaries match independent literal errors and valid controls (4.305916ms)
ℹ tests 1
ℹ suites 0
ℹ pass 0
ℹ fail 1
ℹ cancelled 0
ℹ skipped 0
ℹ todo 0
ℹ duration_ms 89.870083

✖ failing tests:

test at kernel/ts/test/liquid_contracts.test.ts:10:1
✖ liquid wire boundaries match independent literal errors and valid controls (4.305916ms)
  AssertionError [ERR_ASSERTION]: vessel_spec-capacity-below-minimum
  + actual - expected
  
  + []
  - [
  -   {
  -     code: 'below_minimum',
  -     path: '/capacity'
  -   }
  - ]
  
      at TestContext.<anonymous> (file://[workspace]/kernel/ts/test/liquid_contracts.test.ts:15:12)
      at Test.runInAsyncScope (node:async_hooks:227:14)
      at Test.run (node:internal/test_runner/test:1402:25)
      at Test.start (node:internal/test_runner/test:1262:17)
      at startSubtestAfterBootstrap (node:internal/test_runner/harness:387:17) {
    generatedMessage: false,
    code: 'ERR_ASSERTION',
    actual: [],
    expected: [ { path: '/capacity', code: 'below_minimum' } ],
    operator: 'deepStrictEqual',
    diff: 'simple'
  }

Elixir exit 2
Compiling 53 files (.ex)
Generated loka app
Running ExUnit with seed: 78957, max_cases: 16



  1) test liquid wire boundaries match literal errors and valid controls (Loka.Core.LiquidContractsTest)
     test/loka/core/liquid_contracts_test.exs:7
     vessel_spec-capacity-below-minimum
     code: for c <- @fixture["cases"] do
     stacktrace:
       test/loka/core/liquid_contracts_test.exs:17: anonymous fn/2 in Loka.Core.LiquidContractsTest."test liquid wire boundaries match literal errors and valid controls"/1
       (elixir 1.20.4) lib/enum.ex:2622: Enum."-reduce/3-lists^foldl/2-0-"/3
       test/loka/core/liquid_contracts_test.exs:8: (test)


Finished in 0.03 seconds (0.03s async, 0.00s sync)

Result: 0/1 passed
Failed: 1 test


MUTANT 12/114 protocol/liquid.schema.json:$defs/VesselSpec/properties/capacity/maximum
generation exit 0

TS exit 1
✖ liquid wire boundaries match independent literal errors and valid controls (4.803416ms)
ℹ tests 1
ℹ suites 0
ℹ pass 0
ℹ fail 1
ℹ cancelled 0
ℹ skipped 0
ℹ todo 0
ℹ duration_ms 100.411708

✖ failing tests:

test at kernel/ts/test/liquid_contracts.test.ts:10:1
✖ liquid wire boundaries match independent literal errors and valid controls (4.803416ms)
  AssertionError [ERR_ASSERTION]: vessel_spec-capacity-above-maximum
  + actual - expected
  
  + []
  - [
  -   {
  -     code: 'above_maximum',
  -     path: '/capacity'
  -   }
  - ]
  
      at TestContext.<anonymous> (file://[workspace]/kernel/ts/test/liquid_contracts.test.ts:15:12)
      at Test.runInAsyncScope (node:async_hooks:227:14)
      at Test.run (node:internal/test_runner/test:1402:25)
      at Test.start (node:internal/test_runner/test:1262:17)
      at startSubtestAfterBootstrap (node:internal/test_runner/harness:387:17) {
    generatedMessage: false,
    code: 'ERR_ASSERTION',
    actual: [],
    expected: [ { path: '/capacity', code: 'above_maximum' } ],
    operator: 'deepStrictEqual',
    diff: 'simple'
  }

Elixir exit 2
Compiling 53 files (.ex)
Generated loka app
Running ExUnit with seed: 380979, max_cases: 16



  1) test liquid wire boundaries match literal errors and valid controls (Loka.Core.LiquidContractsTest)
     test/loka/core/liquid_contracts_test.exs:7
     vessel_spec-capacity-above-maximum
     code: for c <- @fixture["cases"] do
     stacktrace:
       test/loka/core/liquid_contracts_test.exs:17: anonymous fn/2 in Loka.Core.LiquidContractsTest."test liquid wire boundaries match literal errors and valid controls"/1
       (elixir 1.20.4) lib/enum.ex:2622: Enum."-reduce/3-lists^foldl/2-0-"/3
       test/loka/core/liquid_contracts_test.exs:8: (test)


Finished in 0.02 seconds (0.02s async, 0.00s sync)

Result: 0/1 passed
Failed: 1 test


MUTANT 13/114 protocol/liquid.schema.json:$defs/VesselSpec/required[0]
generation exit 0

TS exit 1
✖ liquid wire boundaries match independent literal errors and valid controls (1.936334ms)
ℹ tests 1
ℹ suites 0
ℹ pass 0
ℹ fail 1
ℹ cancelled 0
ℹ skipped 0
ℹ todo 0
ℹ duration_ms 95.731708

✖ failing tests:

test at kernel/ts/test/liquid_contracts.test.ts:10:1
✖ liquid wire boundaries match independent literal errors and valid controls (1.936334ms)
  AssertionError [ERR_ASSERTION]: vessel_spec-missing-capacity
  + actual - expected
  
  + []
  - [
  -   {
  -     code: 'missing_property',
  -     path: '/capacity'
  -   }
  - ]
  
      at TestContext.<anonymous> (file://[workspace]/kernel/ts/test/liquid_contracts.test.ts:15:12)
      at Test.runInAsyncScope (node:async_hooks:227:14)
      at Test.run (node:internal/test_runner/test:1402:25)
      at Test.start (node:internal/test_runner/test:1262:17)
      at startSubtestAfterBootstrap (node:internal/test_runner/harness:387:17) {
    generatedMessage: false,
    code: 'ERR_ASSERTION',
    actual: [],
    expected: [ { path: '/capacity', code: 'missing_property' } ],
    operator: 'deepStrictEqual',
    diff: 'simple'
  }

Elixir exit 2
Compiling 53 files (.ex)
Generated loka app
Running ExUnit with seed: 557388, max_cases: 16



  1) test liquid wire boundaries match literal errors and valid controls (Loka.Core.LiquidContractsTest)
     test/loka/core/liquid_contracts_test.exs:7
     vessel_spec-missing-capacity
     code: for c <- @fixture["cases"] do
     stacktrace:
       test/loka/core/liquid_contracts_test.exs:17: anonymous fn/2 in Loka.Core.LiquidContractsTest."test liquid wire boundaries match literal errors and valid controls"/1
       (elixir 1.20.4) lib/enum.ex:2622: Enum."-reduce/3-lists^foldl/2-0-"/3
       test/loka/core/liquid_contracts_test.exs:8: (test)


Finished in 0.02 seconds (0.02s async, 0.00s sync)

Result: 0/1 passed
Failed: 1 test


MUTANT 14/114 protocol/liquid.schema.json:$defs/VesselSpec/required[1]
generation exit 0

TS exit 1
✖ liquid wire boundaries match independent literal errors and valid controls (1.804ms)
ℹ tests 1
ℹ suites 0
ℹ pass 0
ℹ fail 1
ℹ cancelled 0
ℹ skipped 0
ℹ todo 0
ℹ duration_ms 88.692875

✖ failing tests:

test at kernel/ts/test/liquid_contracts.test.ts:10:1
✖ liquid wire boundaries match independent literal errors and valid controls (1.804ms)
  AssertionError [ERR_ASSERTION]: vessel_spec-missing-unit_label
  + actual - expected
  
  + []
  - [
  -   {
  -     code: 'missing_property',
  -     path: '/unit_label'
  -   }
  - ]
  
      at TestContext.<anonymous> (file://[workspace]/kernel/ts/test/liquid_contracts.test.ts:15:12)
      at Test.runInAsyncScope (node:async_hooks:227:14)
      at Test.run (node:internal/test_runner/test:1402:25)
      at Test.start (node:internal/test_runner/test:1262:17)
      at startSubtestAfterBootstrap (node:internal/test_runner/harness:387:17) {
    generatedMessage: false,
    code: 'ERR_ASSERTION',
    actual: [],
    expected: [ { path: '/unit_label', code: 'missing_property' } ],
    operator: 'deepStrictEqual',
    diff: 'simple'
  }

Elixir exit 2
Compiling 53 files (.ex)
Generated loka app
Running ExUnit with seed: 602416, max_cases: 16



  1) test liquid wire boundaries match literal errors and valid controls (Loka.Core.LiquidContractsTest)
     test/loka/core/liquid_contracts_test.exs:7
     vessel_spec-missing-unit_label
     code: for c <- @fixture["cases"] do
     stacktrace:
       test/loka/core/liquid_contracts_test.exs:17: anonymous fn/2 in Loka.Core.LiquidContractsTest."test liquid wire boundaries match literal errors and valid controls"/1
       (elixir 1.20.4) lib/enum.ex:2622: Enum."-reduce/3-lists^foldl/2-0-"/3
       test/loka/core/liquid_contracts_test.exs:8: (test)


Finished in 0.02 seconds (0.02s async, 0.00s sync)

Result: 0/1 passed
Failed: 1 test


MUTANT 15/114 protocol/liquid.schema.json:$defs/VesselSpec/required[2]
generation exit 0

TS exit 1
✖ liquid wire boundaries match independent literal errors and valid controls (1.961084ms)
ℹ tests 1
ℹ suites 0
ℹ pass 0
ℹ fail 1
ℹ cancelled 0
ℹ skipped 0
ℹ todo 0
ℹ duration_ms 88.355208

✖ failing tests:

test at kernel/ts/test/liquid_contracts.test.ts:10:1
✖ liquid wire boundaries match independent literal errors and valid controls (1.961084ms)
  AssertionError [ERR_ASSERTION]: vessel_spec-missing-initial
  + actual - expected
  
  + []
  - [
  -   {
  -     code: 'missing_property',
  -     path: '/initial'
  -   }
  - ]
  
      at TestContext.<anonymous> (file://[workspace]/kernel/ts/test/liquid_contracts.test.ts:15:12)
      at Test.runInAsyncScope (node:async_hooks:227:14)
      at Test.run (node:internal/test_runner/test:1402:25)
      at Test.start (node:internal/test_runner/test:1262:17)
      at startSubtestAfterBootstrap (node:internal/test_runner/harness:387:17) {
    generatedMessage: false,
    code: 'ERR_ASSERTION',
    actual: [],
    expected: [ { path: '/initial', code: 'missing_property' } ],
    operator: 'deepStrictEqual',
    diff: 'simple'
  }

Elixir exit 2
Compiling 53 files (.ex)
Generated loka app
Running ExUnit with seed: 616007, max_cases: 16



  1) test liquid wire boundaries match literal errors and valid controls (Loka.Core.LiquidContractsTest)
     test/loka/core/liquid_contracts_test.exs:7
     vessel_spec-missing-initial
     code: for c <- @fixture["cases"] do
     stacktrace:
       test/loka/core/liquid_contracts_test.exs:17: anonymous fn/2 in Loka.Core.LiquidContractsTest."test liquid wire boundaries match literal errors and valid controls"/1
       (elixir 1.20.4) lib/enum.ex:2622: Enum."-reduce/3-lists^foldl/2-0-"/3
       test/loka/core/liquid_contracts_test.exs:8: (test)


Finished in 0.02 seconds (0.02s async, 0.00s sync)

Result: 0/1 passed
Failed: 1 test


MUTANT 16/114 protocol/liquid.schema.json:$defs/VesselSpec/additionalProperties
generation exit 1
** (ArgumentError) protocol/ outside the schema subset:
liquid.schema.json#/$defs/VesselSpec/type: invalid
    lib/loka/core/contracts/schema.ex:59: Loka.Core.Contracts.Schema.flatten!/1
    lib/loka/core/contracts.ex:36: (module)


MUTANT 17/114 protocol/liquid.schema.json:$defs/LiquidDefinition/type
generation exit 1
** (ArgumentError) protocol/ outside the schema subset:
liquid.schema.json#/$defs/LiquidDefinition: needs one supported type, or exactly one of $ref, enum, const, oneOf, anyOf
    lib/loka/core/contracts/schema.ex:59: Loka.Core.Contracts.Schema.flatten!/1
    lib/loka/core/contracts.ex:36: (module)


MUTANT 18/114 protocol/liquid.schema.json:$defs/LiquidDefinition/properties/grams_per_unit/type
generation exit 1
** (ArgumentError) protocol/ outside the schema subset:
liquid.schema.json#/$defs/LiquidDefinition/properties/grams_per_unit: needs one supported type, or exactly one of $ref, enum, const, oneOf, anyOf
    lib/loka/core/contracts/schema.ex:59: Loka.Core.Contracts.Schema.flatten!/1
    lib/loka/core/contracts.ex:36: (module)


MUTANT 19/114 protocol/liquid.schema.json:$defs/LiquidDefinition/properties/grams_per_unit/minimum
generation exit 0

TS exit 1
✖ liquid wire boundaries match independent literal errors and valid controls (9.511042ms)
ℹ tests 1
ℹ suites 0
ℹ pass 0
ℹ fail 1
ℹ cancelled 0
ℹ skipped 0
ℹ todo 0
ℹ duration_ms 175.985583

✖ failing tests:

test at kernel/ts/test/liquid_contracts.test.ts:10:1
✖ liquid wire boundaries match independent literal errors and valid controls (9.511042ms)
  AssertionError [ERR_ASSERTION]: liquid_definition-grams_per_unit-below-minimum
  + actual - expected
  
  + []
  - [
  -   {
  -     code: 'below_minimum',
  -     path: '/grams_per_unit'
  -   }
  - ]
  
      at TestContext.<anonymous> (file://[workspace]/kernel/ts/test/liquid_contracts.test.ts:15:12)
      at Test.runInAsyncScope (node:async_hooks:227:14)
      at Test.run (node:internal/test_runner/test:1402:25)
      at Test.start (node:internal/test_runner/test:1262:17)
      at startSubtestAfterBootstrap (node:internal/test_runner/harness:387:17) {
    generatedMessage: false,
    code: 'ERR_ASSERTION',
    actual: [],
    expected: [ { path: '/grams_per_unit', code: 'below_minimum' } ],
    operator: 'deepStrictEqual',
    diff: 'simple'
  }

Elixir exit 2
Compiling 53 files (.ex)
Generated loka app
Running ExUnit with seed: 802668, max_cases: 16



  1) test liquid wire boundaries match literal errors and valid controls (Loka.Core.LiquidContractsTest)
     test/loka/core/liquid_contracts_test.exs:7
     liquid_definition-grams_per_unit-below-minimum
     code: for c <- @fixture["cases"] do
     stacktrace:
       test/loka/core/liquid_contracts_test.exs:17: anonymous fn/2 in Loka.Core.LiquidContractsTest."test liquid wire boundaries match literal errors and valid controls"/1
       (elixir 1.20.4) lib/enum.ex:2622: Enum."-reduce/3-lists^foldl/2-0-"/3
       test/loka/core/liquid_contracts_test.exs:8: (test)


Finished in 0.1 seconds (0.1s async, 0.00s sync)

Result: 0/1 passed
Failed: 1 test


MUTANT 20/114 protocol/liquid.schema.json:$defs/LiquidDefinition/properties/grams_per_unit/maximum
generation exit 0

TS exit 1
✖ liquid wire boundaries match independent literal errors and valid controls (6.000208ms)
ℹ tests 1
ℹ suites 0
ℹ pass 0
ℹ fail 1
ℹ cancelled 0
ℹ skipped 0
ℹ todo 0
ℹ duration_ms 148.0905

✖ failing tests:

test at kernel/ts/test/liquid_contracts.test.ts:10:1
✖ liquid wire boundaries match independent literal errors and valid controls (6.000208ms)
  AssertionError [ERR_ASSERTION]: liquid_definition-grams_per_unit-above-maximum
  + actual - expected
  
  + []
  - [
  -   {
  -     code: 'above_maximum',
  -     path: '/grams_per_unit'
  -   }
  - ]
  
      at TestContext.<anonymous> (file://[workspace]/kernel/ts/test/liquid_contracts.test.ts:15:12)
      at Test.runInAsyncScope (node:async_hooks:227:14)
      at Test.run (node:internal/test_runner/test:1402:25)
      at Test.start (node:internal/test_runner/test:1262:17)
      at startSubtestAfterBootstrap (node:internal/test_runner/harness:387:17) {
    generatedMessage: false,
    code: 'ERR_ASSERTION',
    actual: [],
    expected: [ { path: '/grams_per_unit', code: 'above_maximum' } ],
    operator: 'deepStrictEqual',
    diff: 'simple'
  }

Elixir exit 2
Compiling 53 files (.ex)
Generated loka app
Running ExUnit with seed: 444611, max_cases: 16



  1) test liquid wire boundaries match literal errors and valid controls (Loka.Core.LiquidContractsTest)
     test/loka/core/liquid_contracts_test.exs:7
     liquid_definition-grams_per_unit-above-maximum
     code: for c <- @fixture["cases"] do
     stacktrace:
       test/loka/core/liquid_contracts_test.exs:17: anonymous fn/2 in Loka.Core.LiquidContractsTest."test liquid wire boundaries match literal errors and valid controls"/1
       (elixir 1.20.4) lib/enum.ex:2622: Enum."-reduce/3-lists^foldl/2-0-"/3
       test/loka/core/liquid_contracts_test.exs:8: (test)


Finished in 0.03 seconds (0.03s async, 0.00s sync)

Result: 0/1 passed
Failed: 1 test


MUTANT 21/114 protocol/liquid.schema.json:$defs/LiquidDefinition/properties/drink_amount/type
generation exit 1
** (ArgumentError) protocol/ outside the schema subset:
liquid.schema.json#/$defs/LiquidDefinition/properties/drink_amount: needs one supported type, or exactly one of $ref, enum, const, oneOf, anyOf
    lib/loka/core/contracts/schema.ex:59: Loka.Core.Contracts.Schema.flatten!/1
    lib/loka/core/contracts.ex:36: (module)


MUTANT 22/114 protocol/liquid.schema.json:$defs/LiquidDefinition/properties/drink_amount/minimum
generation exit 0

TS exit 1
✖ liquid wire boundaries match independent literal errors and valid controls (9.663083ms)
ℹ tests 1
ℹ suites 0
ℹ pass 0
ℹ fail 1
ℹ cancelled 0
ℹ skipped 0
ℹ todo 0
ℹ duration_ms 142.820708

✖ failing tests:

test at kernel/ts/test/liquid_contracts.test.ts:10:1
✖ liquid wire boundaries match independent literal errors and valid controls (9.663083ms)
  AssertionError [ERR_ASSERTION]: liquid_definition-drink_amount-below-minimum
  + actual - expected
  
  + []
  - [
  -   {
  -     code: 'below_minimum',
  -     path: '/drink_amount'
  -   }
  - ]
  
      at TestContext.<anonymous> (file://[workspace]/kernel/ts/test/liquid_contracts.test.ts:15:12)
      at Test.runInAsyncScope (node:async_hooks:227:14)
      at Test.run (node:internal/test_runner/test:1402:25)
      at Test.start (node:internal/test_runner/test:1262:17)
      at startSubtestAfterBootstrap (node:internal/test_runner/harness:387:17) {
    generatedMessage: false,
    code: 'ERR_ASSERTION',
    actual: [],
    expected: [ { path: '/drink_amount', code: 'below_minimum' } ],
    operator: 'deepStrictEqual',
    diff: 'simple'
  }

Elixir exit 2
Compiling 53 files (.ex)
Generated loka app
Running ExUnit with seed: 855298, max_cases: 16



  1) test liquid wire boundaries match literal errors and valid controls (Loka.Core.LiquidContractsTest)
     test/loka/core/liquid_contracts_test.exs:7
     liquid_definition-drink_amount-below-minimum
     code: for c <- @fixture["cases"] do
     stacktrace:
       test/loka/core/liquid_contracts_test.exs:17: anonymous fn/2 in Loka.Core.LiquidContractsTest."test liquid wire boundaries match literal errors and valid controls"/1
       (elixir 1.20.4) lib/enum.ex:2622: Enum."-reduce/3-lists^foldl/2-0-"/3
       test/loka/core/liquid_contracts_test.exs:8: (test)


Finished in 0.04 seconds (0.04s async, 0.00s sync)

Result: 0/1 passed
Failed: 1 test


MUTANT 23/114 protocol/liquid.schema.json:$defs/LiquidDefinition/properties/drink_amount/maximum
generation exit 0

TS exit 1
✖ liquid wire boundaries match independent literal errors and valid controls (6.401834ms)
ℹ tests 1
ℹ suites 0
ℹ pass 0
ℹ fail 1
ℹ cancelled 0
ℹ skipped 0
ℹ todo 0
ℹ duration_ms 154.990458

✖ failing tests:

test at kernel/ts/test/liquid_contracts.test.ts:10:1
✖ liquid wire boundaries match independent literal errors and valid controls (6.401834ms)
  AssertionError [ERR_ASSERTION]: liquid_definition-drink_amount-above-maximum
  + actual - expected
  
  + []
  - [
  -   {
  -     code: 'above_maximum',
  -     path: '/drink_amount'
  -   }
  - ]
  
      at TestContext.<anonymous> (file://[workspace]/kernel/ts/test/liquid_contracts.test.ts:15:12)
      at Test.runInAsyncScope (node:async_hooks:227:14)
      at Test.run (node:internal/test_runner/test:1402:25)
      at Test.start (node:internal/test_runner/test:1262:17)
      at startSubtestAfterBootstrap (node:internal/test_runner/harness:387:17) {
    generatedMessage: false,
    code: 'ERR_ASSERTION',
    actual: [],
    expected: [ { path: '/drink_amount', code: 'above_maximum' } ],
    operator: 'deepStrictEqual',
    diff: 'simple'
  }

Elixir exit 2
Compiling 53 files (.ex)
Generated loka app
Running ExUnit with seed: 795432, max_cases: 16



  1) test liquid wire boundaries match literal errors and valid controls (Loka.Core.LiquidContractsTest)
     test/loka/core/liquid_contracts_test.exs:7
     liquid_definition-drink_amount-above-maximum
     code: for c <- @fixture["cases"] do
     stacktrace:
       test/loka/core/liquid_contracts_test.exs:17: anonymous fn/2 in Loka.Core.LiquidContractsTest."test liquid wire boundaries match literal errors and valid controls"/1
       (elixir 1.20.4) lib/enum.ex:2622: Enum."-reduce/3-lists^foldl/2-0-"/3
       test/loka/core/liquid_contracts_test.exs:8: (test)


Finished in 0.04 seconds (0.04s async, 0.00s sync)

Result: 0/1 passed
Failed: 1 test


MUTANT 24/114 protocol/liquid.schema.json:$defs/LiquidDefinition/required[0]
generation exit 0

TS exit 1
✖ liquid wire boundaries match independent literal errors and valid controls (2.395708ms)
ℹ tests 1
ℹ suites 0
ℹ pass 0
ℹ fail 1
ℹ cancelled 0
ℹ skipped 0
ℹ todo 0
ℹ duration_ms 126.48875

✖ failing tests:

test at kernel/ts/test/liquid_contracts.test.ts:10:1
✖ liquid wire boundaries match independent literal errors and valid controls (2.395708ms)
  AssertionError [ERR_ASSERTION]: liquid_definition-missing-key
  + actual - expected
  
  + []
  - [
  -   {
  -     code: 'missing_property',
  -     path: '/key'
  -   }
  - ]
  
      at TestContext.<anonymous> (file://[workspace]/kernel/ts/test/liquid_contracts.test.ts:15:12)
      at Test.runInAsyncScope (node:async_hooks:227:14)
      at Test.run (node:internal/test_runner/test:1402:25)
      at Test.start (node:internal/test_runner/test:1262:17)
      at startSubtestAfterBootstrap (node:internal/test_runner/harness:387:17) {
    generatedMessage: false,
    code: 'ERR_ASSERTION',
    actual: [],
    expected: [ { path: '/key', code: 'missing_property' } ],
    operator: 'deepStrictEqual',
    diff: 'simple'
  }

Elixir exit 2
Compiling 53 files (.ex)
Generated loka app
Running ExUnit with seed: 33009, max_cases: 16



  1) test liquid wire boundaries match literal errors and valid controls (Loka.Core.LiquidContractsTest)
     test/loka/core/liquid_contracts_test.exs:7
     liquid_definition-missing-key
     code: for c <- @fixture["cases"] do
     stacktrace:
       test/loka/core/liquid_contracts_test.exs:17: anonymous fn/2 in Loka.Core.LiquidContractsTest."test liquid wire boundaries match literal errors and valid controls"/1
       (elixir 1.20.4) lib/enum.ex:2622: Enum."-reduce/3-lists^foldl/2-0-"/3
       test/loka/core/liquid_contracts_test.exs:8: (test)


Finished in 0.03 seconds (0.03s async, 0.00s sync)

Result: 0/1 passed
Failed: 1 test


MUTANT 25/114 protocol/liquid.schema.json:$defs/LiquidDefinition/required[1]
generation exit 0

TS exit 1
✖ liquid wire boundaries match independent literal errors and valid controls (1.970167ms)
ℹ tests 1
ℹ suites 0
ℹ pass 0
ℹ fail 1
ℹ cancelled 0
ℹ skipped 0
ℹ todo 0
ℹ duration_ms 89.947958

✖ failing tests:

test at kernel/ts/test/liquid_contracts.test.ts:10:1
✖ liquid wire boundaries match independent literal errors and valid controls (1.970167ms)
  AssertionError [ERR_ASSERTION]: liquid_definition-missing-label
  + actual - expected
  
  + []
  - [
  -   {
  -     code: 'missing_property',
  -     path: '/label'
  -   }
  - ]
  
      at TestContext.<anonymous> (file://[workspace]/kernel/ts/test/liquid_contracts.test.ts:15:12)
      at Test.runInAsyncScope (node:async_hooks:227:14)
      at Test.run (node:internal/test_runner/test:1402:25)
      at Test.start (node:internal/test_runner/test:1262:17)
      at startSubtestAfterBootstrap (node:internal/test_runner/harness:387:17) {
    generatedMessage: false,
    code: 'ERR_ASSERTION',
    actual: [],
    expected: [ { path: '/label', code: 'missing_property' } ],
    operator: 'deepStrictEqual',
    diff: 'simple'
  }

Elixir exit 2
Compiling 53 files (.ex)
Generated loka app
Running ExUnit with seed: 161274, max_cases: 16



  1) test liquid wire boundaries match literal errors and valid controls (Loka.Core.LiquidContractsTest)
     test/loka/core/liquid_contracts_test.exs:7
     liquid_definition-missing-label
     code: for c <- @fixture["cases"] do
     stacktrace:
       test/loka/core/liquid_contracts_test.exs:17: anonymous fn/2 in Loka.Core.LiquidContractsTest."test liquid wire boundaries match literal errors and valid controls"/1
       (elixir 1.20.4) lib/enum.ex:2622: Enum."-reduce/3-lists^foldl/2-0-"/3
       test/loka/core/liquid_contracts_test.exs:8: (test)


Finished in 0.02 seconds (0.02s async, 0.00s sync)

Result: 0/1 passed
Failed: 1 test


MUTANT 26/114 protocol/liquid.schema.json:$defs/LiquidDefinition/required[2]
generation exit 0

TS exit 1
✖ liquid wire boundaries match independent literal errors and valid controls (1.982333ms)
ℹ tests 1
ℹ suites 0
ℹ pass 0
ℹ fail 1
ℹ cancelled 0
ℹ skipped 0
ℹ todo 0
ℹ duration_ms 91.378208

✖ failing tests:

test at kernel/ts/test/liquid_contracts.test.ts:10:1
✖ liquid wire boundaries match independent literal errors and valid controls (1.982333ms)
  AssertionError [ERR_ASSERTION]: liquid_definition-missing-unit_label
  + actual - expected
  
  + []
  - [
  -   {
  -     code: 'missing_property',
  -     path: '/unit_label'
  -   }
  - ]
  
      at TestContext.<anonymous> (file://[workspace]/kernel/ts/test/liquid_contracts.test.ts:15:12)
      at Test.runInAsyncScope (node:async_hooks:227:14)
      at Test.run (node:internal/test_runner/test:1402:25)
      at Test.start (node:internal/test_runner/test:1262:17)
      at startSubtestAfterBootstrap (node:internal/test_runner/harness:387:17) {
    generatedMessage: false,
    code: 'ERR_ASSERTION',
    actual: [],
    expected: [ { path: '/unit_label', code: 'missing_property' } ],
    operator: 'deepStrictEqual',
    diff: 'simple'
  }

Elixir exit 2
Compiling 53 files (.ex)
Generated loka app
Running ExUnit with seed: 217536, max_cases: 16



  1) test liquid wire boundaries match literal errors and valid controls (Loka.Core.LiquidContractsTest)
     test/loka/core/liquid_contracts_test.exs:7
     liquid_definition-missing-unit_label
     code: for c <- @fixture["cases"] do
     stacktrace:
       test/loka/core/liquid_contracts_test.exs:17: anonymous fn/2 in Loka.Core.LiquidContractsTest."test liquid wire boundaries match literal errors and valid controls"/1
       (elixir 1.20.4) lib/enum.ex:2622: Enum."-reduce/3-lists^foldl/2-0-"/3
       test/loka/core/liquid_contracts_test.exs:8: (test)


Finished in 0.03 seconds (0.03s async, 0.00s sync)

Result: 0/1 passed
Failed: 1 test


MUTANT 27/114 protocol/liquid.schema.json:$defs/LiquidDefinition/required[3]
generation exit 0

TS exit 1
✖ liquid wire boundaries match independent literal errors and valid controls (1.938417ms)
ℹ tests 1
ℹ suites 0
ℹ pass 0
ℹ fail 1
ℹ cancelled 0
ℹ skipped 0
ℹ todo 0
ℹ duration_ms 90.424

✖ failing tests:

test at kernel/ts/test/liquid_contracts.test.ts:10:1
✖ liquid wire boundaries match independent literal errors and valid controls (1.938417ms)
  AssertionError [ERR_ASSERTION]: liquid_definition-missing-grams_per_unit
  + actual - expected
  
  + []
  - [
  -   {
  -     code: 'missing_property',
  -     path: '/grams_per_unit'
  -   }
  - ]
  
      at TestContext.<anonymous> (file://[workspace]/kernel/ts/test/liquid_contracts.test.ts:15:12)
      at Test.runInAsyncScope (node:async_hooks:227:14)
      at Test.run (node:internal/test_runner/test:1402:25)
      at Test.start (node:internal/test_runner/test:1262:17)
      at startSubtestAfterBootstrap (node:internal/test_runner/harness:387:17) {
    generatedMessage: false,
    code: 'ERR_ASSERTION',
    actual: [],
    expected: [ { path: '/grams_per_unit', code: 'missing_property' } ],
    operator: 'deepStrictEqual',
    diff: 'simple'
  }

Elixir exit 2
Compiling 53 files (.ex)
Generated loka app
Running ExUnit with seed: 291256, max_cases: 16



  1) test liquid wire boundaries match literal errors and valid controls (Loka.Core.LiquidContractsTest)
     test/loka/core/liquid_contracts_test.exs:7
     liquid_definition-missing-grams_per_unit
     code: for c <- @fixture["cases"] do
     stacktrace:
       test/loka/core/liquid_contracts_test.exs:17: anonymous fn/2 in Loka.Core.LiquidContractsTest."test liquid wire boundaries match literal errors and valid controls"/1
       (elixir 1.20.4) lib/enum.ex:2622: Enum."-reduce/3-lists^foldl/2-0-"/3
       test/loka/core/liquid_contracts_test.exs:8: (test)


Finished in 0.03 seconds (0.03s async, 0.00s sync)

Result: 0/1 passed
Failed: 1 test


MUTANT 28/114 protocol/liquid.schema.json:$defs/LiquidDefinition/required[4]
generation exit 0

TS exit 1
✖ liquid wire boundaries match independent literal errors and valid controls (2.120958ms)
ℹ tests 1
ℹ suites 0
ℹ pass 0
ℹ fail 1
ℹ cancelled 0
ℹ skipped 0
ℹ todo 0
ℹ duration_ms 95.883875

✖ failing tests:

test at kernel/ts/test/liquid_contracts.test.ts:10:1
✖ liquid wire boundaries match independent literal errors and valid controls (2.120958ms)
  AssertionError [ERR_ASSERTION]: liquid_definition-missing-drink_amount
  + actual - expected
  
  + []
  - [
  -   {
  -     code: 'missing_property',
  -     path: '/drink_amount'
  -   }
  - ]
  
      at TestContext.<anonymous> (file://[workspace]/kernel/ts/test/liquid_contracts.test.ts:15:12)
      at Test.runInAsyncScope (node:async_hooks:227:14)
      at Test.run (node:internal/test_runner/test:1402:25)
      at Test.start (node:internal/test_runner/test:1262:17)
      at startSubtestAfterBootstrap (node:internal/test_runner/harness:387:17) {
    generatedMessage: false,
    code: 'ERR_ASSERTION',
    actual: [],
    expected: [ { path: '/drink_amount', code: 'missing_property' } ],
    operator: 'deepStrictEqual',
    diff: 'simple'
  }

Elixir exit 2
Compiling 53 files (.ex)
Generated loka app
Running ExUnit with seed: 558543, max_cases: 16



  1) test liquid wire boundaries match literal errors and valid controls (Loka.Core.LiquidContractsTest)
     test/loka/core/liquid_contracts_test.exs:7
     liquid_definition-missing-drink_amount
     code: for c <- @fixture["cases"] do
     stacktrace:
       test/loka/core/liquid_contracts_test.exs:17: anonymous fn/2 in Loka.Core.LiquidContractsTest."test liquid wire boundaries match literal errors and valid controls"/1
       (elixir 1.20.4) lib/enum.ex:2622: Enum."-reduce/3-lists^foldl/2-0-"/3
       test/loka/core/liquid_contracts_test.exs:8: (test)


Finished in 0.03 seconds (0.03s async, 0.00s sync)

Result: 0/1 passed
Failed: 1 test


MUTANT 29/114 protocol/liquid.schema.json:$defs/LiquidDefinition/additionalProperties
generation exit 1
** (ArgumentError) protocol/ outside the schema subset:
liquid.schema.json#/$defs/LiquidDefinition/type: invalid
    lib/loka/core/contracts/schema.ex:59: Loka.Core.Contracts.Schema.flatten!/1
    lib/loka/core/contracts.ex:36: (module)


MUTANT 30/114 protocol/liquid.schema.json:$defs/LiquidView/type
generation exit 1
** (ArgumentError) protocol/ outside the schema subset:
liquid.schema.json#/$defs/LiquidView: needs one supported type, or exactly one of $ref, enum, const, oneOf, anyOf
    lib/loka/core/contracts/schema.ex:59: Loka.Core.Contracts.Schema.flatten!/1
    lib/loka/core/contracts.ex:36: (module)


MUTANT 31/114 protocol/liquid.schema.json:$defs/LiquidView/properties/kind/anyOf/0/type
generation exit 1
** (ArgumentError) protocol/ outside the schema subset:
liquid.schema.json#/$defs/LiquidView/properties/kind/anyOf: invalid
liquid.schema.json#/$defs/LiquidView/properties/kind/anyOf/0: needs one supported type, or exactly one of $ref, enum, const, oneOf, anyOf
    lib/loka/core/contracts/schema.ex:59: Loka.Core.Contracts.Schema.flatten!/1
    lib/loka/core/contracts.ex:36: (module)


MUTANT 32/114 protocol/liquid.schema.json:$defs/LiquidView/properties/quantity/type
generation exit 1
** (ArgumentError) protocol/ outside the schema subset:
liquid.schema.json#/$defs/LiquidView/properties/quantity: needs one supported type, or exactly one of $ref, enum, const, oneOf, anyOf
    lib/loka/core/contracts/schema.ex:59: Loka.Core.Contracts.Schema.flatten!/1
    lib/loka/core/contracts.ex:36: (module)


MUTANT 33/114 protocol/liquid.schema.json:$defs/LiquidView/properties/quantity/minimum
generation exit 0

TS exit 1
✖ liquid wire boundaries match independent literal errors and valid controls (4.91ms)
ℹ tests 1
ℹ suites 0
ℹ pass 0
ℹ fail 1
ℹ cancelled 0
ℹ skipped 0
ℹ todo 0
ℹ duration_ms 89.475334

✖ failing tests:

test at kernel/ts/test/liquid_contracts.test.ts:10:1
✖ liquid wire boundaries match independent literal errors and valid controls (4.91ms)
  AssertionError [ERR_ASSERTION]: liquid_view-quantity-below-minimum
  + actual - expected
  
  + []
  - [
  -   {
  -     code: 'below_minimum',
  -     path: '/quantity'
  -   }
  - ]
  
      at TestContext.<anonymous> (file://[workspace]/kernel/ts/test/liquid_contracts.test.ts:15:12)
      at Test.runInAsyncScope (node:async_hooks:227:14)
      at Test.run (node:internal/test_runner/test:1402:25)
      at Test.start (node:internal/test_runner/test:1262:17)
      at startSubtestAfterBootstrap (node:internal/test_runner/harness:387:17) {
    generatedMessage: false,
    code: 'ERR_ASSERTION',
    actual: [],
    expected: [ { path: '/quantity', code: 'below_minimum' } ],
    operator: 'deepStrictEqual',
    diff: 'simple'
  }

Elixir exit 2
Compiling 53 files (.ex)
Generated loka app
Running ExUnit with seed: 440781, max_cases: 16



  1) test liquid wire boundaries match literal errors and valid controls (Loka.Core.LiquidContractsTest)
     test/loka/core/liquid_contracts_test.exs:7
     liquid_view-quantity-below-minimum
     code: for c <- @fixture["cases"] do
     stacktrace:
       test/loka/core/liquid_contracts_test.exs:17: anonymous fn/2 in Loka.Core.LiquidContractsTest."test liquid wire boundaries match literal errors and valid controls"/1
       (elixir 1.20.4) lib/enum.ex:2622: Enum."-reduce/3-lists^foldl/2-0-"/3
       test/loka/core/liquid_contracts_test.exs:8: (test)


Finished in 0.03 seconds (0.03s async, 0.00s sync)

Result: 0/1 passed
Failed: 1 test


MUTANT 34/114 protocol/liquid.schema.json:$defs/LiquidView/properties/quantity/maximum
generation exit 0

TS exit 1
✖ liquid wire boundaries match independent literal errors and valid controls (4.873958ms)
ℹ tests 1
ℹ suites 0
ℹ pass 0
ℹ fail 1
ℹ cancelled 0
ℹ skipped 0
ℹ todo 0
ℹ duration_ms 89.509

✖ failing tests:

test at kernel/ts/test/liquid_contracts.test.ts:10:1
✖ liquid wire boundaries match independent literal errors and valid controls (4.873958ms)
  AssertionError [ERR_ASSERTION]: liquid_view-quantity-above-maximum
  + actual - expected
  
  + []
  - [
  -   {
  -     code: 'above_maximum',
  -     path: '/quantity'
  -   }
  - ]
  
      at TestContext.<anonymous> (file://[workspace]/kernel/ts/test/liquid_contracts.test.ts:15:12)
      at Test.runInAsyncScope (node:async_hooks:227:14)
      at Test.run (node:internal/test_runner/test:1402:25)
      at Test.start (node:internal/test_runner/test:1262:17)
      at startSubtestAfterBootstrap (node:internal/test_runner/harness:387:17) {
    generatedMessage: false,
    code: 'ERR_ASSERTION',
    actual: [],
    expected: [ { path: '/quantity', code: 'above_maximum' } ],
    operator: 'deepStrictEqual',
    diff: 'simple'
  }

Elixir exit 2
Compiling 53 files (.ex)
Generated loka app
Running ExUnit with seed: 558813, max_cases: 16



  1) test liquid wire boundaries match literal errors and valid controls (Loka.Core.LiquidContractsTest)
     test/loka/core/liquid_contracts_test.exs:7
     liquid_view-quantity-above-maximum
     code: for c <- @fixture["cases"] do
     stacktrace:
       test/loka/core/liquid_contracts_test.exs:17: anonymous fn/2 in Loka.Core.LiquidContractsTest."test liquid wire boundaries match literal errors and valid controls"/1
       (elixir 1.20.4) lib/enum.ex:2622: Enum."-reduce/3-lists^foldl/2-0-"/3
       test/loka/core/liquid_contracts_test.exs:8: (test)


Finished in 0.03 seconds (0.03s async, 0.00s sync)

Result: 0/1 passed
Failed: 1 test


MUTANT 35/114 protocol/liquid.schema.json:$defs/LiquidView/properties/capacity/type
generation exit 1
** (ArgumentError) protocol/ outside the schema subset:
liquid.schema.json#/$defs/LiquidView/properties/capacity: needs one supported type, or exactly one of $ref, enum, const, oneOf, anyOf
    lib/loka/core/contracts/schema.ex:59: Loka.Core.Contracts.Schema.flatten!/1
    lib/loka/core/contracts.ex:36: (module)


MUTANT 36/114 protocol/liquid.schema.json:$defs/LiquidView/properties/capacity/minimum
generation exit 0

TS exit 1
✖ liquid wire boundaries match independent literal errors and valid controls (5.388333ms)
ℹ tests 1
ℹ suites 0
ℹ pass 0
ℹ fail 1
ℹ cancelled 0
ℹ skipped 0
ℹ todo 0
ℹ duration_ms 95.23725

✖ failing tests:

test at kernel/ts/test/liquid_contracts.test.ts:10:1
✖ liquid wire boundaries match independent literal errors and valid controls (5.388333ms)
  AssertionError [ERR_ASSERTION]: liquid_view-capacity-below-minimum
  + actual - expected
  
  + []
  - [
  -   {
  -     code: 'below_minimum',
  -     path: '/capacity'
  -   }
  - ]
  
      at TestContext.<anonymous> (file://[workspace]/kernel/ts/test/liquid_contracts.test.ts:15:12)
      at Test.runInAsyncScope (node:async_hooks:227:14)
      at Test.run (node:internal/test_runner/test:1402:25)
      at Test.start (node:internal/test_runner/test:1262:17)
      at startSubtestAfterBootstrap (node:internal/test_runner/harness:387:17) {
    generatedMessage: false,
    code: 'ERR_ASSERTION',
    actual: [],
    expected: [ { path: '/capacity', code: 'below_minimum' } ],
    operator: 'deepStrictEqual',
    diff: 'simple'
  }

Elixir exit 2
Compiling 53 files (.ex)
Generated loka app
Running ExUnit with seed: 264052, max_cases: 16



  1) test liquid wire boundaries match literal errors and valid controls (Loka.Core.LiquidContractsTest)
     test/loka/core/liquid_contracts_test.exs:7
     liquid_view-capacity-below-minimum
     code: for c <- @fixture["cases"] do
     stacktrace:
       test/loka/core/liquid_contracts_test.exs:17: anonymous fn/2 in Loka.Core.LiquidContractsTest."test liquid wire boundaries match literal errors and valid controls"/1
       (elixir 1.20.4) lib/enum.ex:2622: Enum."-reduce/3-lists^foldl/2-0-"/3
       test/loka/core/liquid_contracts_test.exs:8: (test)


Finished in 0.03 seconds (0.03s async, 0.00s sync)

Result: 0/1 passed
Failed: 1 test


MUTANT 37/114 protocol/liquid.schema.json:$defs/LiquidView/properties/capacity/maximum
generation exit 0

TS exit 1
✖ liquid wire boundaries match independent literal errors and valid controls (4.882333ms)
ℹ tests 1
ℹ suites 0
ℹ pass 0
ℹ fail 1
ℹ cancelled 0
ℹ skipped 0
ℹ todo 0
ℹ duration_ms 89.442166

✖ failing tests:

test at kernel/ts/test/liquid_contracts.test.ts:10:1
✖ liquid wire boundaries match independent literal errors and valid controls (4.882333ms)
  AssertionError [ERR_ASSERTION]: liquid_view-capacity-above-maximum
  + actual - expected
  
  + []
  - [
  -   {
  -     code: 'above_maximum',
  -     path: '/capacity'
  -   }
  - ]
  
      at TestContext.<anonymous> (file://[workspace]/kernel/ts/test/liquid_contracts.test.ts:15:12)
      at Test.runInAsyncScope (node:async_hooks:227:14)
      at Test.run (node:internal/test_runner/test:1402:25)
      at Test.start (node:internal/test_runner/test:1262:17)
      at startSubtestAfterBootstrap (node:internal/test_runner/harness:387:17) {
    generatedMessage: false,
    code: 'ERR_ASSERTION',
    actual: [],
    expected: [ { path: '/capacity', code: 'above_maximum' } ],
    operator: 'deepStrictEqual',
    diff: 'simple'
  }

Elixir exit 2
Compiling 53 files (.ex)
Generated loka app
Running ExUnit with seed: 315483, max_cases: 16



  1) test liquid wire boundaries match literal errors and valid controls (Loka.Core.LiquidContractsTest)
     test/loka/core/liquid_contracts_test.exs:7
     liquid_view-capacity-above-maximum
     code: for c <- @fixture["cases"] do
     stacktrace:
       test/loka/core/liquid_contracts_test.exs:17: anonymous fn/2 in Loka.Core.LiquidContractsTest."test liquid wire boundaries match literal errors and valid controls"/1
       (elixir 1.20.4) lib/enum.ex:2622: Enum."-reduce/3-lists^foldl/2-0-"/3
       test/loka/core/liquid_contracts_test.exs:8: (test)


Finished in 0.02 seconds (0.02s async, 0.00s sync)

Result: 0/1 passed
Failed: 1 test


MUTANT 38/114 protocol/liquid.schema.json:$defs/LiquidView/required[0]
generation exit 0

TS exit 1
✖ liquid wire boundaries match independent literal errors and valid controls (2.064125ms)
ℹ tests 1
ℹ suites 0
ℹ pass 0
ℹ fail 1
ℹ cancelled 0
ℹ skipped 0
ℹ todo 0
ℹ duration_ms 92.769375

✖ failing tests:

test at kernel/ts/test/liquid_contracts.test.ts:10:1
✖ liquid wire boundaries match independent literal errors and valid controls (2.064125ms)
  AssertionError [ERR_ASSERTION]: liquid_view-missing-kind
  + actual - expected
  
  + []
  - [
  -   {
  -     code: 'missing_property',
  -     path: '/kind'
  -   }
  - ]
  
      at TestContext.<anonymous> (file://[workspace]/kernel/ts/test/liquid_contracts.test.ts:15:12)
      at Test.runInAsyncScope (node:async_hooks:227:14)
      at Test.run (node:internal/test_runner/test:1402:25)
      at Test.start (node:internal/test_runner/test:1262:17)
      at startSubtestAfterBootstrap (node:internal/test_runner/harness:387:17) {
    generatedMessage: false,
    code: 'ERR_ASSERTION',
    actual: [],
    expected: [ { path: '/kind', code: 'missing_property' } ],
    operator: 'deepStrictEqual',
    diff: 'simple'
  }

Elixir exit 2
Compiling 53 files (.ex)
Generated loka app
Running ExUnit with seed: 377585, max_cases: 16



  1) test liquid wire boundaries match literal errors and valid controls (Loka.Core.LiquidContractsTest)
     test/loka/core/liquid_contracts_test.exs:7
     liquid_view-missing-kind
     code: for c <- @fixture["cases"] do
     stacktrace:
       test/loka/core/liquid_contracts_test.exs:17: anonymous fn/2 in Loka.Core.LiquidContractsTest."test liquid wire boundaries match literal errors and valid controls"/1
       (elixir 1.20.4) lib/enum.ex:2622: Enum."-reduce/3-lists^foldl/2-0-"/3
       test/loka/core/liquid_contracts_test.exs:8: (test)


Finished in 0.02 seconds (0.02s async, 0.00s sync)

Result: 0/1 passed
Failed: 1 test


MUTANT 39/114 protocol/liquid.schema.json:$defs/LiquidView/required[1]
generation exit 0

TS exit 1
✖ liquid wire boundaries match independent literal errors and valid controls (2.245584ms)
ℹ tests 1
ℹ suites 0
ℹ pass 0
ℹ fail 1
ℹ cancelled 0
ℹ skipped 0
ℹ todo 0
ℹ duration_ms 94.004542

✖ failing tests:

test at kernel/ts/test/liquid_contracts.test.ts:10:1
✖ liquid wire boundaries match independent literal errors and valid controls (2.245584ms)
  AssertionError [ERR_ASSERTION]: liquid_view-missing-quantity
  + actual - expected
  
  + []
  - [
  -   {
  -     code: 'missing_property',
  -     path: '/quantity'
  -   }
  - ]
  
      at TestContext.<anonymous> (file://[workspace]/kernel/ts/test/liquid_contracts.test.ts:15:12)
      at Test.runInAsyncScope (node:async_hooks:227:14)
      at Test.run (node:internal/test_runner/test:1402:25)
      at Test.start (node:internal/test_runner/test:1262:17)
      at startSubtestAfterBootstrap (node:internal/test_runner/harness:387:17) {
    generatedMessage: false,
    code: 'ERR_ASSERTION',
    actual: [],
    expected: [ { path: '/quantity', code: 'missing_property' } ],
    operator: 'deepStrictEqual',
    diff: 'simple'
  }

Elixir exit 2
Compiling 53 files (.ex)
Generated loka app
Running ExUnit with seed: 573659, max_cases: 16



  1) test liquid wire boundaries match literal errors and valid controls (Loka.Core.LiquidContractsTest)
     test/loka/core/liquid_contracts_test.exs:7
     liquid_view-missing-quantity
     code: for c <- @fixture["cases"] do
     stacktrace:
       test/loka/core/liquid_contracts_test.exs:17: anonymous fn/2 in Loka.Core.LiquidContractsTest."test liquid wire boundaries match literal errors and valid controls"/1
       (elixir 1.20.4) lib/enum.ex:2622: Enum."-reduce/3-lists^foldl/2-0-"/3
       test/loka/core/liquid_contracts_test.exs:8: (test)


Finished in 0.03 seconds (0.03s async, 0.00s sync)

Result: 0/1 passed
Failed: 1 test


MUTANT 40/114 protocol/liquid.schema.json:$defs/LiquidView/required[2]
generation exit 0

TS exit 1
✖ liquid wire boundaries match independent literal errors and valid controls (2.313958ms)
ℹ tests 1
ℹ suites 0
ℹ pass 0
ℹ fail 1
ℹ cancelled 0
ℹ skipped 0
ℹ todo 0
ℹ duration_ms 89.538209

✖ failing tests:

test at kernel/ts/test/liquid_contracts.test.ts:10:1
✖ liquid wire boundaries match independent literal errors and valid controls (2.313958ms)
  AssertionError [ERR_ASSERTION]: liquid_view-missing-capacity
  + actual - expected
  
  + []
  - [
  -   {
  -     code: 'missing_property',
  -     path: '/capacity'
  -   }
  - ]
  
      at TestContext.<anonymous> (file://[workspace]/kernel/ts/test/liquid_contracts.test.ts:15:12)
      at Test.runInAsyncScope (node:async_hooks:227:14)
      at Test.run (node:internal/test_runner/test:1402:25)
      at Test.start (node:internal/test_runner/test:1262:17)
      at startSubtestAfterBootstrap (node:internal/test_runner/harness:387:17) {
    generatedMessage: false,
    code: 'ERR_ASSERTION',
    actual: [],
    expected: [ { path: '/capacity', code: 'missing_property' } ],
    operator: 'deepStrictEqual',
    diff: 'simple'
  }

Elixir exit 2
Compiling 53 files (.ex)
Generated loka app
Running ExUnit with seed: 698760, max_cases: 16



  1) test liquid wire boundaries match literal errors and valid controls (Loka.Core.LiquidContractsTest)
     test/loka/core/liquid_contracts_test.exs:7
     liquid_view-missing-capacity
     code: for c <- @fixture["cases"] do
     stacktrace:
       test/loka/core/liquid_contracts_test.exs:17: anonymous fn/2 in Loka.Core.LiquidContractsTest."test liquid wire boundaries match literal errors and valid controls"/1
       (elixir 1.20.4) lib/enum.ex:2622: Enum."-reduce/3-lists^foldl/2-0-"/3
       test/loka/core/liquid_contracts_test.exs:8: (test)


Finished in 0.02 seconds (0.02s async, 0.00s sync)

Result: 0/1 passed
Failed: 1 test


MUTANT 41/114 protocol/liquid.schema.json:$defs/LiquidView/required[3]
generation exit 0

TS exit 1
✖ liquid wire boundaries match independent literal errors and valid controls (2.1225ms)
ℹ tests 1
ℹ suites 0
ℹ pass 0
ℹ fail 1
ℹ cancelled 0
ℹ skipped 0
ℹ todo 0
ℹ duration_ms 90.368333

✖ failing tests:

test at kernel/ts/test/liquid_contracts.test.ts:10:1
✖ liquid wire boundaries match independent literal errors and valid controls (2.1225ms)
  AssertionError [ERR_ASSERTION]: liquid_view-missing-unit_label
  + actual - expected
  
  + []
  - [
  -   {
  -     code: 'missing_property',
  -     path: '/unit_label'
  -   }
  - ]
  
      at TestContext.<anonymous> (file://[workspace]/kernel/ts/test/liquid_contracts.test.ts:15:12)
      at Test.runInAsyncScope (node:async_hooks:227:14)
      at Test.run (node:internal/test_runner/test:1402:25)
      at Test.start (node:internal/test_runner/test:1262:17)
      at startSubtestAfterBootstrap (node:internal/test_runner/harness:387:17) {
    generatedMessage: false,
    code: 'ERR_ASSERTION',
    actual: [],
    expected: [ { path: '/unit_label', code: 'missing_property' } ],
    operator: 'deepStrictEqual',
    diff: 'simple'
  }

Elixir exit 2
Compiling 53 files (.ex)
Generated loka app
Running ExUnit with seed: 713421, max_cases: 16



  1) test liquid wire boundaries match literal errors and valid controls (Loka.Core.LiquidContractsTest)
     test/loka/core/liquid_contracts_test.exs:7
     liquid_view-missing-unit_label
     code: for c <- @fixture["cases"] do
     stacktrace:
       test/loka/core/liquid_contracts_test.exs:17: anonymous fn/2 in Loka.Core.LiquidContractsTest."test liquid wire boundaries match literal errors and valid controls"/1
       (elixir 1.20.4) lib/enum.ex:2622: Enum."-reduce/3-lists^foldl/2-0-"/3
       test/loka/core/liquid_contracts_test.exs:8: (test)


Finished in 0.02 seconds (0.02s async, 0.00s sync)

Result: 0/1 passed
Failed: 1 test


MUTANT 42/114 protocol/liquid.schema.json:$defs/LiquidView/required[4]
generation exit 0

TS exit 1
✖ liquid wire boundaries match independent literal errors and valid controls (2.14625ms)
ℹ tests 1
ℹ suites 0
ℹ pass 0
ℹ fail 1
ℹ cancelled 0
ℹ skipped 0
ℹ todo 0
ℹ duration_ms 88.690916

✖ failing tests:

test at kernel/ts/test/liquid_contracts.test.ts:10:1
✖ liquid wire boundaries match independent literal errors and valid controls (2.14625ms)
  AssertionError [ERR_ASSERTION]: liquid_view-missing-label
  + actual - expected
  
  + []
  - [
  -   {
  -     code: 'missing_property',
  -     path: '/label'
  -   }
  - ]
  
      at TestContext.<anonymous> (file://[workspace]/kernel/ts/test/liquid_contracts.test.ts:15:12)
      at Test.runInAsyncScope (node:async_hooks:227:14)
      at Test.run (node:internal/test_runner/test:1402:25)
      at Test.start (node:internal/test_runner/test:1262:17)
      at startSubtestAfterBootstrap (node:internal/test_runner/harness:387:17) {
    generatedMessage: false,
    code: 'ERR_ASSERTION',
    actual: [],
    expected: [ { path: '/label', code: 'missing_property' } ],
    operator: 'deepStrictEqual',
    diff: 'simple'
  }

Elixir exit 2
Compiling 53 files (.ex)
Generated loka app
Running ExUnit with seed: 762591, max_cases: 16



  1) test liquid wire boundaries match literal errors and valid controls (Loka.Core.LiquidContractsTest)
     test/loka/core/liquid_contracts_test.exs:7
     liquid_view-missing-label
     code: for c <- @fixture["cases"] do
     stacktrace:
       test/loka/core/liquid_contracts_test.exs:17: anonymous fn/2 in Loka.Core.LiquidContractsTest."test liquid wire boundaries match literal errors and valid controls"/1
       (elixir 1.20.4) lib/enum.ex:2622: Enum."-reduce/3-lists^foldl/2-0-"/3
       test/loka/core/liquid_contracts_test.exs:8: (test)


Finished in 0.03 seconds (0.03s async, 0.00s sync)

Result: 0/1 passed
Failed: 1 test


MUTANT 43/114 protocol/liquid.schema.json:$defs/LiquidView/additionalProperties
generation exit 1
** (ArgumentError) protocol/ outside the schema subset:
liquid.schema.json#/$defs/LiquidView/type: invalid
    lib/loka/core/contracts/schema.ex:59: Loka.Core.Contracts.Schema.flatten!/1
    lib/loka/core/contracts.ex:36: (module)


MUTANT 44/114 protocol/command.schema.json:$defs/CommandPayload/oneOf/32/type
generation exit 1
** (ArgumentError) protocol/ outside the schema subset:
command.schema.json#/$defs/CommandPayload/oneOf: every branch needs the same one required const property
command.schema.json#/$defs/CommandPayload/oneOf/32: needs one supported type, or exactly one of $ref, enum, const, oneOf, anyOf
    lib/loka/core/contracts/schema.ex:59: Loka.Core.Contracts.Schema.flatten!/1
    lib/loka/core/contracts.ex:36: (module)


MUTANT 45/114 protocol/command.schema.json:$defs/CommandPayload/oneOf/32/properties/type
generation exit 1
** (ArgumentError) protocol/ outside the schema subset:
command.schema.json#/$defs/CommandPayload/oneOf: every branch needs the same one required const property
command.schema.json#/$defs/CommandPayload/oneOf/32/properties: required "type" not declared
    lib/loka/core/contracts/schema.ex:59: Loka.Core.Contracts.Schema.flatten!/1
    lib/loka/core/contracts.ex:36: (module)


MUTANT 46/114 protocol/command.schema.json:$defs/CommandPayload/oneOf/32/properties/type/const
generation exit 1
** (ArgumentError) protocol/ outside the schema subset:
command.schema.json#/$defs/CommandPayload/oneOf: every branch needs the same one required const property
command.schema.json#/$defs/CommandPayload/oneOf/32/properties/type: needs one supported type, or exactly one of $ref, enum, const, oneOf, anyOf
    lib/loka/core/contracts/schema.ex:59: Loka.Core.Contracts.Schema.flatten!/1
    lib/loka/core/contracts.ex:36: (module)


MUTANT 47/114 protocol/command.schema.json:$defs/CommandPayload/oneOf/32/required[0]
generation exit 1
** (ArgumentError) protocol/ outside the schema subset:
command.schema.json#/$defs/CommandPayload/oneOf: every branch needs the same one required const property
    lib/loka/core/contracts/schema.ex:59: Loka.Core.Contracts.Schema.flatten!/1
    lib/loka/core/contracts.ex:36: (module)


MUTANT 48/114 protocol/command.schema.json:$defs/CommandPayload/oneOf/32/required[1]
generation exit 0

TS exit 1
✖ liquid wire boundaries match independent literal errors and valid controls (2.370875ms)
ℹ tests 1
ℹ suites 0
ℹ pass 0
ℹ fail 1
ℹ cancelled 0
ℹ skipped 0
ℹ todo 0
ℹ duration_ms 88.71325

✖ failing tests:

test at kernel/ts/test/liquid_contracts.test.ts:10:1
✖ liquid wire boundaries match independent literal errors and valid controls (2.370875ms)
  AssertionError [ERR_ASSERTION]: fill-missing-actor_id
  + actual - expected
  
  + []
  - [
  -   {
  -     code: 'missing_property',
  -     path: '/actor_id'
  -   }
  - ]
  
      at TestContext.<anonymous> (file://[workspace]/kernel/ts/test/liquid_contracts.test.ts:15:12)
      at Test.runInAsyncScope (node:async_hooks:227:14)
      at Test.run (node:internal/test_runner/test:1402:25)
      at Test.start (node:internal/test_runner/test:1262:17)
      at startSubtestAfterBootstrap (node:internal/test_runner/harness:387:17) {
    generatedMessage: false,
    code: 'ERR_ASSERTION',
    actual: [],
    expected: [ { path: '/actor_id', code: 'missing_property' } ],
    operator: 'deepStrictEqual',
    diff: 'simple'
  }

Elixir exit 2
Compiling 53 files (.ex)
Generated loka app
Running ExUnit with seed: 276479, max_cases: 16



  1) test liquid wire boundaries match literal errors and valid controls (Loka.Core.LiquidContractsTest)
     test/loka/core/liquid_contracts_test.exs:7
     fill-missing-actor_id
     code: for c <- @fixture["cases"] do
     stacktrace:
       test/loka/core/liquid_contracts_test.exs:17: anonymous fn/2 in Loka.Core.LiquidContractsTest."test liquid wire boundaries match literal errors and valid controls"/1
       (elixir 1.20.4) lib/enum.ex:2622: Enum."-reduce/3-lists^foldl/2-0-"/3
       test/loka/core/liquid_contracts_test.exs:8: (test)


Finished in 0.03 seconds (0.03s async, 0.00s sync)

Result: 0/1 passed
Failed: 1 test


MUTANT 49/114 protocol/command.schema.json:$defs/CommandPayload/oneOf/32/required[2]
generation exit 0

TS exit 1
✖ liquid wire boundaries match independent literal errors and valid controls (2.382708ms)
ℹ tests 1
ℹ suites 0
ℹ pass 0
ℹ fail 1
ℹ cancelled 0
ℹ skipped 0
ℹ todo 0
ℹ duration_ms 90.312625

✖ failing tests:

test at kernel/ts/test/liquid_contracts.test.ts:10:1
✖ liquid wire boundaries match independent literal errors and valid controls (2.382708ms)
  AssertionError [ERR_ASSERTION]: fill-missing-source_id
  + actual - expected
  
  + []
  - [
  -   {
  -     code: 'missing_property',
  -     path: '/source_id'
  -   }
  - ]
  
      at TestContext.<anonymous> (file://[workspace]/kernel/ts/test/liquid_contracts.test.ts:15:12)
      at Test.runInAsyncScope (node:async_hooks:227:14)
      at Test.run (node:internal/test_runner/test:1402:25)
      at Test.start (node:internal/test_runner/test:1262:17)
      at startSubtestAfterBootstrap (node:internal/test_runner/harness:387:17) {
    generatedMessage: false,
    code: 'ERR_ASSERTION',
    actual: [],
    expected: [ { path: '/source_id', code: 'missing_property' } ],
    operator: 'deepStrictEqual',
    diff: 'simple'
  }

Elixir exit 2
Compiling 53 files (.ex)
Generated loka app
Running ExUnit with seed: 326530, max_cases: 16



  1) test liquid wire boundaries match literal errors and valid controls (Loka.Core.LiquidContractsTest)
     test/loka/core/liquid_contracts_test.exs:7
     fill-missing-source_id
     code: for c <- @fixture["cases"] do
     stacktrace:
       test/loka/core/liquid_contracts_test.exs:17: anonymous fn/2 in Loka.Core.LiquidContractsTest."test liquid wire boundaries match literal errors and valid controls"/1
       (elixir 1.20.4) lib/enum.ex:2622: Enum."-reduce/3-lists^foldl/2-0-"/3
       test/loka/core/liquid_contracts_test.exs:8: (test)


Finished in 0.02 seconds (0.02s async, 0.00s sync)

Result: 0/1 passed
Failed: 1 test


MUTANT 50/114 protocol/command.schema.json:$defs/CommandPayload/oneOf/32/required[3]
generation exit 0

TS exit 1
✖ liquid wire boundaries match independent literal errors and valid controls (2.950167ms)
ℹ tests 1
ℹ suites 0
ℹ pass 0
ℹ fail 1
ℹ cancelled 0
ℹ skipped 0
ℹ todo 0
ℹ duration_ms 98.704916

✖ failing tests:

test at kernel/ts/test/liquid_contracts.test.ts:10:1
✖ liquid wire boundaries match independent literal errors and valid controls (2.950167ms)
  AssertionError [ERR_ASSERTION]: fill-missing-vessel_id
  + actual - expected
  
  + []
  - [
  -   {
  -     code: 'missing_property',
  -     path: '/vessel_id'
  -   }
  - ]
  
      at TestContext.<anonymous> (file://[workspace]/kernel/ts/test/liquid_contracts.test.ts:15:12)
      at Test.runInAsyncScope (node:async_hooks:227:14)
      at Test.run (node:internal/test_runner/test:1402:25)
      at Test.start (node:internal/test_runner/test:1262:17)
      at startSubtestAfterBootstrap (node:internal/test_runner/harness:387:17) {
    generatedMessage: false,
    code: 'ERR_ASSERTION',
    actual: [],
    expected: [ { path: '/vessel_id', code: 'missing_property' } ],
    operator: 'deepStrictEqual',
    diff: 'simple'
  }

Elixir exit 2
Compiling 53 files (.ex)
Generated loka app
Running ExUnit with seed: 681590, max_cases: 16



  1) test liquid wire boundaries match literal errors and valid controls (Loka.Core.LiquidContractsTest)
     test/loka/core/liquid_contracts_test.exs:7
     fill-missing-vessel_id
     code: for c <- @fixture["cases"] do
     stacktrace:
       test/loka/core/liquid_contracts_test.exs:17: anonymous fn/2 in Loka.Core.LiquidContractsTest."test liquid wire boundaries match literal errors and valid controls"/1
       (elixir 1.20.4) lib/enum.ex:2622: Enum."-reduce/3-lists^foldl/2-0-"/3
       test/loka/core/liquid_contracts_test.exs:8: (test)


Finished in 0.02 seconds (0.02s async, 0.00s sync)

Result: 0/1 passed
Failed: 1 test


MUTANT 51/114 protocol/command.schema.json:$defs/CommandPayload/oneOf/32/additionalProperties
generation exit 1
** (ArgumentError) protocol/ outside the schema subset:
command.schema.json#/$defs/CommandPayload/oneOf/32/type: invalid
    lib/loka/core/contracts/schema.ex:59: Loka.Core.Contracts.Schema.flatten!/1
    lib/loka/core/contracts.ex:36: (module)


MUTANT 52/114 protocol/command.schema.json:$defs/CommandPayload/oneOf/33/type
generation exit 1
** (ArgumentError) protocol/ outside the schema subset:
command.schema.json#/$defs/CommandPayload/oneOf: every branch needs the same one required const property
command.schema.json#/$defs/CommandPayload/oneOf/33: needs one supported type, or exactly one of $ref, enum, const, oneOf, anyOf
    lib/loka/core/contracts/schema.ex:59: Loka.Core.Contracts.Schema.flatten!/1
    lib/loka/core/contracts.ex:36: (module)


MUTANT 53/114 protocol/command.schema.json:$defs/CommandPayload/oneOf/33/properties/type
generation exit 1
** (ArgumentError) protocol/ outside the schema subset:
command.schema.json#/$defs/CommandPayload/oneOf: every branch needs the same one required const property
command.schema.json#/$defs/CommandPayload/oneOf/33/properties: required "type" not declared
    lib/loka/core/contracts/schema.ex:59: Loka.Core.Contracts.Schema.flatten!/1
    lib/loka/core/contracts.ex:36: (module)


MUTANT 54/114 protocol/command.schema.json:$defs/CommandPayload/oneOf/33/properties/type/const
generation exit 1
** (ArgumentError) protocol/ outside the schema subset:
command.schema.json#/$defs/CommandPayload/oneOf: every branch needs the same one required const property
command.schema.json#/$defs/CommandPayload/oneOf/33/properties/type: needs one supported type, or exactly one of $ref, enum, const, oneOf, anyOf
    lib/loka/core/contracts/schema.ex:59: Loka.Core.Contracts.Schema.flatten!/1
    lib/loka/core/contracts.ex:36: (module)


MUTANT 55/114 protocol/command.schema.json:$defs/CommandPayload/oneOf/33/required[0]
generation exit 1
** (ArgumentError) protocol/ outside the schema subset:
command.schema.json#/$defs/CommandPayload/oneOf: every branch needs the same one required const property
    lib/loka/core/contracts/schema.ex:59: Loka.Core.Contracts.Schema.flatten!/1
    lib/loka/core/contracts.ex:36: (module)


MUTANT 56/114 protocol/command.schema.json:$defs/CommandPayload/oneOf/33/required[1]
generation exit 0

TS exit 1
✖ liquid wire boundaries match independent literal errors and valid controls (2.601334ms)
ℹ tests 1
ℹ suites 0
ℹ pass 0
ℹ fail 1
ℹ cancelled 0
ℹ skipped 0
ℹ todo 0
ℹ duration_ms 87.453459

✖ failing tests:

test at kernel/ts/test/liquid_contracts.test.ts:10:1
✖ liquid wire boundaries match independent literal errors and valid controls (2.601334ms)
  AssertionError [ERR_ASSERTION]: pour-missing-actor_id
  + actual - expected
  
  + []
  - [
  -   {
  -     code: 'missing_property',
  -     path: '/actor_id'
  -   }
  - ]
  
      at TestContext.<anonymous> (file://[workspace]/kernel/ts/test/liquid_contracts.test.ts:15:12)
      at Test.runInAsyncScope (node:async_hooks:227:14)
      at Test.run (node:internal/test_runner/test:1402:25)
      at Test.start (node:internal/test_runner/test:1262:17)
      at startSubtestAfterBootstrap (node:internal/test_runner/harness:387:17) {
    generatedMessage: false,
    code: 'ERR_ASSERTION',
    actual: [],
    expected: [ { path: '/actor_id', code: 'missing_property' } ],
    operator: 'deepStrictEqual',
    diff: 'simple'
  }

Elixir exit 2
Compiling 53 files (.ex)
Generated loka app
Running ExUnit with seed: 85721, max_cases: 16



  1) test liquid wire boundaries match literal errors and valid controls (Loka.Core.LiquidContractsTest)
     test/loka/core/liquid_contracts_test.exs:7
     pour-missing-actor_id
     code: for c <- @fixture["cases"] do
     stacktrace:
       test/loka/core/liquid_contracts_test.exs:17: anonymous fn/2 in Loka.Core.LiquidContractsTest."test liquid wire boundaries match literal errors and valid controls"/1
       (elixir 1.20.4) lib/enum.ex:2622: Enum."-reduce/3-lists^foldl/2-0-"/3
       test/loka/core/liquid_contracts_test.exs:8: (test)


Finished in 0.02 seconds (0.02s async, 0.00s sync)

Result: 0/1 passed
Failed: 1 test


MUTANT 57/114 protocol/command.schema.json:$defs/CommandPayload/oneOf/33/required[2]
generation exit 0

TS exit 1
✖ liquid wire boundaries match independent literal errors and valid controls (2.623792ms)
ℹ tests 1
ℹ suites 0
ℹ pass 0
ℹ fail 1
ℹ cancelled 0
ℹ skipped 0
ℹ todo 0
ℹ duration_ms 89.485209

✖ failing tests:

test at kernel/ts/test/liquid_contracts.test.ts:10:1
✖ liquid wire boundaries match independent literal errors and valid controls (2.623792ms)
  AssertionError [ERR_ASSERTION]: pour-missing-source_id
  + actual - expected
  
  + []
  - [
  -   {
  -     code: 'missing_property',
  -     path: '/source_id'
  -   }
  - ]
  
      at TestContext.<anonymous> (file://[workspace]/kernel/ts/test/liquid_contracts.test.ts:15:12)
      at Test.runInAsyncScope (node:async_hooks:227:14)
      at Test.run (node:internal/test_runner/test:1402:25)
      at Test.start (node:internal/test_runner/test:1262:17)
      at startSubtestAfterBootstrap (node:internal/test_runner/harness:387:17) {
    generatedMessage: false,
    code: 'ERR_ASSERTION',
    actual: [],
    expected: [ { path: '/source_id', code: 'missing_property' } ],
    operator: 'deepStrictEqual',
    diff: 'simple'
  }

Elixir exit 2
Compiling 53 files (.ex)
Generated loka app
Running ExUnit with seed: 112088, max_cases: 16



  1) test liquid wire boundaries match literal errors and valid controls (Loka.Core.LiquidContractsTest)
     test/loka/core/liquid_contracts_test.exs:7
     pour-missing-source_id
     code: for c <- @fixture["cases"] do
     stacktrace:
       test/loka/core/liquid_contracts_test.exs:17: anonymous fn/2 in Loka.Core.LiquidContractsTest."test liquid wire boundaries match literal errors and valid controls"/1
       (elixir 1.20.4) lib/enum.ex:2622: Enum."-reduce/3-lists^foldl/2-0-"/3
       test/loka/core/liquid_contracts_test.exs:8: (test)


Finished in 0.02 seconds (0.02s async, 0.00s sync)

Result: 0/1 passed
Failed: 1 test


MUTANT 58/114 protocol/command.schema.json:$defs/CommandPayload/oneOf/33/required[3]
generation exit 0

TS exit 1
✖ liquid wire boundaries match independent literal errors and valid controls (2.724542ms)
ℹ tests 1
ℹ suites 0
ℹ pass 0
ℹ fail 1
ℹ cancelled 0
ℹ skipped 0
ℹ todo 0
ℹ duration_ms 91.627791

✖ failing tests:

test at kernel/ts/test/liquid_contracts.test.ts:10:1
✖ liquid wire boundaries match independent literal errors and valid controls (2.724542ms)
  AssertionError [ERR_ASSERTION]: pour-missing-receiver_id
  + actual - expected
  
  + []
  - [
  -   {
  -     code: 'missing_property',
  -     path: '/receiver_id'
  -   }
  - ]
  
      at TestContext.<anonymous> (file://[workspace]/kernel/ts/test/liquid_contracts.test.ts:15:12)
      at Test.runInAsyncScope (node:async_hooks:227:14)
      at Test.run (node:internal/test_runner/test:1402:25)
      at Test.start (node:internal/test_runner/test:1262:17)
      at startSubtestAfterBootstrap (node:internal/test_runner/harness:387:17) {
    generatedMessage: false,
    code: 'ERR_ASSERTION',
    actual: [],
    expected: [ { path: '/receiver_id', code: 'missing_property' } ],
    operator: 'deepStrictEqual',
    diff: 'simple'
  }

Elixir exit 2
Compiling 53 files (.ex)
Generated loka app
Running ExUnit with seed: 377171, max_cases: 16



  1) test liquid wire boundaries match literal errors and valid controls (Loka.Core.LiquidContractsTest)
     test/loka/core/liquid_contracts_test.exs:7
     pour-missing-receiver_id
     code: for c <- @fixture["cases"] do
     stacktrace:
       test/loka/core/liquid_contracts_test.exs:17: anonymous fn/2 in Loka.Core.LiquidContractsTest."test liquid wire boundaries match literal errors and valid controls"/1
       (elixir 1.20.4) lib/enum.ex:2622: Enum."-reduce/3-lists^foldl/2-0-"/3
       test/loka/core/liquid_contracts_test.exs:8: (test)


Finished in 0.03 seconds (0.03s async, 0.00s sync)

Result: 0/1 passed
Failed: 1 test


MUTANT 59/114 protocol/command.schema.json:$defs/CommandPayload/oneOf/33/additionalProperties
generation exit 1
** (ArgumentError) protocol/ outside the schema subset:
command.schema.json#/$defs/CommandPayload/oneOf/33/type: invalid
    lib/loka/core/contracts/schema.ex:59: Loka.Core.Contracts.Schema.flatten!/1
    lib/loka/core/contracts.ex:36: (module)


MUTANT 60/114 protocol/command.schema.json:$defs/CommandPayload/oneOf/34/type
generation exit 1
** (ArgumentError) protocol/ outside the schema subset:
command.schema.json#/$defs/CommandPayload/oneOf: every branch needs the same one required const property
command.schema.json#/$defs/CommandPayload/oneOf/34: needs one supported type, or exactly one of $ref, enum, const, oneOf, anyOf
    lib/loka/core/contracts/schema.ex:59: Loka.Core.Contracts.Schema.flatten!/1
    lib/loka/core/contracts.ex:36: (module)


MUTANT 61/114 protocol/command.schema.json:$defs/CommandPayload/oneOf/34/properties/type
generation exit 1
** (ArgumentError) protocol/ outside the schema subset:
command.schema.json#/$defs/CommandPayload/oneOf: every branch needs the same one required const property
command.schema.json#/$defs/CommandPayload/oneOf/34/properties: required "type" not declared
    lib/loka/core/contracts/schema.ex:59: Loka.Core.Contracts.Schema.flatten!/1
    lib/loka/core/contracts.ex:36: (module)


MUTANT 62/114 protocol/command.schema.json:$defs/CommandPayload/oneOf/34/properties/type/const
generation exit 1
** (ArgumentError) protocol/ outside the schema subset:
command.schema.json#/$defs/CommandPayload/oneOf: every branch needs the same one required const property
command.schema.json#/$defs/CommandPayload/oneOf/34/properties/type: needs one supported type, or exactly one of $ref, enum, const, oneOf, anyOf
    lib/loka/core/contracts/schema.ex:59: Loka.Core.Contracts.Schema.flatten!/1
    lib/loka/core/contracts.ex:36: (module)


MUTANT 63/114 protocol/command.schema.json:$defs/CommandPayload/oneOf/34/required[0]
generation exit 1
** (ArgumentError) protocol/ outside the schema subset:
command.schema.json#/$defs/CommandPayload/oneOf: every branch needs the same one required const property
    lib/loka/core/contracts/schema.ex:59: Loka.Core.Contracts.Schema.flatten!/1
    lib/loka/core/contracts.ex:36: (module)


MUTANT 64/114 protocol/command.schema.json:$defs/CommandPayload/oneOf/34/required[1]
generation exit 0

TS exit 1
✖ liquid wire boundaries match independent literal errors and valid controls (2.784042ms)
ℹ tests 1
ℹ suites 0
ℹ pass 0
ℹ fail 1
ℹ cancelled 0
ℹ skipped 0
ℹ todo 0
ℹ duration_ms 88.8745

✖ failing tests:

test at kernel/ts/test/liquid_contracts.test.ts:10:1
✖ liquid wire boundaries match independent literal errors and valid controls (2.784042ms)
  AssertionError [ERR_ASSERTION]: drink-missing-actor_id
  + actual - expected
  
  + []
  - [
  -   {
  -     code: 'missing_property',
  -     path: '/actor_id'
  -   }
  - ]
  
      at TestContext.<anonymous> (file://[workspace]/kernel/ts/test/liquid_contracts.test.ts:15:12)
      at Test.runInAsyncScope (node:async_hooks:227:14)
      at Test.run (node:internal/test_runner/test:1402:25)
      at Test.start (node:internal/test_runner/test:1262:17)
      at startSubtestAfterBootstrap (node:internal/test_runner/harness:387:17) {
    generatedMessage: false,
    code: 'ERR_ASSERTION',
    actual: [],
    expected: [ { path: '/actor_id', code: 'missing_property' } ],
    operator: 'deepStrictEqual',
    diff: 'simple'
  }

Elixir exit 2
Compiling 53 files (.ex)
Generated loka app
Running ExUnit with seed: 699617, max_cases: 16



  1) test liquid wire boundaries match literal errors and valid controls (Loka.Core.LiquidContractsTest)
     test/loka/core/liquid_contracts_test.exs:7
     drink-missing-actor_id
     code: for c <- @fixture["cases"] do
     stacktrace:
       test/loka/core/liquid_contracts_test.exs:17: anonymous fn/2 in Loka.Core.LiquidContractsTest."test liquid wire boundaries match literal errors and valid controls"/1
       (elixir 1.20.4) lib/enum.ex:2622: Enum."-reduce/3-lists^foldl/2-0-"/3
       test/loka/core/liquid_contracts_test.exs:8: (test)


Finished in 0.02 seconds (0.02s async, 0.00s sync)

Result: 0/1 passed
Failed: 1 test


MUTANT 65/114 protocol/command.schema.json:$defs/CommandPayload/oneOf/34/required[2]
generation exit 0

TS exit 1
✖ liquid wire boundaries match independent literal errors and valid controls (2.8635ms)
ℹ tests 1
ℹ suites 0
ℹ pass 0
ℹ fail 1
ℹ cancelled 0
ℹ skipped 0
ℹ todo 0
ℹ duration_ms 93.66525

✖ failing tests:

test at kernel/ts/test/liquid_contracts.test.ts:10:1
✖ liquid wire boundaries match independent literal errors and valid controls (2.8635ms)
  AssertionError [ERR_ASSERTION]: drink-missing-vessel_id
  + actual - expected
  
  + []
  - [
  -   {
  -     code: 'missing_property',
  -     path: '/vessel_id'
  -   }
  - ]
  
      at TestContext.<anonymous> (file://[workspace]/kernel/ts/test/liquid_contracts.test.ts:15:12)
      at Test.runInAsyncScope (node:async_hooks:227:14)
      at Test.run (node:internal/test_runner/test:1402:25)
      at Test.start (node:internal/test_runner/test:1262:17)
      at startSubtestAfterBootstrap (node:internal/test_runner/harness:387:17) {
    generatedMessage: false,
    code: 'ERR_ASSERTION',
    actual: [],
    expected: [ { path: '/vessel_id', code: 'missing_property' } ],
    operator: 'deepStrictEqual',
    diff: 'simple'
  }

Elixir exit 2
Compiling 53 files (.ex)
Generated loka app
Running ExUnit with seed: 78528, max_cases: 16



  1) test liquid wire boundaries match literal errors and valid controls (Loka.Core.LiquidContractsTest)
     test/loka/core/liquid_contracts_test.exs:7
     drink-missing-vessel_id
     code: for c <- @fixture["cases"] do
     stacktrace:
       test/loka/core/liquid_contracts_test.exs:17: anonymous fn/2 in Loka.Core.LiquidContractsTest."test liquid wire boundaries match literal errors and valid controls"/1
       (elixir 1.20.4) lib/enum.ex:2622: Enum."-reduce/3-lists^foldl/2-0-"/3
       test/loka/core/liquid_contracts_test.exs:8: (test)


Finished in 0.03 seconds (0.03s async, 0.00s sync)

Result: 0/1 passed
Failed: 1 test


MUTANT 66/114 protocol/command.schema.json:$defs/CommandPayload/oneOf/34/additionalProperties
generation exit 1
** (ArgumentError) protocol/ outside the schema subset:
command.schema.json#/$defs/CommandPayload/oneOf/34/type: invalid
    lib/loka/core/contracts/schema.ex:59: Loka.Core.Contracts.Schema.flatten!/1
    lib/loka/core/contracts.ex:36: (module)


MUTANT 67/114 protocol/event.schema.json:$defs/EventPayload/oneOf/17/type
generation exit 1
** (ArgumentError) protocol/ outside the schema subset:
event.schema.json#/$defs/EventPayload/oneOf: every branch needs the same one required const property
event.schema.json#/$defs/EventPayload/oneOf/17: needs one supported type, or exactly one of $ref, enum, const, oneOf, anyOf
    lib/loka/core/contracts/schema.ex:59: Loka.Core.Contracts.Schema.flatten!/1
    lib/loka/core/contracts.ex:36: (module)


MUTANT 68/114 protocol/event.schema.json:$defs/EventPayload/oneOf/17/properties/type
generation exit 1
** (ArgumentError) protocol/ outside the schema subset:
event.schema.json#/$defs/EventPayload/oneOf: every branch needs the same one required const property
event.schema.json#/$defs/EventPayload/oneOf/17/properties: required "type" not declared
    lib/loka/core/contracts/schema.ex:59: Loka.Core.Contracts.Schema.flatten!/1
    lib/loka/core/contracts.ex:36: (module)


MUTANT 69/114 protocol/event.schema.json:$defs/EventPayload/oneOf/17/properties/type/const
generation exit 1
** (ArgumentError) protocol/ outside the schema subset:
event.schema.json#/$defs/EventPayload/oneOf: every branch needs the same one required const property
event.schema.json#/$defs/EventPayload/oneOf/17/properties/type: needs one supported type, or exactly one of $ref, enum, const, oneOf, anyOf
    lib/loka/core/contracts/schema.ex:59: Loka.Core.Contracts.Schema.flatten!/1
    lib/loka/core/contracts.ex:36: (module)


MUTANT 70/114 protocol/event.schema.json:$defs/EventPayload/oneOf/17/properties/quantity/type
generation exit 1
** (ArgumentError) protocol/ outside the schema subset:
event.schema.json#/$defs/EventPayload/oneOf/17/properties/quantity: needs one supported type, or exactly one of $ref, enum, const, oneOf, anyOf
    lib/loka/core/contracts/schema.ex:59: Loka.Core.Contracts.Schema.flatten!/1
    lib/loka/core/contracts.ex:36: (module)


MUTANT 71/114 protocol/event.schema.json:$defs/EventPayload/oneOf/17/properties/quantity/minimum
generation exit 0

TS exit 1
✖ liquid wire boundaries match independent literal errors and valid controls (5.357834ms)
ℹ tests 1
ℹ suites 0
ℹ pass 0
ℹ fail 1
ℹ cancelled 0
ℹ skipped 0
ℹ todo 0
ℹ duration_ms 92.942667

✖ failing tests:

test at kernel/ts/test/liquid_contracts.test.ts:10:1
✖ liquid wire boundaries match independent literal errors and valid controls (5.357834ms)
  AssertionError [ERR_ASSERTION]: filled-quantity-below-minimum
  + actual - expected
  
  + []
  - [
  -   {
  -     code: 'below_minimum',
  -     path: '/quantity'
  -   }
  - ]
  
      at TestContext.<anonymous> (file://[workspace]/kernel/ts/test/liquid_contracts.test.ts:15:12)
      at Test.runInAsyncScope (node:async_hooks:227:14)
      at Test.run (node:internal/test_runner/test:1402:25)
      at Test.start (node:internal/test_runner/test:1262:17)
      at startSubtestAfterBootstrap (node:internal/test_runner/harness:387:17) {
    generatedMessage: false,
    code: 'ERR_ASSERTION',
    actual: [],
    expected: [ { path: '/quantity', code: 'below_minimum' } ],
    operator: 'deepStrictEqual',
    diff: 'simple'
  }

Elixir exit 2
Compiling 53 files (.ex)
Generated loka app
Running ExUnit with seed: 724580, max_cases: 16



  1) test liquid wire boundaries match literal errors and valid controls (Loka.Core.LiquidContractsTest)
     test/loka/core/liquid_contracts_test.exs:7
     filled-quantity-below-minimum
     code: for c <- @fixture["cases"] do
     stacktrace:
       test/loka/core/liquid_contracts_test.exs:17: anonymous fn/2 in Loka.Core.LiquidContractsTest."test liquid wire boundaries match literal errors and valid controls"/1
       (elixir 1.20.4) lib/enum.ex:2622: Enum."-reduce/3-lists^foldl/2-0-"/3
       test/loka/core/liquid_contracts_test.exs:8: (test)


Finished in 0.02 seconds (0.02s async, 0.00s sync)

Result: 0/1 passed
Failed: 1 test


MUTANT 72/114 protocol/event.schema.json:$defs/EventPayload/oneOf/17/properties/quantity/maximum
generation exit 0

TS exit 1
✖ liquid wire boundaries match independent literal errors and valid controls (5.468333ms)
ℹ tests 1
ℹ suites 0
ℹ pass 0
ℹ fail 1
ℹ cancelled 0
ℹ skipped 0
ℹ todo 0
ℹ duration_ms 91.627625

✖ failing tests:

test at kernel/ts/test/liquid_contracts.test.ts:10:1
✖ liquid wire boundaries match independent literal errors and valid controls (5.468333ms)
  AssertionError [ERR_ASSERTION]: filled-quantity-above-maximum
  + actual - expected
  
  + []
  - [
  -   {
  -     code: 'above_maximum',
  -     path: '/quantity'
  -   }
  - ]
  
      at TestContext.<anonymous> (file://[workspace]/kernel/ts/test/liquid_contracts.test.ts:15:12)
      at Test.runInAsyncScope (node:async_hooks:227:14)
      at Test.run (node:internal/test_runner/test:1402:25)
      at Test.start (node:internal/test_runner/test:1262:17)
      at startSubtestAfterBootstrap (node:internal/test_runner/harness:387:17) {
    generatedMessage: false,
    code: 'ERR_ASSERTION',
    actual: [],
    expected: [ { path: '/quantity', code: 'above_maximum' } ],
    operator: 'deepStrictEqual',
    diff: 'simple'
  }

Elixir exit 2
Compiling 53 files (.ex)
Generated loka app
Running ExUnit with seed: 877349, max_cases: 16



  1) test liquid wire boundaries match literal errors and valid controls (Loka.Core.LiquidContractsTest)
     test/loka/core/liquid_contracts_test.exs:7
     filled-quantity-above-maximum
     code: for c <- @fixture["cases"] do
     stacktrace:
       test/loka/core/liquid_contracts_test.exs:17: anonymous fn/2 in Loka.Core.LiquidContractsTest."test liquid wire boundaries match literal errors and valid controls"/1
       (elixir 1.20.4) lib/enum.ex:2622: Enum."-reduce/3-lists^foldl/2-0-"/3
       test/loka/core/liquid_contracts_test.exs:8: (test)


Finished in 0.03 seconds (0.03s async, 0.00s sync)

Result: 0/1 passed
Failed: 1 test


MUTANT 73/114 protocol/event.schema.json:$defs/EventPayload/oneOf/17/required[0]
generation exit 1
** (ArgumentError) protocol/ outside the schema subset:
event.schema.json#/$defs/EventPayload/oneOf: every branch needs the same one required const property
    lib/loka/core/contracts/schema.ex:59: Loka.Core.Contracts.Schema.flatten!/1
    lib/loka/core/contracts.ex:36: (module)


MUTANT 74/114 protocol/event.schema.json:$defs/EventPayload/oneOf/17/required[1]
generation exit 0

TS exit 1
✖ liquid wire boundaries match independent literal errors and valid controls (3.984083ms)
ℹ tests 1
ℹ suites 0
ℹ pass 0
ℹ fail 1
ℹ cancelled 0
ℹ skipped 0
ℹ todo 0
ℹ duration_ms 97.419583

✖ failing tests:

test at kernel/ts/test/liquid_contracts.test.ts:10:1
✖ liquid wire boundaries match independent literal errors and valid controls (3.984083ms)
  AssertionError [ERR_ASSERTION]: filled-missing-source_id
  + actual - expected
  
  + []
  - [
  -   {
  -     code: 'missing_property',
  -     path: '/source_id'
  -   }
  - ]
  
      at TestContext.<anonymous> (file://[workspace]/kernel/ts/test/liquid_contracts.test.ts:15:12)
      at Test.runInAsyncScope (node:async_hooks:227:14)
      at Test.run (node:internal/test_runner/test:1402:25)
      at Test.start (node:internal/test_runner/test:1262:17)
      at startSubtestAfterBootstrap (node:internal/test_runner/harness:387:17) {
    generatedMessage: false,
    code: 'ERR_ASSERTION',
    actual: [],
    expected: [ { path: '/source_id', code: 'missing_property' } ],
    operator: 'deepStrictEqual',
    diff: 'simple'
  }

Elixir exit 2
Compiling 53 files (.ex)
Generated loka app
Running ExUnit with seed: 887097, max_cases: 16



  1) test liquid wire boundaries match literal errors and valid controls (Loka.Core.LiquidContractsTest)
     test/loka/core/liquid_contracts_test.exs:7
     filled-missing-source_id
     code: for c <- @fixture["cases"] do
     stacktrace:
       test/loka/core/liquid_contracts_test.exs:17: anonymous fn/2 in Loka.Core.LiquidContractsTest."test liquid wire boundaries match literal errors and valid controls"/1
       (elixir 1.20.4) lib/enum.ex:2622: Enum."-reduce/3-lists^foldl/2-0-"/3
       test/loka/core/liquid_contracts_test.exs:8: (test)


Finished in 0.04 seconds (0.04s async, 0.00s sync)

Result: 0/1 passed
Failed: 1 test


MUTANT 75/114 protocol/event.schema.json:$defs/EventPayload/oneOf/17/required[2]
generation exit 0

TS exit 1
✖ liquid wire boundaries match independent literal errors and valid controls (2.998417ms)
ℹ tests 1
ℹ suites 0
ℹ pass 0
ℹ fail 1
ℹ cancelled 0
ℹ skipped 0
ℹ todo 0
ℹ duration_ms 88.764167

✖ failing tests:

test at kernel/ts/test/liquid_contracts.test.ts:10:1
✖ liquid wire boundaries match independent literal errors and valid controls (2.998417ms)
  AssertionError [ERR_ASSERTION]: filled-missing-vessel_id
  + actual - expected
  
  + []
  - [
  -   {
  -     code: 'missing_property',
  -     path: '/vessel_id'
  -   }
  - ]
  
      at TestContext.<anonymous> (file://[workspace]/kernel/ts/test/liquid_contracts.test.ts:15:12)
      at Test.runInAsyncScope (node:async_hooks:227:14)
      at Test.run (node:internal/test_runner/test:1402:25)
      at Test.start (node:internal/test_runner/test:1262:17)
      at startSubtestAfterBootstrap (node:internal/test_runner/harness:387:17) {
    generatedMessage: false,
    code: 'ERR_ASSERTION',
    actual: [],
    expected: [ { path: '/vessel_id', code: 'missing_property' } ],
    operator: 'deepStrictEqual',
    diff: 'simple'
  }

Elixir exit 2
Compiling 53 files (.ex)
Generated loka app
Running ExUnit with seed: 41969, max_cases: 16



  1) test liquid wire boundaries match literal errors and valid controls (Loka.Core.LiquidContractsTest)
     test/loka/core/liquid_contracts_test.exs:7
     filled-missing-vessel_id
     code: for c <- @fixture["cases"] do
     stacktrace:
       test/loka/core/liquid_contracts_test.exs:17: anonymous fn/2 in Loka.Core.LiquidContractsTest."test liquid wire boundaries match literal errors and valid controls"/1
       (elixir 1.20.4) lib/enum.ex:2622: Enum."-reduce/3-lists^foldl/2-0-"/3
       test/loka/core/liquid_contracts_test.exs:8: (test)


Finished in 0.03 seconds (0.03s async, 0.00s sync)

Result: 0/1 passed
Failed: 1 test


MUTANT 76/114 protocol/event.schema.json:$defs/EventPayload/oneOf/17/required[3]
generation exit 0

TS exit 1
✖ liquid wire boundaries match independent literal errors and valid controls (3.084292ms)
ℹ tests 1
ℹ suites 0
ℹ pass 0
ℹ fail 1
ℹ cancelled 0
ℹ skipped 0
ℹ todo 0
ℹ duration_ms 90.150833

✖ failing tests:

test at kernel/ts/test/liquid_contracts.test.ts:10:1
✖ liquid wire boundaries match independent literal errors and valid controls (3.084292ms)
  AssertionError [ERR_ASSERTION]: filled-missing-kind
  + actual - expected
  
  + []
  - [
  -   {
  -     code: 'missing_property',
  -     path: '/kind'
  -   }
  - ]
  
      at TestContext.<anonymous> (file://[workspace]/kernel/ts/test/liquid_contracts.test.ts:15:12)
      at Test.runInAsyncScope (node:async_hooks:227:14)
      at Test.run (node:internal/test_runner/test:1402:25)
      at Test.start (node:internal/test_runner/test:1262:17)
      at startSubtestAfterBootstrap (node:internal/test_runner/harness:387:17) {
    generatedMessage: false,
    code: 'ERR_ASSERTION',
    actual: [],
    expected: [ { path: '/kind', code: 'missing_property' } ],
    operator: 'deepStrictEqual',
    diff: 'simple'
  }

Elixir exit 2
Compiling 53 files (.ex)
Generated loka app
Running ExUnit with seed: 134070, max_cases: 16



  1) test liquid wire boundaries match literal errors and valid controls (Loka.Core.LiquidContractsTest)
     test/loka/core/liquid_contracts_test.exs:7
     filled-missing-kind
     code: for c <- @fixture["cases"] do
     stacktrace:
       test/loka/core/liquid_contracts_test.exs:17: anonymous fn/2 in Loka.Core.LiquidContractsTest."test liquid wire boundaries match literal errors and valid controls"/1
       (elixir 1.20.4) lib/enum.ex:2622: Enum."-reduce/3-lists^foldl/2-0-"/3
       test/loka/core/liquid_contracts_test.exs:8: (test)


Finished in 0.03 seconds (0.03s async, 0.00s sync)

Result: 0/1 passed
Failed: 1 test


MUTANT 77/114 protocol/event.schema.json:$defs/EventPayload/oneOf/17/required[4]
generation exit 0

TS exit 1
✖ liquid wire boundaries match independent literal errors and valid controls (3.095584ms)
ℹ tests 1
ℹ suites 0
ℹ pass 0
ℹ fail 1
ℹ cancelled 0
ℹ skipped 0
ℹ todo 0
ℹ duration_ms 94.340166

✖ failing tests:

test at kernel/ts/test/liquid_contracts.test.ts:10:1
✖ liquid wire boundaries match independent literal errors and valid controls (3.095584ms)
  AssertionError [ERR_ASSERTION]: filled-missing-quantity
  + actual - expected
  
  + []
  - [
  -   {
  -     code: 'missing_property',
  -     path: '/quantity'
  -   }
  - ]
  
      at TestContext.<anonymous> (file://[workspace]/kernel/ts/test/liquid_contracts.test.ts:15:12)
      at Test.runInAsyncScope (node:async_hooks:227:14)
      at Test.run (node:internal/test_runner/test:1402:25)
      at Test.start (node:internal/test_runner/test:1262:17)
      at startSubtestAfterBootstrap (node:internal/test_runner/harness:387:17) {
    generatedMessage: false,
    code: 'ERR_ASSERTION',
    actual: [],
    expected: [ { path: '/quantity', code: 'missing_property' } ],
    operator: 'deepStrictEqual',
    diff: 'simple'
  }

Elixir exit 2
Compiling 53 files (.ex)
Generated loka app
Running ExUnit with seed: 680666, max_cases: 16



  1) test liquid wire boundaries match literal errors and valid controls (Loka.Core.LiquidContractsTest)
     test/loka/core/liquid_contracts_test.exs:7
     filled-missing-quantity
     code: for c <- @fixture["cases"] do
     stacktrace:
       test/loka/core/liquid_contracts_test.exs:17: anonymous fn/2 in Loka.Core.LiquidContractsTest."test liquid wire boundaries match literal errors and valid controls"/1
       (elixir 1.20.4) lib/enum.ex:2622: Enum."-reduce/3-lists^foldl/2-0-"/3
       test/loka/core/liquid_contracts_test.exs:8: (test)


Finished in 0.03 seconds (0.03s async, 0.00s sync)

Result: 0/1 passed
Failed: 1 test


MUTANT 78/114 protocol/event.schema.json:$defs/EventPayload/oneOf/17/additionalProperties
generation exit 1
** (ArgumentError) protocol/ outside the schema subset:
event.schema.json#/$defs/EventPayload/oneOf/17/type: invalid
    lib/loka/core/contracts/schema.ex:59: Loka.Core.Contracts.Schema.flatten!/1
    lib/loka/core/contracts.ex:36: (module)


MUTANT 79/114 protocol/event.schema.json:$defs/EventPayload/oneOf/18/type
generation exit 1
** (ArgumentError) protocol/ outside the schema subset:
event.schema.json#/$defs/EventPayload/oneOf: every branch needs the same one required const property
event.schema.json#/$defs/EventPayload/oneOf/18: needs one supported type, or exactly one of $ref, enum, const, oneOf, anyOf
    lib/loka/core/contracts/schema.ex:59: Loka.Core.Contracts.Schema.flatten!/1
    lib/loka/core/contracts.ex:36: (module)


MUTANT 80/114 protocol/event.schema.json:$defs/EventPayload/oneOf/18/properties/type
generation exit 1
** (ArgumentError) protocol/ outside the schema subset:
event.schema.json#/$defs/EventPayload/oneOf: every branch needs the same one required const property
event.schema.json#/$defs/EventPayload/oneOf/18/properties: required "type" not declared
    lib/loka/core/contracts/schema.ex:59: Loka.Core.Contracts.Schema.flatten!/1
    lib/loka/core/contracts.ex:36: (module)


MUTANT 81/114 protocol/event.schema.json:$defs/EventPayload/oneOf/18/properties/type/const
generation exit 1
** (ArgumentError) protocol/ outside the schema subset:
event.schema.json#/$defs/EventPayload/oneOf: every branch needs the same one required const property
event.schema.json#/$defs/EventPayload/oneOf/18/properties/type: needs one supported type, or exactly one of $ref, enum, const, oneOf, anyOf
    lib/loka/core/contracts/schema.ex:59: Loka.Core.Contracts.Schema.flatten!/1
    lib/loka/core/contracts.ex:36: (module)


MUTANT 82/114 protocol/event.schema.json:$defs/EventPayload/oneOf/18/properties/quantity/type
generation exit 1
** (ArgumentError) protocol/ outside the schema subset:
event.schema.json#/$defs/EventPayload/oneOf/18/properties/quantity: needs one supported type, or exactly one of $ref, enum, const, oneOf, anyOf
    lib/loka/core/contracts/schema.ex:59: Loka.Core.Contracts.Schema.flatten!/1
    lib/loka/core/contracts.ex:36: (module)


MUTANT 83/114 protocol/event.schema.json:$defs/EventPayload/oneOf/18/properties/quantity/minimum
generation exit 0

TS exit 1
✖ liquid wire boundaries match independent literal errors and valid controls (5.263083ms)
ℹ tests 1
ℹ suites 0
ℹ pass 0
ℹ fail 1
ℹ cancelled 0
ℹ skipped 0
ℹ todo 0
ℹ duration_ms 88.433792

✖ failing tests:

test at kernel/ts/test/liquid_contracts.test.ts:10:1
✖ liquid wire boundaries match independent literal errors and valid controls (5.263083ms)
  AssertionError [ERR_ASSERTION]: poured-quantity-below-minimum
  + actual - expected
  
  + []
  - [
  -   {
  -     code: 'below_minimum',
  -     path: '/quantity'
  -   }
  - ]
  
      at TestContext.<anonymous> (file://[workspace]/kernel/ts/test/liquid_contracts.test.ts:15:12)
      at Test.runInAsyncScope (node:async_hooks:227:14)
      at Test.run (node:internal/test_runner/test:1402:25)
      at Test.start (node:internal/test_runner/test:1262:17)
      at startSubtestAfterBootstrap (node:internal/test_runner/harness:387:17) {
    generatedMessage: false,
    code: 'ERR_ASSERTION',
    actual: [],
    expected: [ { path: '/quantity', code: 'below_minimum' } ],
    operator: 'deepStrictEqual',
    diff: 'simple'
  }

Elixir exit 2
Compiling 53 files (.ex)
Generated loka app
Running ExUnit with seed: 109358, max_cases: 16



  1) test liquid wire boundaries match literal errors and valid controls (Loka.Core.LiquidContractsTest)
     test/loka/core/liquid_contracts_test.exs:7
     poured-quantity-below-minimum
     code: for c <- @fixture["cases"] do
     stacktrace:
       test/loka/core/liquid_contracts_test.exs:17: anonymous fn/2 in Loka.Core.LiquidContractsTest."test liquid wire boundaries match literal errors and valid controls"/1
       (elixir 1.20.4) lib/enum.ex:2622: Enum."-reduce/3-lists^foldl/2-0-"/3
       test/loka/core/liquid_contracts_test.exs:8: (test)


Finished in 0.02 seconds (0.02s async, 0.00s sync)

Result: 0/1 passed
Failed: 1 test


MUTANT 84/114 protocol/event.schema.json:$defs/EventPayload/oneOf/18/properties/quantity/maximum
generation exit 0

TS exit 1
✖ liquid wire boundaries match independent literal errors and valid controls (5.163ms)
ℹ tests 1
ℹ suites 0
ℹ pass 0
ℹ fail 1
ℹ cancelled 0
ℹ skipped 0
ℹ todo 0
ℹ duration_ms 87.775291

✖ failing tests:

test at kernel/ts/test/liquid_contracts.test.ts:10:1
✖ liquid wire boundaries match independent literal errors and valid controls (5.163ms)
  AssertionError [ERR_ASSERTION]: poured-quantity-above-maximum
  + actual - expected
  
  + []
  - [
  -   {
  -     code: 'above_maximum',
  -     path: '/quantity'
  -   }
  - ]
  
      at TestContext.<anonymous> (file://[workspace]/kernel/ts/test/liquid_contracts.test.ts:15:12)
      at Test.runInAsyncScope (node:async_hooks:227:14)
      at Test.run (node:internal/test_runner/test:1402:25)
      at Test.start (node:internal/test_runner/test:1262:17)
      at startSubtestAfterBootstrap (node:internal/test_runner/harness:387:17) {
    generatedMessage: false,
    code: 'ERR_ASSERTION',
    actual: [],
    expected: [ { path: '/quantity', code: 'above_maximum' } ],
    operator: 'deepStrictEqual',
    diff: 'simple'
  }

Elixir exit 2
Compiling 53 files (.ex)
Generated loka app
Running ExUnit with seed: 272839, max_cases: 16



  1) test liquid wire boundaries match literal errors and valid controls (Loka.Core.LiquidContractsTest)
     test/loka/core/liquid_contracts_test.exs:7
     poured-quantity-above-maximum
     code: for c <- @fixture["cases"] do
     stacktrace:
       test/loka/core/liquid_contracts_test.exs:17: anonymous fn/2 in Loka.Core.LiquidContractsTest."test liquid wire boundaries match literal errors and valid controls"/1
       (elixir 1.20.4) lib/enum.ex:2622: Enum."-reduce/3-lists^foldl/2-0-"/3
       test/loka/core/liquid_contracts_test.exs:8: (test)


Finished in 0.03 seconds (0.03s async, 0.00s sync)

Result: 0/1 passed
Failed: 1 test


MUTANT 85/114 protocol/event.schema.json:$defs/EventPayload/oneOf/18/required[0]
generation exit 1
** (ArgumentError) protocol/ outside the schema subset:
event.schema.json#/$defs/EventPayload/oneOf: every branch needs the same one required const property
    lib/loka/core/contracts/schema.ex:59: Loka.Core.Contracts.Schema.flatten!/1
    lib/loka/core/contracts.ex:36: (module)


MUTANT 86/114 protocol/event.schema.json:$defs/EventPayload/oneOf/18/required[1]
generation exit 0

TS exit 1
✖ liquid wire boundaries match independent literal errors and valid controls (5.216792ms)
ℹ tests 1
ℹ suites 0
ℹ pass 0
ℹ fail 1
ℹ cancelled 0
ℹ skipped 0
ℹ todo 0
ℹ duration_ms 130.413542

✖ failing tests:

test at kernel/ts/test/liquid_contracts.test.ts:10:1
✖ liquid wire boundaries match independent literal errors and valid controls (5.216792ms)
  AssertionError [ERR_ASSERTION]: poured-missing-source_id
  + actual - expected
  
  + []
  - [
  -   {
  -     code: 'missing_property',
  -     path: '/source_id'
  -   }
  - ]
  
      at TestContext.<anonymous> (file://[workspace]/kernel/ts/test/liquid_contracts.test.ts:15:12)
      at Test.runInAsyncScope (node:async_hooks:227:14)
      at Test.run (node:internal/test_runner/test:1402:25)
      at Test.start (node:internal/test_runner/test:1262:17)
      at startSubtestAfterBootstrap (node:internal/test_runner/harness:387:17) {
    generatedMessage: false,
    code: 'ERR_ASSERTION',
    actual: [],
    expected: [ { path: '/source_id', code: 'missing_property' } ],
    operator: 'deepStrictEqual',
    diff: 'simple'
  }

Elixir exit 2
Compiling 53 files (.ex)
Generated loka app
Running ExUnit with seed: 864613, max_cases: 16



  1) test liquid wire boundaries match literal errors and valid controls (Loka.Core.LiquidContractsTest)
     test/loka/core/liquid_contracts_test.exs:7
     poured-missing-source_id
     code: for c <- @fixture["cases"] do
     stacktrace:
       test/loka/core/liquid_contracts_test.exs:17: anonymous fn/2 in Loka.Core.LiquidContractsTest."test liquid wire boundaries match literal errors and valid controls"/1
       (elixir 1.20.4) lib/enum.ex:2622: Enum."-reduce/3-lists^foldl/2-0-"/3
       test/loka/core/liquid_contracts_test.exs:8: (test)


Finished in 0.02 seconds (0.02s async, 0.00s sync)

Result: 0/1 passed
Failed: 1 test


MUTANT 87/114 protocol/event.schema.json:$defs/EventPayload/oneOf/18/required[2]
generation exit 0

TS exit 1
✖ liquid wire boundaries match independent literal errors and valid controls (3.585792ms)
ℹ tests 1
ℹ suites 0
ℹ pass 0
ℹ fail 1
ℹ cancelled 0
ℹ skipped 0
ℹ todo 0
ℹ duration_ms 89.922041

✖ failing tests:

test at kernel/ts/test/liquid_contracts.test.ts:10:1
✖ liquid wire boundaries match independent literal errors and valid controls (3.585792ms)
  AssertionError [ERR_ASSERTION]: poured-missing-receiver_id
  + actual - expected
  
  + []
  - [
  -   {
  -     code: 'missing_property',
  -     path: '/receiver_id'
  -   }
  - ]
  
      at TestContext.<anonymous> (file://[workspace]/kernel/ts/test/liquid_contracts.test.ts:15:12)
      at Test.runInAsyncScope (node:async_hooks:227:14)
      at Test.run (node:internal/test_runner/test:1402:25)
      at Test.start (node:internal/test_runner/test:1262:17)
      at startSubtestAfterBootstrap (node:internal/test_runner/harness:387:17) {
    generatedMessage: false,
    code: 'ERR_ASSERTION',
    actual: [],
    expected: [ { path: '/receiver_id', code: 'missing_property' } ],
    operator: 'deepStrictEqual',
    diff: 'simple'
  }

Elixir exit 2
Compiling 53 files (.ex)
Generated loka app
Running ExUnit with seed: 919416, max_cases: 16



  1) test liquid wire boundaries match literal errors and valid controls (Loka.Core.LiquidContractsTest)
     test/loka/core/liquid_contracts_test.exs:7
     poured-missing-receiver_id
     code: for c <- @fixture["cases"] do
     stacktrace:
       test/loka/core/liquid_contracts_test.exs:17: anonymous fn/2 in Loka.Core.LiquidContractsTest."test liquid wire boundaries match literal errors and valid controls"/1
       (elixir 1.20.4) lib/enum.ex:2622: Enum."-reduce/3-lists^foldl/2-0-"/3
       test/loka/core/liquid_contracts_test.exs:8: (test)


Finished in 0.02 seconds (0.02s async, 0.00s sync)

Result: 0/1 passed
Failed: 1 test


MUTANT 88/114 protocol/event.schema.json:$defs/EventPayload/oneOf/18/required[3]
generation exit 0

TS exit 1
✖ liquid wire boundaries match independent literal errors and valid controls (3.667917ms)
ℹ tests 1
ℹ suites 0
ℹ pass 0
ℹ fail 1
ℹ cancelled 0
ℹ skipped 0
ℹ todo 0
ℹ duration_ms 89.326167

✖ failing tests:

test at kernel/ts/test/liquid_contracts.test.ts:10:1
✖ liquid wire boundaries match independent literal errors and valid controls (3.667917ms)
  AssertionError [ERR_ASSERTION]: poured-missing-kind
  + actual - expected
  
  + []
  - [
  -   {
  -     code: 'missing_property',
  -     path: '/kind'
  -   }
  - ]
  
      at TestContext.<anonymous> (file://[workspace]/kernel/ts/test/liquid_contracts.test.ts:15:12)
      at Test.runInAsyncScope (node:async_hooks:227:14)
      at Test.run (node:internal/test_runner/test:1402:25)
      at Test.start (node:internal/test_runner/test:1262:17)
      at startSubtestAfterBootstrap (node:internal/test_runner/harness:387:17) {
    generatedMessage: false,
    code: 'ERR_ASSERTION',
    actual: [],
    expected: [ { path: '/kind', code: 'missing_property' } ],
    operator: 'deepStrictEqual',
    diff: 'simple'
  }

Elixir exit 2
Compiling 53 files (.ex)
Generated loka app
Running ExUnit with seed: 968690, max_cases: 16



  1) test liquid wire boundaries match literal errors and valid controls (Loka.Core.LiquidContractsTest)
     test/loka/core/liquid_contracts_test.exs:7
     poured-missing-kind
     code: for c <- @fixture["cases"] do
     stacktrace:
       test/loka/core/liquid_contracts_test.exs:17: anonymous fn/2 in Loka.Core.LiquidContractsTest."test liquid wire boundaries match literal errors and valid controls"/1
       (elixir 1.20.4) lib/enum.ex:2622: Enum."-reduce/3-lists^foldl/2-0-"/3
       test/loka/core/liquid_contracts_test.exs:8: (test)


Finished in 0.03 seconds (0.03s async, 0.00s sync)

Result: 0/1 passed
Failed: 1 test


MUTANT 89/114 protocol/event.schema.json:$defs/EventPayload/oneOf/18/required[4]
generation exit 0

TS exit 1
✖ liquid wire boundaries match independent literal errors and valid controls (4.56475ms)
ℹ tests 1
ℹ suites 0
ℹ pass 0
ℹ fail 1
ℹ cancelled 0
ℹ skipped 0
ℹ todo 0
ℹ duration_ms 91.725167

✖ failing tests:

test at kernel/ts/test/liquid_contracts.test.ts:10:1
✖ liquid wire boundaries match independent literal errors and valid controls (4.56475ms)
  AssertionError [ERR_ASSERTION]: poured-missing-quantity
  + actual - expected
  
  + []
  - [
  -   {
  -     code: 'missing_property',
  -     path: '/quantity'
  -   }
  - ]
  
      at TestContext.<anonymous> (file://[workspace]/kernel/ts/test/liquid_contracts.test.ts:15:12)
      at Test.runInAsyncScope (node:async_hooks:227:14)
      at Test.run (node:internal/test_runner/test:1402:25)
      at Test.start (node:internal/test_runner/test:1262:17)
      at startSubtestAfterBootstrap (node:internal/test_runner/harness:387:17) {
    generatedMessage: false,
    code: 'ERR_ASSERTION',
    actual: [],
    expected: [ { path: '/quantity', code: 'missing_property' } ],
    operator: 'deepStrictEqual',
    diff: 'simple'
  }

Elixir exit 2
Compiling 53 files (.ex)
Generated loka app
Running ExUnit with seed: 314861, max_cases: 16



  1) test liquid wire boundaries match literal errors and valid controls (Loka.Core.LiquidContractsTest)
     test/loka/core/liquid_contracts_test.exs:7
     poured-missing-quantity
     code: for c <- @fixture["cases"] do
     stacktrace:
       test/loka/core/liquid_contracts_test.exs:17: anonymous fn/2 in Loka.Core.LiquidContractsTest."test liquid wire boundaries match literal errors and valid controls"/1
       (elixir 1.20.4) lib/enum.ex:2622: Enum."-reduce/3-lists^foldl/2-0-"/3
       test/loka/core/liquid_contracts_test.exs:8: (test)


Finished in 0.03 seconds (0.03s async, 0.00s sync)

Result: 0/1 passed
Failed: 1 test


MUTANT 90/114 protocol/event.schema.json:$defs/EventPayload/oneOf/18/additionalProperties
generation exit 1
** (ArgumentError) protocol/ outside the schema subset:
event.schema.json#/$defs/EventPayload/oneOf/18/type: invalid
    lib/loka/core/contracts/schema.ex:59: Loka.Core.Contracts.Schema.flatten!/1
    lib/loka/core/contracts.ex:36: (module)


MUTANT 91/114 protocol/event.schema.json:$defs/EventPayload/oneOf/19/type
generation exit 1
** (ArgumentError) protocol/ outside the schema subset:
event.schema.json#/$defs/EventPayload/oneOf: every branch needs the same one required const property
event.schema.json#/$defs/EventPayload/oneOf/19: needs one supported type, or exactly one of $ref, enum, const, oneOf, anyOf
    lib/loka/core/contracts/schema.ex:59: Loka.Core.Contracts.Schema.flatten!/1
    lib/loka/core/contracts.ex:36: (module)


MUTANT 92/114 protocol/event.schema.json:$defs/EventPayload/oneOf/19/properties/type
generation exit 1
** (ArgumentError) protocol/ outside the schema subset:
event.schema.json#/$defs/EventPayload/oneOf: every branch needs the same one required const property
event.schema.json#/$defs/EventPayload/oneOf/19/properties: required "type" not declared
    lib/loka/core/contracts/schema.ex:59: Loka.Core.Contracts.Schema.flatten!/1
    lib/loka/core/contracts.ex:36: (module)


MUTANT 93/114 protocol/event.schema.json:$defs/EventPayload/oneOf/19/properties/type/const
generation exit 1
** (ArgumentError) protocol/ outside the schema subset:
event.schema.json#/$defs/EventPayload/oneOf: every branch needs the same one required const property
event.schema.json#/$defs/EventPayload/oneOf/19/properties/type: needs one supported type, or exactly one of $ref, enum, const, oneOf, anyOf
    lib/loka/core/contracts/schema.ex:59: Loka.Core.Contracts.Schema.flatten!/1
    lib/loka/core/contracts.ex:36: (module)


MUTANT 94/114 protocol/event.schema.json:$defs/EventPayload/oneOf/19/properties/quantity/type
generation exit 1
** (ArgumentError) protocol/ outside the schema subset:
event.schema.json#/$defs/EventPayload/oneOf/19/properties/quantity: needs one supported type, or exactly one of $ref, enum, const, oneOf, anyOf
    lib/loka/core/contracts/schema.ex:59: Loka.Core.Contracts.Schema.flatten!/1
    lib/loka/core/contracts.ex:36: (module)


MUTANT 95/114 protocol/event.schema.json:$defs/EventPayload/oneOf/19/properties/quantity/minimum
generation exit 0

TS exit 1
✖ liquid wire boundaries match independent literal errors and valid controls (5.3325ms)
ℹ tests 1
ℹ suites 0
ℹ pass 0
ℹ fail 1
ℹ cancelled 0
ℹ skipped 0
ℹ todo 0
ℹ duration_ms 89.602291

✖ failing tests:

test at kernel/ts/test/liquid_contracts.test.ts:10:1
✖ liquid wire boundaries match independent literal errors and valid controls (5.3325ms)
  AssertionError [ERR_ASSERTION]: drank-quantity-below-minimum
  + actual - expected
  
  + []
  - [
  -   {
  -     code: 'below_minimum',
  -     path: '/quantity'
  -   }
  - ]
  
      at TestContext.<anonymous> (file://[workspace]/kernel/ts/test/liquid_contracts.test.ts:15:12)
      at Test.runInAsyncScope (node:async_hooks:227:14)
      at Test.run (node:internal/test_runner/test:1402:25)
      at Test.start (node:internal/test_runner/test:1262:17)
      at startSubtestAfterBootstrap (node:internal/test_runner/harness:387:17) {
    generatedMessage: false,
    code: 'ERR_ASSERTION',
    actual: [],
    expected: [ { path: '/quantity', code: 'below_minimum' } ],
    operator: 'deepStrictEqual',
    diff: 'simple'
  }

Elixir exit 2
Compiling 53 files (.ex)
Generated loka app
Running ExUnit with seed: 670033, max_cases: 16



  1) test liquid wire boundaries match literal errors and valid controls (Loka.Core.LiquidContractsTest)
     test/loka/core/liquid_contracts_test.exs:7
     drank-quantity-below-minimum
     code: for c <- @fixture["cases"] do
     stacktrace:
       test/loka/core/liquid_contracts_test.exs:17: anonymous fn/2 in Loka.Core.LiquidContractsTest."test liquid wire boundaries match literal errors and valid controls"/1
       (elixir 1.20.4) lib/enum.ex:2622: Enum."-reduce/3-lists^foldl/2-0-"/3
       test/loka/core/liquid_contracts_test.exs:8: (test)


Finished in 0.02 seconds (0.02s async, 0.00s sync)

Result: 0/1 passed
Failed: 1 test


MUTANT 96/114 protocol/event.schema.json:$defs/EventPayload/oneOf/19/properties/quantity/maximum
generation exit 0

TS exit 1
✖ liquid wire boundaries match independent literal errors and valid controls (5.993833ms)
ℹ tests 1
ℹ suites 0
ℹ pass 0
ℹ fail 1
ℹ cancelled 0
ℹ skipped 0
ℹ todo 0
ℹ duration_ms 96.277042

✖ failing tests:

test at kernel/ts/test/liquid_contracts.test.ts:10:1
✖ liquid wire boundaries match independent literal errors and valid controls (5.993833ms)
  AssertionError [ERR_ASSERTION]: drank-quantity-above-maximum
  + actual - expected
  
  + []
  - [
  -   {
  -     code: 'above_maximum',
  -     path: '/quantity'
  -   }
  - ]
  
      at TestContext.<anonymous> (file://[workspace]/kernel/ts/test/liquid_contracts.test.ts:15:12)
      at Test.runInAsyncScope (node:async_hooks:227:14)
      at Test.run (node:internal/test_runner/test:1402:25)
      at Test.start (node:internal/test_runner/test:1262:17)
      at startSubtestAfterBootstrap (node:internal/test_runner/harness:387:17) {
    generatedMessage: false,
    code: 'ERR_ASSERTION',
    actual: [],
    expected: [ { path: '/quantity', code: 'above_maximum' } ],
    operator: 'deepStrictEqual',
    diff: 'simple'
  }

Elixir exit 2
Compiling 53 files (.ex)
Generated loka app
Running ExUnit with seed: 996999, max_cases: 16



  1) test liquid wire boundaries match literal errors and valid controls (Loka.Core.LiquidContractsTest)
     test/loka/core/liquid_contracts_test.exs:7
     drank-quantity-above-maximum
     code: for c <- @fixture["cases"] do
     stacktrace:
       test/loka/core/liquid_contracts_test.exs:17: anonymous fn/2 in Loka.Core.LiquidContractsTest."test liquid wire boundaries match literal errors and valid controls"/1
       (elixir 1.20.4) lib/enum.ex:2622: Enum."-reduce/3-lists^foldl/2-0-"/3
       test/loka/core/liquid_contracts_test.exs:8: (test)


Finished in 0.03 seconds (0.03s async, 0.00s sync)

Result: 0/1 passed
Failed: 1 test


MUTANT 97/114 protocol/event.schema.json:$defs/EventPayload/oneOf/19/required[0]
generation exit 1
** (ArgumentError) protocol/ outside the schema subset:
event.schema.json#/$defs/EventPayload/oneOf: every branch needs the same one required const property
    lib/loka/core/contracts/schema.ex:59: Loka.Core.Contracts.Schema.flatten!/1
    lib/loka/core/contracts.ex:36: (module)


MUTANT 98/114 protocol/event.schema.json:$defs/EventPayload/oneOf/19/required[1]
generation exit 0

TS exit 1
✖ liquid wire boundaries match independent literal errors and valid controls (4.041292ms)
ℹ tests 1
ℹ suites 0
ℹ pass 0
ℹ fail 1
ℹ cancelled 0
ℹ skipped 0
ℹ todo 0
ℹ duration_ms 96.978959

✖ failing tests:

test at kernel/ts/test/liquid_contracts.test.ts:10:1
✖ liquid wire boundaries match independent literal errors and valid controls (4.041292ms)
  AssertionError [ERR_ASSERTION]: drank-missing-vessel_id
  + actual - expected
  
  + []
  - [
  -   {
  -     code: 'missing_property',
  -     path: '/vessel_id'
  -   }
  - ]
  
      at TestContext.<anonymous> (file://[workspace]/kernel/ts/test/liquid_contracts.test.ts:15:12)
      at Test.runInAsyncScope (node:async_hooks:227:14)
      at Test.run (node:internal/test_runner/test:1402:25)
      at Test.start (node:internal/test_runner/test:1262:17)
      at startSubtestAfterBootstrap (node:internal/test_runner/harness:387:17) {
    generatedMessage: false,
    code: 'ERR_ASSERTION',
    actual: [],
    expected: [ { path: '/vessel_id', code: 'missing_property' } ],
    operator: 'deepStrictEqual',
    diff: 'simple'
  }

Elixir exit 2
Compiling 53 files (.ex)
Generated loka app
Running ExUnit with seed: 676049, max_cases: 16



  1) test liquid wire boundaries match literal errors and valid controls (Loka.Core.LiquidContractsTest)
     test/loka/core/liquid_contracts_test.exs:7
     drank-missing-vessel_id
     code: for c <- @fixture["cases"] do
     stacktrace:
       test/loka/core/liquid_contracts_test.exs:17: anonymous fn/2 in Loka.Core.LiquidContractsTest."test liquid wire boundaries match literal errors and valid controls"/1
       (elixir 1.20.4) lib/enum.ex:2622: Enum."-reduce/3-lists^foldl/2-0-"/3
       test/loka/core/liquid_contracts_test.exs:8: (test)


Finished in 0.02 seconds (0.02s async, 0.00s sync)

Result: 0/1 passed
Failed: 1 test


MUTANT 99/114 protocol/event.schema.json:$defs/EventPayload/oneOf/19/required[2]
generation exit 0

TS exit 1
✖ liquid wire boundaries match independent literal errors and valid controls (3.734708ms)
ℹ tests 1
ℹ suites 0
ℹ pass 0
ℹ fail 1
ℹ cancelled 0
ℹ skipped 0
ℹ todo 0
ℹ duration_ms 89.985958

✖ failing tests:

test at kernel/ts/test/liquid_contracts.test.ts:10:1
✖ liquid wire boundaries match independent literal errors and valid controls (3.734708ms)
  AssertionError [ERR_ASSERTION]: drank-missing-kind
  + actual - expected
  
  + []
  - [
  -   {
  -     code: 'missing_property',
  -     path: '/kind'
  -   }
  - ]
  
      at TestContext.<anonymous> (file://[workspace]/kernel/ts/test/liquid_contracts.test.ts:15:12)
      at Test.runInAsyncScope (node:async_hooks:227:14)
      at Test.run (node:internal/test_runner/test:1402:25)
      at Test.start (node:internal/test_runner/test:1262:17)
      at startSubtestAfterBootstrap (node:internal/test_runner/harness:387:17) {
    generatedMessage: false,
    code: 'ERR_ASSERTION',
    actual: [],
    expected: [ { path: '/kind', code: 'missing_property' } ],
    operator: 'deepStrictEqual',
    diff: 'simple'
  }

Elixir exit 2
Compiling 53 files (.ex)
Generated loka app
Running ExUnit with seed: 730049, max_cases: 16



  1) test liquid wire boundaries match literal errors and valid controls (Loka.Core.LiquidContractsTest)
     test/loka/core/liquid_contracts_test.exs:7
     drank-missing-kind
     code: for c <- @fixture["cases"] do
     stacktrace:
       test/loka/core/liquid_contracts_test.exs:17: anonymous fn/2 in Loka.Core.LiquidContractsTest."test liquid wire boundaries match literal errors and valid controls"/1
       (elixir 1.20.4) lib/enum.ex:2622: Enum."-reduce/3-lists^foldl/2-0-"/3
       test/loka/core/liquid_contracts_test.exs:8: (test)


Finished in 0.03 seconds (0.03s async, 0.00s sync)

Result: 0/1 passed
Failed: 1 test


MUTANT 100/114 protocol/event.schema.json:$defs/EventPayload/oneOf/19/required[3]
generation exit 0

TS exit 1
✖ liquid wire boundaries match independent literal errors and valid controls (3.796459ms)
ℹ tests 1
ℹ suites 0
ℹ pass 0
ℹ fail 1
ℹ cancelled 0
ℹ skipped 0
ℹ todo 0
ℹ duration_ms 89.324375

✖ failing tests:

test at kernel/ts/test/liquid_contracts.test.ts:10:1
✖ liquid wire boundaries match independent literal errors and valid controls (3.796459ms)
  AssertionError [ERR_ASSERTION]: drank-missing-quantity
  + actual - expected
  
  + []
  - [
  -   {
  -     code: 'missing_property',
  -     path: '/quantity'
  -   }
  - ]
  
      at TestContext.<anonymous> (file://[workspace]/kernel/ts/test/liquid_contracts.test.ts:15:12)
      at Test.runInAsyncScope (node:async_hooks:227:14)
      at Test.run (node:internal/test_runner/test:1402:25)
      at Test.start (node:internal/test_runner/test:1262:17)
      at startSubtestAfterBootstrap (node:internal/test_runner/harness:387:17) {
    generatedMessage: false,
    code: 'ERR_ASSERTION',
    actual: [],
    expected: [ { path: '/quantity', code: 'missing_property' } ],
    operator: 'deepStrictEqual',
    diff: 'simple'
  }

Elixir exit 2
Compiling 53 files (.ex)
Generated loka app
Running ExUnit with seed: 907011, max_cases: 16



  1) test liquid wire boundaries match literal errors and valid controls (Loka.Core.LiquidContractsTest)
     test/loka/core/liquid_contracts_test.exs:7
     drank-missing-quantity
     code: for c <- @fixture["cases"] do
     stacktrace:
       test/loka/core/liquid_contracts_test.exs:17: anonymous fn/2 in Loka.Core.LiquidContractsTest."test liquid wire boundaries match literal errors and valid controls"/1
       (elixir 1.20.4) lib/enum.ex:2622: Enum."-reduce/3-lists^foldl/2-0-"/3
       test/loka/core/liquid_contracts_test.exs:8: (test)


Finished in 0.03 seconds (0.03s async, 0.00s sync)

Result: 0/1 passed
Failed: 1 test


MUTANT 101/114 protocol/event.schema.json:$defs/EventPayload/oneOf/19/additionalProperties
generation exit 1
** (ArgumentError) protocol/ outside the schema subset:
event.schema.json#/$defs/EventPayload/oneOf/19/type: invalid
    lib/loka/core/contracts/schema.ex:59: Loka.Core.Contracts.Schema.flatten!/1
    lib/loka/core/contracts.ex:36: (module)


MUTANT 102/114 protocol/delta.schema.json:$defs/DeltaOp/oneOf/20/type
generation exit 1
** (ArgumentError) protocol/ outside the schema subset:
delta.schema.json#/$defs/DeltaOp/oneOf: every branch needs the same one required const property
delta.schema.json#/$defs/DeltaOp/oneOf/20: needs one supported type, or exactly one of $ref, enum, const, oneOf, anyOf
    lib/loka/core/contracts/schema.ex:59: Loka.Core.Contracts.Schema.flatten!/1
    lib/loka/core/contracts.ex:36: (module)


MUTANT 103/114 protocol/delta.schema.json:$defs/DeltaOp/oneOf/20/properties/op/const
generation exit 1
** (ArgumentError) protocol/ outside the schema subset:
delta.schema.json#/$defs/DeltaOp/oneOf: every branch needs the same one required const property
delta.schema.json#/$defs/DeltaOp/oneOf/20/properties/op: needs one supported type, or exactly one of $ref, enum, const, oneOf, anyOf
    lib/loka/core/contracts/schema.ex:59: Loka.Core.Contracts.Schema.flatten!/1
    lib/loka/core/contracts.ex:36: (module)


MUTANT 104/114 protocol/delta.schema.json:$defs/DeltaOp/oneOf/20/required[0]
generation exit 1
** (ArgumentError) protocol/ outside the schema subset:
delta.schema.json#/$defs/DeltaOp/oneOf: every branch needs the same one required const property
    lib/loka/core/contracts/schema.ex:59: Loka.Core.Contracts.Schema.flatten!/1
    lib/loka/core/contracts.ex:36: (module)


MUTANT 105/114 protocol/delta.schema.json:$defs/DeltaOp/oneOf/20/required[1]
generation exit 0

TS exit 1
✖ liquid wire boundaries match independent literal errors and valid controls (6.220709ms)
ℹ tests 1
ℹ suites 0
ℹ pass 0
ℹ fail 1
ℹ cancelled 0
ℹ skipped 0
ℹ todo 0
ℹ duration_ms 100.694958

✖ failing tests:

test at kernel/ts/test/liquid_contracts.test.ts:10:1
✖ liquid wire boundaries match independent literal errors and valid controls (6.220709ms)
  AssertionError [ERR_ASSERTION]: liquid_set-missing-writer_group
  + actual - expected
  
  + []
  - [
  -   {
  -     code: 'missing_property',
  -     path: '/writer_group'
  -   }
  - ]
  
      at TestContext.<anonymous> (file://[workspace]/kernel/ts/test/liquid_contracts.test.ts:15:12)
      at Test.runInAsyncScope (node:async_hooks:227:14)
      at Test.run (node:internal/test_runner/test:1402:25)
      at Test.start (node:internal/test_runner/test:1262:17)
      at startSubtestAfterBootstrap (node:internal/test_runner/harness:387:17) {
    generatedMessage: false,
    code: 'ERR_ASSERTION',
    actual: [],
    expected: [ { path: '/writer_group', code: 'missing_property' } ],
    operator: 'deepStrictEqual',
    diff: 'simple'
  }

Elixir exit 2
Compiling 53 files (.ex)
Generated loka app
Running ExUnit with seed: 37950, max_cases: 16



  1) test liquid wire boundaries match literal errors and valid controls (Loka.Core.LiquidContractsTest)
     test/loka/core/liquid_contracts_test.exs:7
     liquid_set-missing-writer_group
     code: for c <- @fixture["cases"] do
     stacktrace:
       test/loka/core/liquid_contracts_test.exs:17: anonymous fn/2 in Loka.Core.LiquidContractsTest."test liquid wire boundaries match literal errors and valid controls"/1
       (elixir 1.20.4) lib/enum.ex:2622: Enum."-reduce/3-lists^foldl/2-0-"/3
       test/loka/core/liquid_contracts_test.exs:8: (test)


Finished in 0.03 seconds (0.03s async, 0.00s sync)

Result: 0/1 passed
Failed: 1 test


MUTANT 106/114 protocol/delta.schema.json:$defs/DeltaOp/oneOf/20/required[2]
generation exit 0

TS exit 1
✖ liquid wire boundaries match independent literal errors and valid controls (5.150167ms)
ℹ tests 1
ℹ suites 0
ℹ pass 0
ℹ fail 1
ℹ cancelled 0
ℹ skipped 0
ℹ todo 0
ℹ duration_ms 106.862333

✖ failing tests:

test at kernel/ts/test/liquid_contracts.test.ts:10:1
✖ liquid wire boundaries match independent literal errors and valid controls (5.150167ms)
  AssertionError [ERR_ASSERTION]: liquid_set-missing-item_id
  + actual - expected
  
  + []
  - [
  -   {
  -     code: 'missing_property',
  -     path: '/item_id'
  -   }
  - ]
  
      at TestContext.<anonymous> (file://[workspace]/kernel/ts/test/liquid_contracts.test.ts:15:12)
      at Test.runInAsyncScope (node:async_hooks:227:14)
      at Test.run (node:internal/test_runner/test:1402:25)
      at Test.start (node:internal/test_runner/test:1262:17)
      at startSubtestAfterBootstrap (node:internal/test_runner/harness:387:17) {
    generatedMessage: false,
    code: 'ERR_ASSERTION',
    actual: [],
    expected: [ { path: '/item_id', code: 'missing_property' } ],
    operator: 'deepStrictEqual',
    diff: 'simple'
  }

Elixir exit 2
Compiling 53 files (.ex)
Generated loka app
Running ExUnit with seed: 617265, max_cases: 16



  1) test liquid wire boundaries match literal errors and valid controls (Loka.Core.LiquidContractsTest)
     test/loka/core/liquid_contracts_test.exs:7
     liquid_set-missing-item_id
     code: for c <- @fixture["cases"] do
     stacktrace:
       test/loka/core/liquid_contracts_test.exs:17: anonymous fn/2 in Loka.Core.LiquidContractsTest."test liquid wire boundaries match literal errors and valid controls"/1
       (elixir 1.20.4) lib/enum.ex:2622: Enum."-reduce/3-lists^foldl/2-0-"/3
       test/loka/core/liquid_contracts_test.exs:8: (test)


Finished in 0.04 seconds (0.04s async, 0.00s sync)

Result: 0/1 passed
Failed: 1 test


MUTANT 107/114 protocol/delta.schema.json:$defs/DeltaOp/oneOf/20/required[3]
generation exit 0

TS exit 1
✖ liquid wire boundaries match independent literal errors and valid controls (5.5355ms)
ℹ tests 1
ℹ suites 0
ℹ pass 0
ℹ fail 1
ℹ cancelled 0
ℹ skipped 0
ℹ todo 0
ℹ duration_ms 100.513833

✖ failing tests:

test at kernel/ts/test/liquid_contracts.test.ts:10:1
✖ liquid wire boundaries match independent literal errors and valid controls (5.5355ms)
  AssertionError [ERR_ASSERTION]: liquid_set-missing-from
  + actual - expected
  
  + []
  - [
  -   {
  -     code: 'missing_property',
  -     path: '/from'
  -   }
  - ]
  
      at TestContext.<anonymous> (file://[workspace]/kernel/ts/test/liquid_contracts.test.ts:15:12)
      at Test.runInAsyncScope (node:async_hooks:227:14)
      at Test.run (node:internal/test_runner/test:1402:25)
      at Test.start (node:internal/test_runner/test:1262:17)
      at startSubtestAfterBootstrap (node:internal/test_runner/harness:387:17) {
    generatedMessage: false,
    code: 'ERR_ASSERTION',
    actual: [],
    expected: [ { path: '/from', code: 'missing_property' } ],
    operator: 'deepStrictEqual',
    diff: 'simple'
  }

Elixir exit 2
Compiling 53 files (.ex)
Generated loka app
Running ExUnit with seed: 36459, max_cases: 16



  1) test liquid wire boundaries match literal errors and valid controls (Loka.Core.LiquidContractsTest)
     test/loka/core/liquid_contracts_test.exs:7
     liquid_set-missing-from
     code: for c <- @fixture["cases"] do
     stacktrace:
       test/loka/core/liquid_contracts_test.exs:17: anonymous fn/2 in Loka.Core.LiquidContractsTest."test liquid wire boundaries match literal errors and valid controls"/1
       (elixir 1.20.4) lib/enum.ex:2622: Enum."-reduce/3-lists^foldl/2-0-"/3
       test/loka/core/liquid_contracts_test.exs:8: (test)


Finished in 0.03 seconds (0.03s async, 0.00s sync)

Result: 0/1 passed
Failed: 1 test


MUTANT 108/114 protocol/delta.schema.json:$defs/DeltaOp/oneOf/20/required[4]
generation exit 0

TS exit 1
✖ liquid wire boundaries match independent literal errors and valid controls (4.045041ms)
ℹ tests 1
ℹ suites 0
ℹ pass 0
ℹ fail 1
ℹ cancelled 0
ℹ skipped 0
ℹ todo 0
ℹ duration_ms 91.258125

✖ failing tests:

test at kernel/ts/test/liquid_contracts.test.ts:10:1
✖ liquid wire boundaries match independent literal errors and valid controls (4.045041ms)
  AssertionError [ERR_ASSERTION]: liquid_set-missing-to
  + actual - expected
  
  + []
  - [
  -   {
  -     code: 'missing_property',
  -     path: '/to'
  -   }
  - ]
  
      at TestContext.<anonymous> (file://[workspace]/kernel/ts/test/liquid_contracts.test.ts:15:12)
      at Test.runInAsyncScope (node:async_hooks:227:14)
      at Test.run (node:internal/test_runner/test:1402:25)
      at Test.start (node:internal/test_runner/test:1262:17)
      at startSubtestAfterBootstrap (node:internal/test_runner/harness:387:17) {
    generatedMessage: false,
    code: 'ERR_ASSERTION',
    actual: [],
    expected: [ { path: '/to', code: 'missing_property' } ],
    operator: 'deepStrictEqual',
    diff: 'simple'
  }

Elixir exit 2
Compiling 53 files (.ex)
Generated loka app
Running ExUnit with seed: 191395, max_cases: 16



  1) test liquid wire boundaries match literal errors and valid controls (Loka.Core.LiquidContractsTest)
     test/loka/core/liquid_contracts_test.exs:7
     liquid_set-missing-to
     code: for c <- @fixture["cases"] do
     stacktrace:
       test/loka/core/liquid_contracts_test.exs:17: anonymous fn/2 in Loka.Core.LiquidContractsTest."test liquid wire boundaries match literal errors and valid controls"/1
       (elixir 1.20.4) lib/enum.ex:2622: Enum."-reduce/3-lists^foldl/2-0-"/3
       test/loka/core/liquid_contracts_test.exs:8: (test)


Finished in 0.04 seconds (0.04s async, 0.00s sync)

Result: 0/1 passed
Failed: 1 test


MUTANT 109/114 protocol/delta.schema.json:$defs/DeltaOp/oneOf/20/additionalProperties
generation exit 1
** (ArgumentError) protocol/ outside the schema subset:
delta.schema.json#/$defs/DeltaOp/oneOf/20/type: invalid
    lib/loka/core/contracts/schema.ex:59: Loka.Core.Contracts.Schema.flatten!/1
    lib/loka/core/contracts.ex:36: (module)


MUTANT 110/114 protocol/delta.schema.json:$defs/MutationTarget/oneOf/12/type
generation exit 1
** (ArgumentError) protocol/ outside the schema subset:
delta.schema.json#/$defs/MutationTarget/oneOf: every branch needs the same one required const property
delta.schema.json#/$defs/MutationTarget/oneOf/12: needs one supported type, or exactly one of $ref, enum, const, oneOf, anyOf
    lib/loka/core/contracts/schema.ex:59: Loka.Core.Contracts.Schema.flatten!/1
    lib/loka/core/contracts.ex:36: (module)


MUTANT 111/114 protocol/delta.schema.json:$defs/MutationTarget/oneOf/12/properties/kind/const
generation exit 1
** (ArgumentError) protocol/ outside the schema subset:
delta.schema.json#/$defs/MutationTarget/oneOf: every branch needs the same one required const property
delta.schema.json#/$defs/MutationTarget/oneOf/12/properties/kind: needs one supported type, or exactly one of $ref, enum, const, oneOf, anyOf
    lib/loka/core/contracts/schema.ex:59: Loka.Core.Contracts.Schema.flatten!/1
    lib/loka/core/contracts.ex:36: (module)


MUTANT 112/114 protocol/delta.schema.json:$defs/MutationTarget/oneOf/12/required[0]
generation exit 1
** (ArgumentError) protocol/ outside the schema subset:
delta.schema.json#/$defs/MutationTarget/oneOf: every branch needs the same one required const property
    lib/loka/core/contracts/schema.ex:59: Loka.Core.Contracts.Schema.flatten!/1
    lib/loka/core/contracts.ex:36: (module)


MUTANT 113/114 protocol/delta.schema.json:$defs/MutationTarget/oneOf/12/required[1]
generation exit 0

TS exit 1
✖ liquid wire boundaries match independent literal errors and valid controls (6.814625ms)
ℹ tests 1
ℹ suites 0
ℹ pass 0
ℹ fail 1
ℹ cancelled 0
ℹ skipped 0
ℹ todo 0
ℹ duration_ms 99.807375

✖ failing tests:

test at kernel/ts/test/liquid_contracts.test.ts:10:1
✖ liquid wire boundaries match independent literal errors and valid controls (6.814625ms)
  AssertionError [ERR_ASSERTION]: liquid_target-missing-item_id
  + actual - expected
  
  + []
  - [
  -   {
  -     code: 'missing_property',
  -     path: '/item_id'
  -   }
  - ]
  
      at TestContext.<anonymous> (file://[workspace]/kernel/ts/test/liquid_contracts.test.ts:15:12)
      at Test.runInAsyncScope (node:async_hooks:227:14)
      at Test.run (node:internal/test_runner/test:1402:25)
      at Test.start (node:internal/test_runner/test:1262:17)
      at startSubtestAfterBootstrap (node:internal/test_runner/harness:387:17) {
    generatedMessage: false,
    code: 'ERR_ASSERTION',
    actual: [],
    expected: [ { path: '/item_id', code: 'missing_property' } ],
    operator: 'deepStrictEqual',
    diff: 'simple'
  }

Elixir exit 2
Compiling 53 files (.ex)
Generated loka app
Running ExUnit with seed: 30353, max_cases: 16



  1) test liquid wire boundaries match literal errors and valid controls (Loka.Core.LiquidContractsTest)
     test/loka/core/liquid_contracts_test.exs:7
     liquid_target-missing-item_id
     code: for c <- @fixture["cases"] do
     stacktrace:
       test/loka/core/liquid_contracts_test.exs:17: anonymous fn/2 in Loka.Core.LiquidContractsTest."test liquid wire boundaries match literal errors and valid controls"/1
       (elixir 1.20.4) lib/enum.ex:2622: Enum."-reduce/3-lists^foldl/2-0-"/3
       test/loka/core/liquid_contracts_test.exs:8: (test)


Finished in 0.03 seconds (0.03s async, 0.00s sync)

Result: 0/1 passed
Failed: 1 test


MUTANT 114/114 protocol/delta.schema.json:$defs/MutationTarget/oneOf/12/additionalProperties
generation exit 1
** (ArgumentError) protocol/ outside the schema subset:
delta.schema.json#/$defs/MutationTarget/oneOf/12/type: invalid
    lib/loka/core/contracts/schema.ex:59: Loka.Core.Contracts.Schema.flatten!/1
    lib/loka/core/contracts.ex:36: (module)

